cell,celltype,source
RHC3934__Bcell__#7DEA7B,Bcell,NM
RHC3944__Bcell__#7DEA7B,Bcell,NM
RHC3962__Tcell__#C6E879,Tcell,NM
RHC4003__Bcell__#7DEA7B,Bcell,NM
RHC4005__Bcell__#7DEA7B,Bcell,NM
RHC4007__Bcell__#7DEA7B,Bcell,NM
RHC4220__Bcell__#7DEA7B,Bcell,NM
RHC4227__Epithelial__#2749FE,Epithelial,NM
RHC4240__Epithelial__#2749FE,Epithelial,NM
RHC4257__Fibroblast__#FB4E09,Fibroblast,NM
RHC4266__Tcell__#C6E879,Tcell,NM
RHC4273__Epithelial__#2749FE,Epithelial,NM
RHC4274__Epithelial__#2749FE,Epithelial,NM
RHC4276__Epithelial__#2749FE,Epithelial,NM
RHC4277__Bcell__#7DEA7B,Bcell,NM
RHC4285__Epithelial__#2749FE,Epithelial,NM
RHC4286__Epithelial__#2749FE,Epithelial,NM
RHC4289__Epithelial__#2749FE,Epithelial,NM
RHC4297__Epithelial__#2749FE,Epithelial,NM
RHC4298__Epithelial__#2749FE,Epithelial,NM
RHC4300__Epithelial__#2749FE,Epithelial,NM
RHC4304__Bcell__#7DEA7B,Bcell,NM
RHC4160__Epithelial__#2749FE,Epithelial,NM
RHC4183__Bcell__#7DEA7B,Bcell,NM
RHC4026__Epithelial__#2749FE,Epithelial,NM
RHC4028__Epithelial__#2749FE,Epithelial,NM
RHC4030__Epithelial__#2749FE,Epithelial,NM
RHC4034__Epithelial__#2749FE,Epithelial,NM
RHC4046__Epithelial__#2749FE,Epithelial,NM
RHC4048__Epithelial__#2749FE,Epithelial,NM
RHC4052__MastCell__#E596C5,MastCell,NM
RHC4055__Epithelial__#2749FE,Epithelial,NM
RHC4057__Bcell__#7DEA7B,Bcell,NM
RHC4058__Epithelial__#2749FE,Epithelial,NM
RHC4059__Fibroblast__#FB4E09,Fibroblast,NM
RHC4061__MastCell__#E596C5,MastCell,NM
RHC4062__Tcell__#C6E879,Tcell,NM
RHC4066__Epithelial__#2749FE,Epithelial,NM
RHC4070__Epithelial__#2749FE,Epithelial,NM
RHC4072__Epithelial__#2749FE,Epithelial,NM
RHC4076__Epithelial__#2749FE,Epithelial,NM
RHC4085__Epithelial__#2749FE,Epithelial,NM
RHC4087__Epithelial__#2749FE,Epithelial,NM
RHC4089__Epithelial__#2749FE,Epithelial,NM
RHC4099__Epithelial__#2749FE,Epithelial,NM
RHC4100__Macrophage__#FFFF55,Macrophage,NM
RHC4104__Epithelial__#2749FE,Epithelial,NM
RHC4107__Epithelial__#2749FE,Epithelial,NM
RHC4108__Epithelial__#2749FE,Epithelial,NM
RHC4110__Epithelial__#2749FE,Epithelial,NM
RHC4111__Epithelial__#2749FE,Epithelial,NM
RHC4112__Epithelial__#2749FE,Epithelial,NM
RHC4114__Epithelial__#2749FE,Epithelial,NM
RHC4115__Fibroblast__#FB4E09,Fibroblast,NM
RHC4117__Endothelial__#908DE5,Endothelial,NM
RHC4951__Epithelial__#2749FE,Epithelial,NM
RHC4956__Epithelial__#2749FE,Epithelial,NM
RHC4961__Epithelial__#2749FE,Epithelial,NM
RHC4963__Epithelial__#2749FE,Epithelial,NM
RHC4968__Fibroblast__#FB4E09,Fibroblast,NM
RHC4970__Epithelial__#2749FE,Epithelial,NM
RHC4971__Bcell__#7DEA7B,Bcell,NM
RHC4975__Epithelial__#2749FE,Epithelial,NM
RHC4980__Epithelial__#2749FE,Epithelial,NM
RHC4981__Epithelial__#2749FE,Epithelial,NM
RHC4984__Fibroblast__#FB4E09,Fibroblast,NM
RHC4986__Bcell__#7DEA7B,Bcell,NM
RHC4990__Epithelial__#2749FE,Epithelial,NM
RHC4992__Epithelial__#2749FE,Epithelial,NM
RHC4993__Epithelial__#2749FE,Epithelial,NM
RHC4995__Fibroblast__#FB4E09,Fibroblast,NM
RHC4996__Epithelial__#2749FE,Epithelial,NM
RHC4999__Epithelial__#2749FE,Epithelial,NM
RHC5002__Fibroblast__#FB4E09,Fibroblast,NM
RHC5003__Epithelial__#2749FE,Epithelial,NM
RHC5005__Epithelial__#2749FE,Epithelial,NM
RHC5008__Epithelial__#2749FE,Epithelial,NM
RHC5010__Epithelial__#2749FE,Epithelial,NM
RHL2799__Bcell__#7DEA7B,Bcell,NM
RHL2806__Epithelial__#2749FE,Epithelial,NM
RHL2809__Epithelial__#2749FE,Epithelial,NM
RHL2816__Epithelial__#2749FE,Epithelial,NM
RHL2819__Epithelial__#2749FE,Epithelial,NM
RHL2821__Epithelial__#2749FE,Epithelial,NM
RHL2824__MastCell__#E596C5,MastCell,NM
RHL2834__Epithelial__#2749FE,Epithelial,NM
RHL2837__Epithelial__#2749FE,Epithelial,NM
RHL2840__Epithelial__#2749FE,Epithelial,NM
RHL2844__Epithelial__#2749FE,Epithelial,NM
RHL2845__Epithelial__#2749FE,Epithelial,NM
RHL2847__Epithelial__#2749FE,Epithelial,NM
RHL2850__Epithelial__#2749FE,Epithelial,NM
RHL2852__Epithelial__#2749FE,Epithelial,NM
RHL2853__Epithelial__#2749FE,Epithelial,NM
RHL2854__Fibroblast__#FB4E09,Fibroblast,NM
RHL2855__Epithelial__#2749FE,Epithelial,NM
RHL2856__Epithelial__#2749FE,Epithelial,NM
RHL2863__Epithelial__#2749FE,Epithelial,NM
RHL2864__Epithelial__#2749FE,Epithelial,NM
RHL2867__Epithelial__#2749FE,Epithelial,NM
RHL2868__Epithelial__#2749FE,Epithelial,NM
RHL2871__Fibroblast__#FB4E09,Fibroblast,NM
RHL2873__Epithelial__#2749FE,Epithelial,NM
RHL2875__Epithelial__#2749FE,Epithelial,NM
RHL2879__Bcell__#7DEA7B,Bcell,NM
RHL2880__Epithelial__#2749FE,Epithelial,NM
RHC5859__Epithelial__#2749FE,Epithelial,NM
RHC5860__Epithelial__#2749FE,Epithelial,NM
RHC5861__Bcell__#7DEA7B,Bcell,NM
RHC5862__Epithelial__#2749FE,Epithelial,NM
RHC5863__Epithelial__#2749FE,Epithelial,NM
RHC5864__Epithelial__#2749FE,Epithelial,NM
RHC5866__Epithelial__#2749FE,Epithelial,NM
RHC5867__Epithelial__#2749FE,Epithelial,NM
RHC5869__Epithelial__#2749FE,Epithelial,NM
RHC5870__Epithelial__#2749FE,Epithelial,NM
RHC5871__Epithelial__#2749FE,Epithelial,NM
RHC5874__Epithelial__#2749FE,Epithelial,NM
RHC5875__Epithelial__#2749FE,Epithelial,NM
RHC5876__Epithelial__#2749FE,Epithelial,NM
RHC5878__Epithelial__#2749FE,Epithelial,NM
RHC5880__Epithelial__#2749FE,Epithelial,NM
RHC5881__Epithelial__#2749FE,Epithelial,NM
RHC5884__Epithelial__#2749FE,Epithelial,NM
RHC5885__Epithelial__#2749FE,Epithelial,NM
RHC5886__Epithelial__#2749FE,Epithelial,NM
RHC5887__Epithelial__#2749FE,Epithelial,NM
RHC5888__Epithelial__#2749FE,Epithelial,NM
RHC5889__Epithelial__#2749FE,Epithelial,NM
RHC5890__Epithelial__#2749FE,Epithelial,NM
RHC5891__Epithelial__#2749FE,Epithelial,NM
RHC5893__Epithelial__#2749FE,Epithelial,NM
RHC5894__Tcell__#C6E879,Tcell,NM
RHC5895__Epithelial__#2749FE,Epithelial,NM
RHC5898__Epithelial__#2749FE,Epithelial,NM
RHC5900__Tcell__#C6E879,Tcell,NM
RHC5901__Epithelial__#2749FE,Epithelial,NM
RHC5902__Tcell__#C6E879,Tcell,NM
RHC5903__Bcell__#7DEA7B,Bcell,NM
RHC5904__Epithelial__#2749FE,Epithelial,NM
RHC5905__Tcell__#C6E879,Tcell,NM
RHC5907__Epithelial__#2749FE,Epithelial,NM
RHC5909__Epithelial__#2749FE,Epithelial,NM
RHC5912__Epithelial__#2749FE,Epithelial,NM
RHC5913__Epithelial__#2749FE,Epithelial,NM
RHC5915__Epithelial__#2749FE,Epithelial,NM
RHC5920__Epithelial__#2749FE,Epithelial,NM
RHC5922__Endothelial__#908DE5,Endothelial,NM
RHC5923__Epithelial__#2749FE,Epithelial,NM
RHC5924__Epithelial__#2749FE,Epithelial,NM
RHC5925__Epithelial__#2749FE,Epithelial,NM
RHC5926__Epithelial__#2749FE,Epithelial,NM
RHC5929__Epithelial__#2749FE,Epithelial,NM
RHC5931__Epithelial__#2749FE,Epithelial,NM
RHC5932__Epithelial__#2749FE,Epithelial,NM
RHC5934__Epithelial__#2749FE,Epithelial,NM
RHC5935__Epithelial__#2749FE,Epithelial,NM
RHC5936__Epithelial__#2749FE,Epithelial,NM
RHC5937__Epithelial__#2749FE,Epithelial,NM
RHC5938__Epithelial__#2749FE,Epithelial,NM
RHC5941__Epithelial__#2749FE,Epithelial,NM
RHC5943__Macrophage__#FFFF55,Macrophage,NM
RHC5947__Epithelial__#2749FE,Epithelial,NM
RHC5948__Epithelial__#2749FE,Epithelial,NM
RHC5949__Epithelial__#2749FE,Epithelial,NM
RHC5950__Epithelial__#2749FE,Epithelial,NM
RHC5952__Bcell__#7DEA7B,Bcell,NM
RHC6049__Epithelial__#2749FE,Epithelial,NM
RHC6052__Epithelial__#2749FE,Epithelial,NM
RHC6053__Epithelial__#2749FE,Epithelial,NM
RHC6054__Epithelial__#2749FE,Epithelial,NM
RHC6056__Epithelial__#2749FE,Epithelial,NM
RHC6057__Epithelial__#2749FE,Epithelial,NM
RHC6058__Epithelial__#2749FE,Epithelial,NM
RHC6060__Epithelial__#2749FE,Epithelial,NM
RHC6063__Epithelial__#2749FE,Epithelial,NM
RHC6073__Epithelial__#2749FE,Epithelial,NM
RHC6074__Epithelial__#2749FE,Epithelial,NM
RHC6075__Epithelial__#2749FE,Epithelial,NM
RHC6076__Epithelial__#2749FE,Epithelial,NM
RHC6077__Epithelial__#2749FE,Epithelial,NM
RHC6078__Epithelial__#2749FE,Epithelial,NM
RHC6079__Epithelial__#2749FE,Epithelial,NM
RHC6081__Epithelial__#2749FE,Epithelial,NM
RHC6085__Epithelial__#2749FE,Epithelial,NM
RHC6087__Epithelial__#2749FE,Epithelial,NM
RHC6089__Epithelial__#2749FE,Epithelial,NM
RHC6090__Epithelial__#2749FE,Epithelial,NM
RHC6091__Epithelial__#2749FE,Epithelial,NM
RHC6092__Epithelial__#2749FE,Epithelial,NM
RHC6093__Epithelial__#2749FE,Epithelial,NM
RHC6094__Epithelial__#2749FE,Epithelial,NM
RHC6095__Epithelial__#2749FE,Epithelial,NM
RHC6099__Epithelial__#2749FE,Epithelial,NM
RHC6103__Epithelial__#2749FE,Epithelial,NM
RHC6105__Epithelial__#2749FE,Epithelial,NM
RHC6106__Epithelial__#2749FE,Epithelial,NM
RHC6108__Epithelial__#2749FE,Epithelial,NM
RHC6113__Epithelial__#2749FE,Epithelial,NM
RHC6114__Epithelial__#2749FE,Epithelial,NM
RHC6135__Tcell__#C6E879,Tcell,NM
RHC6144__Macrophage__#FFFF55,Macrophage,NM
RHC6149__Tcell__#C6E879,Tcell,NM
RHC6151__Bcell__#7DEA7B,Bcell,NM
RHC6155__Macrophage__#FFFF55,Macrophage,NM
RHC6156__Macrophage__#FFFF55,Macrophage,NM
RHC6161__Tcell__#C6E879,Tcell,NM
RHC6163__Macrophage__#FFFF55,Macrophage,NM
RHC6166__Tcell__#C6E879,Tcell,NM
RHC6173__Macrophage__#FFFF55,Macrophage,NM
RHC6174__Macrophage__#FFFF55,Macrophage,NM
RHC6176__Macrophage__#FFFF55,Macrophage,NM
RHC6187__Macrophage__#FFFF55,Macrophage,NM
RHC3546__Tcell__#C6E879,Tcell,Tumor
RHC3552__Epithelial__#2749FE,Epithelial,Tumor
RHC3553__Epithelial__#2749FE,Epithelial,Tumor
RHC3555__Bcell__#7DEA7B,Bcell,Tumor
RHC3556__Epithelial__#2749FE,Epithelial,Tumor
RHC3557__Bcell__#7DEA7B,Bcell,Tumor
RHC3562__Bcell__#7DEA7B,Bcell,Tumor
RHC3563__Bcell__#7DEA7B,Bcell,Tumor
RHC3565__Epithelial__#2749FE,Epithelial,Tumor
RHC3567__Epithelial__#2749FE,Epithelial,Tumor
RHC3568__Epithelial__#2749FE,Epithelial,Tumor
RHC3569__Epithelial__#2749FE,Epithelial,Tumor
RHC3577__Epithelial__#2749FE,Epithelial,Tumor
RHC3579__Epithelial__#2749FE,Epithelial,Tumor
RHC3581__Epithelial__#2749FE,Epithelial,Tumor
RHC3582__Macrophage__#FFFF55,Macrophage,Tumor
RHC3584__Epithelial__#2749FE,Epithelial,Tumor
RHC3585__Epithelial__#2749FE,Epithelial,Tumor
RHC3589__Epithelial__#2749FE,Epithelial,Tumor
RHC3590__Epithelial__#2749FE,Epithelial,Tumor
RHC3591__Epithelial__#2749FE,Epithelial,Tumor
RHC3593__Epithelial__#2749FE,Epithelial,Tumor
RHC3594__Bcell__#7DEA7B,Bcell,Tumor
RHC3596__Bcell__#7DEA7B,Bcell,Tumor
RHC3597__Epithelial__#2749FE,Epithelial,Tumor
RHC3598__Epithelial__#2749FE,Epithelial,Tumor
RHC3599__Epithelial__#2749FE,Epithelial,Tumor
RHC3600__Bcell__#7DEA7B,Bcell,Tumor
RHC3602__Bcell__#7DEA7B,Bcell,Tumor
RHC3608__Epithelial__#2749FE,Epithelial,Tumor
RHC3609__Epithelial__#2749FE,Epithelial,Tumor
RHC3617__Epithelial__#2749FE,Epithelial,Tumor
RHC3619__Epithelial__#2749FE,Epithelial,Tumor
RHC3621__Epithelial__#2749FE,Epithelial,Tumor
RHC3625__Epithelial__#2749FE,Epithelial,Tumor
RHC3628__Epithelial__#2749FE,Epithelial,Tumor
RHC3629__Epithelial__#2749FE,Epithelial,Tumor
RHC3633__Bcell__#7DEA7B,Bcell,Tumor
RHC3635__Epithelial__#2749FE,Epithelial,Tumor
RHC3638__Epithelial__#2749FE,Epithelial,Tumor
RHC3640__Epithelial__#2749FE,Epithelial,Tumor
RHC3641__Epithelial__#2749FE,Epithelial,Tumor
RHC3835__Fibroblast__#FB4E09,Fibroblast,Tumor
RHC3836__Epithelial__#2749FE,Epithelial,Tumor
RHC3837__Epithelial__#2749FE,Epithelial,Tumor
RHC3838__Epithelial__#2749FE,Epithelial,Tumor
RHC3839__Epithelial__#2749FE,Epithelial,Tumor
RHC3840__Epithelial__#2749FE,Epithelial,Tumor
RHC3843__Fibroblast__#FB4E09,Fibroblast,Tumor
RHC3844__Epithelial__#2749FE,Epithelial,Tumor
RHC3845__Epithelial__#2749FE,Epithelial,Tumor
RHC3846__Epithelial__#2749FE,Epithelial,Tumor
RHC3847__Fibroblast__#FB4E09,Fibroblast,Tumor
RHC3848__Epithelial__#2749FE,Epithelial,Tumor
RHC3849__Epithelial__#2749FE,Epithelial,Tumor
RHC3850__Epithelial__#2749FE,Epithelial,Tumor
RHC3851__Fibroblast__#FB4E09,Fibroblast,Tumor
RHC3852__Epithelial__#2749FE,Epithelial,Tumor
RHC3854__Endothelial__#908DE5,Endothelial,Tumor
RHC3855__Epithelial__#2749FE,Epithelial,Tumor
RHC3856__Epithelial__#2749FE,Epithelial,Tumor
RHC3862__Epithelial__#2749FE,Epithelial,Tumor
RHC3863__Epithelial__#2749FE,Epithelial,Tumor
RHC3864__Epithelial__#2749FE,Epithelial,Tumor
RHC3865__Epithelial__#2749FE,Epithelial,Tumor
RHC3866__Macrophage__#FFFF55,Macrophage,Tumor
RHC3868__Epithelial__#2749FE,Epithelial,Tumor
RHC3869__Epithelial__#2749FE,Epithelial,Tumor
RHC3870__Epithelial__#2749FE,Epithelial,Tumor
RHC3871__Epithelial__#2749FE,Epithelial,Tumor
RHC3872__Epithelial__#2749FE,Epithelial,Tumor
RHC3874__Epithelial__#2749FE,Epithelial,Tumor
RHC3875__Epithelial__#2749FE,Epithelial,Tumor
RHC3876__Epithelial__#2749FE,Epithelial,Tumor
RHC3878__Epithelial__#2749FE,Epithelial,Tumor
RHC3879__Epithelial__#2749FE,Epithelial,Tumor
RHC3881__Epithelial__#2749FE,Epithelial,Tumor
RHC3882__Epithelial__#2749FE,Epithelial,Tumor
RHC3883__Epithelial__#2749FE,Epithelial,Tumor
RHC3884__Epithelial__#2749FE,Epithelial,Tumor
RHC3885__Fibroblast__#FB4E09,Fibroblast,Tumor
RHC3886__Macrophage__#FFFF55,Macrophage,Tumor
RHC3890__Fibroblast__#FB4E09,Fibroblast,Tumor
RHC3891__Epithelial__#2749FE,Epithelial,Tumor
RHC3894__Endothelial__#908DE5,Endothelial,Tumor
RHC3895__Fibroblast__#FB4E09,Fibroblast,Tumor
RHC3897__Epithelial__#2749FE,Epithelial,Tumor
RHC3898__Epithelial__#2749FE,Epithelial,Tumor
RHC3900__Epithelial__#2749FE,Epithelial,Tumor
RHC3902__Epithelial__#2749FE,Epithelial,Tumor
RHC3911__Epithelial__#2749FE,Epithelial,Tumor
RHC3915__Epithelial__#2749FE,Epithelial,Tumor
RHC3919__Epithelial__#2749FE,Epithelial,Tumor
RHC3922__Epithelial__#2749FE,Epithelial,Tumor
RHC3923__Epithelial__#2749FE,Epithelial,Tumor
RHC3925__Epithelial__#2749FE,Epithelial,Tumor
RHC3901__Epithelial__#2749FE,Epithelial,Tumor
RHC3903__Epithelial__#2749FE,Epithelial,Tumor
RHC3904__Epithelial__#2749FE,Epithelial,Tumor
RHC3905__Epithelial__#2749FE,Epithelial,Tumor
RHC3906__Tcell__#C6E879,Tcell,Tumor
RHC3907__Macrophage__#FFFF55,Macrophage,Tumor
RHC3909__Macrophage__#FFFF55,Macrophage,Tumor
RHC3910__Epithelial__#2749FE,Epithelial,Tumor
RHC3912__Bcell__#7DEA7B,Bcell,Tumor
RHC3914__Epithelial__#2749FE,Epithelial,Tumor
RHC3920__Epithelial__#2749FE,Epithelial,Tumor
RHC3924__Epithelial__#2749FE,Epithelial,Tumor
RHC3926__Epithelial__#2749FE,Epithelial,Tumor
RHC3927__Macrophage__#FFFF55,Macrophage,Tumor
RHC3947__Epithelial__#2749FE,Epithelial,Tumor
RHC4014__Epithelial__#2749FE,Epithelial,Tumor
RHC4021__Epithelial__#2749FE,Epithelial,Tumor
RHC4122__Epithelial__#2749FE,Epithelial,Tumor
RHC4123__Epithelial__#2749FE,Epithelial,Tumor
RHC4124__Epithelial__#2749FE,Epithelial,Tumor
RHC4128__Fibroblast__#FB4E09,Fibroblast,Tumor
RHC4130__Epithelial__#2749FE,Epithelial,Tumor
RHC4131__Epithelial__#2749FE,Epithelial,Tumor
RHC4134__Epithelial__#2749FE,Epithelial,Tumor
RHC4141__Epithelial__#2749FE,Epithelial,Tumor
RHC4142__Epithelial__#2749FE,Epithelial,Tumor
RHC4144__Epithelial__#2749FE,Epithelial,Tumor
RHC4148__Epithelial__#2749FE,Epithelial,Tumor
RHC4155__Epithelial__#2749FE,Epithelial,Tumor
RHC4159__Epithelial__#2749FE,Epithelial,Tumor
RHC4161__Epithelial__#2749FE,Epithelial,Tumor
RHC4165__Fibroblast__#FB4E09,Fibroblast,Tumor
RHC4169__Fibroblast__#FB4E09,Fibroblast,Tumor
RHC4174__Epithelial__#2749FE,Epithelial,Tumor
RHC4196__Epithelial__#2749FE,Epithelial,Tumor
RHC4031__Epithelial__#2749FE,Epithelial,Tumor
RHC4045__MastCell__#E596C5,MastCell,Tumor
RHC4050__Epithelial__#2749FE,Epithelial,Tumor
RHC4051__Macrophage__#FFFF55,Macrophage,Tumor
RHC4053__Tcell__#C6E879,Tcell,Tumor
RHC4065__Epithelial__#2749FE,Epithelial,Tumor
RHC4067__Macrophage__#FFFF55,Macrophage,Tumor
RHC4068__Epithelial__#2749FE,Epithelial,Tumor
RHC4073__Epithelial__#2749FE,Epithelial,Tumor
RHC4075__Epithelial__#2749FE,Epithelial,Tumor
RHC4079__Fibroblast__#FB4E09,Fibroblast,Tumor
RHC4080__Bcell__#7DEA7B,Bcell,Tumor
RHC4083__Bcell__#7DEA7B,Bcell,Tumor
RHC4859__Epithelial__#2749FE,Epithelial,Tumor
RHC4861__Epithelial__#2749FE,Epithelial,Tumor
RHC4862__Epithelial__#2749FE,Epithelial,Tumor
RHC4864__Bcell__#7DEA7B,Bcell,Tumor
RHC4866__Endothelial__#908DE5,Endothelial,Tumor
RHC4871__Epithelial__#2749FE,Epithelial,Tumor
RHC4872__Epithelial__#2749FE,Epithelial,Tumor
RHC4874__Epithelial__#2749FE,Epithelial,Tumor
RHC4877__Epithelial__#2749FE,Epithelial,Tumor
RHC4878__Epithelial__#2749FE,Epithelial,Tumor
RHC4879__Epithelial__#2749FE,Epithelial,Tumor
RHC4880__Epithelial__#2749FE,Epithelial,Tumor
RHC4881__Epithelial__#2749FE,Epithelial,Tumor
RHC4886__Tcell__#C6E879,Tcell,Tumor
RHC4887__Epithelial__#2749FE,Epithelial,Tumor
RHC4890__Epithelial__#2749FE,Epithelial,Tumor
RHC4897__Bcell__#7DEA7B,Bcell,Tumor
RHC4900__Epithelial__#2749FE,Epithelial,Tumor
RHC4902__Epithelial__#2749FE,Epithelial,Tumor
RHC4910__Epithelial__#2749FE,Epithelial,Tumor
RHC4911__Epithelial__#2749FE,Epithelial,Tumor
RHC4915__Epithelial__#2749FE,Epithelial,Tumor
RHC4916__Epithelial__#2749FE,Epithelial,Tumor
RHC4921__Epithelial__#2749FE,Epithelial,Tumor
RHC4922__Epithelial__#2749FE,Epithelial,Tumor
RHC4924__Epithelial__#2749FE,Epithelial,Tumor
RHC4925__Epithelial__#2749FE,Epithelial,Tumor
RHC4926__Epithelial__#2749FE,Epithelial,Tumor
RHC4931__Epithelial__#2749FE,Epithelial,Tumor
RHC4935__Epithelial__#2749FE,Epithelial,Tumor
RHC4937__Epithelial__#2749FE,Epithelial,Tumor
RHC4938__Epithelial__#2749FE,Epithelial,Tumor
RHC4940__Epithelial__#2749FE,Epithelial,Tumor
RHC4944__Epithelial__#2749FE,Epithelial,Tumor
RHC4945__Epithelial__#2749FE,Epithelial,Tumor
RHC4947__Epithelial__#2749FE,Epithelial,Tumor
RHC4743__Epithelial__#2749FE,Epithelial,Tumor
RHC4745__Tcell__#C6E879,Tcell,Tumor
RHC4746__Epithelial__#2749FE,Epithelial,Tumor
RHC4747__Tcell__#C6E879,Tcell,Tumor
RHC4751__Macrophage__#FFFF55,Macrophage,Tumor
RHC4755__Tcell__#C6E879,Tcell,Tumor
RHC4757__Epithelial__#2749FE,Epithelial,Tumor
RHC4758__Macrophage__#FFFF55,Macrophage,Tumor
RHC4760__Epithelial__#2749FE,Epithelial,Tumor
RHC4761__Epithelial__#2749FE,Epithelial,Tumor
RHC4763__Epithelial__#2749FE,Epithelial,Tumor
RHC4767__Macrophage__#FFFF55,Macrophage,Tumor
RHC4768__Epithelial__#2749FE,Epithelial,Tumor
RHC4769__Fibroblast__#FB4E09,Fibroblast,Tumor
RHC4771__Tcell__#C6E879,Tcell,Tumor
RHC4772__Epithelial__#2749FE,Epithelial,Tumor
RHC4774__Epithelial__#2749FE,Epithelial,Tumor
RHC4775__Fibroblast__#FB4E09,Fibroblast,Tumor
RHC4776__Tcell__#C6E879,Tcell,Tumor
RHC4780__Epithelial__#2749FE,Epithelial,Tumor
RHC4781__Epithelial__#2749FE,Epithelial,Tumor
RHC4784__Epithelial__#2749FE,Epithelial,Tumor
RHC4787__Macrophage__#FFFF55,Macrophage,Tumor
RHC4788__Epithelial__#2749FE,Epithelial,Tumor
RHC4789__Epithelial__#2749FE,Epithelial,Tumor
RHC4797__Fibroblast__#FB4E09,Fibroblast,Tumor
RHC4800__Tcell__#C6E879,Tcell,Tumor
RHC4801__Epithelial__#2749FE,Epithelial,Tumor
RHC4804__Tcell__#C6E879,Tcell,Tumor
RHC4807__Epithelial__#2749FE,Epithelial,Tumor
RHC4810__Macrophage__#FFFF55,Macrophage,Tumor
RHC4811__Epithelial__#2749FE,Epithelial,Tumor
RHC4813__Epithelial__#2749FE,Epithelial,Tumor
RHC4815__Epithelial__#2749FE,Epithelial,Tumor
RHL2672__Epithelial__#2749FE,Epithelial,Tumor
RHL2679__Epithelial__#2749FE,Epithelial,Tumor
RHL2701__Epithelial__#2749FE,Epithelial,Tumor
RHL2704__Tcell__#C6E879,Tcell,Tumor
RHL2716__Epithelial__#2749FE,Epithelial,Tumor
RHL2717__Epithelial__#2749FE,Epithelial,Tumor
RHL2718__Epithelial__#2749FE,Epithelial,Tumor
RHL2723__Epithelial__#2749FE,Epithelial,Tumor
RHL2724__Epithelial__#2749FE,Epithelial,Tumor
RHL2733__Epithelial__#2749FE,Epithelial,Tumor
RHL2738__Epithelial__#2749FE,Epithelial,Tumor
RHL2747__Epithelial__#2749FE,Epithelial,Tumor
RHL2749__Epithelial__#2749FE,Epithelial,Tumor
RHL2752__Tcell__#C6E879,Tcell,Tumor
RHL2753__Epithelial__#2749FE,Epithelial,Tumor
RHL2758__Epithelial__#2749FE,Epithelial,Tumor
RHL2759__Epithelial__#2749FE,Epithelial,Tumor
RHL2762__Macrophage__#FFFF55,Macrophage,Tumor
RHL2765__Epithelial__#2749FE,Epithelial,Tumor
RHL2766__Epithelial__#2749FE,Epithelial,Tumor
RHL2767__Epithelial__#2749FE,Epithelial,Tumor
RHL2768__Epithelial__#2749FE,Epithelial,Tumor
RHL2769__Epithelial__#2749FE,Epithelial,Tumor
RHL2770__Epithelial__#2749FE,Epithelial,Tumor
RHL2773__Epithelial__#2749FE,Epithelial,Tumor
RHL2779__Epithelial__#2749FE,Epithelial,Tumor
RHL2780__Epithelial__#2749FE,Epithelial,Tumor
RHL2781__Epithelial__#2749FE,Epithelial,Tumor
RHL2786__Bcell__#7DEA7B,Bcell,Tumor
RHL2788__Epithelial__#2749FE,Epithelial,Tumor
RHL2789__Epithelial__#2749FE,Epithelial,Tumor
RHL2791__Epithelial__#2749FE,Epithelial,Tumor
RHC5544__Epithelial__#2749FE,Epithelial,Tumor
RHC5546__Epithelial__#2749FE,Epithelial,Tumor
RHC5547__Epithelial__#2749FE,Epithelial,Tumor
RHC5549__Epithelial__#2749FE,Epithelial,Tumor
RHC5550__Epithelial__#2749FE,Epithelial,Tumor
RHC5552__Epithelial__#2749FE,Epithelial,Tumor
RHC5553__Epithelial__#2749FE,Epithelial,Tumor
RHC5554__Epithelial__#2749FE,Epithelial,Tumor
RHC5555__Epithelial__#2749FE,Epithelial,Tumor
RHC5557__Epithelial__#2749FE,Epithelial,Tumor
RHC5558__Epithelial__#2749FE,Epithelial,Tumor
RHC5560__Epithelial__#2749FE,Epithelial,Tumor
RHC5561__Epithelial__#2749FE,Epithelial,Tumor
RHC5562__Epithelial__#2749FE,Epithelial,Tumor
RHC5563__Epithelial__#2749FE,Epithelial,Tumor
RHC5564__Epithelial__#2749FE,Epithelial,Tumor
RHC5565__Epithelial__#2749FE,Epithelial,Tumor
RHC5566__Epithelial__#2749FE,Epithelial,Tumor
RHC5567__Epithelial__#2749FE,Epithelial,Tumor
RHC5568__Epithelial__#2749FE,Epithelial,Tumor
RHC5569__Epithelial__#2749FE,Epithelial,Tumor
RHC5570__Epithelial__#2749FE,Epithelial,Tumor
RHC5571__Tcell__#C6E879,Tcell,Tumor
RHC5574__Epithelial__#2749FE,Epithelial,Tumor
RHC5575__Epithelial__#2749FE,Epithelial,Tumor
RHC5576__Tcell__#C6E879,Tcell,Tumor
RHC5577__Epithelial__#2749FE,Epithelial,Tumor
RHC5578__Epithelial__#2749FE,Epithelial,Tumor
RHC5580__Epithelial__#2749FE,Epithelial,Tumor
RHC5582__Epithelial__#2749FE,Epithelial,Tumor
RHC5585__Epithelial__#2749FE,Epithelial,Tumor
RHC5586__Epithelial__#2749FE,Epithelial,Tumor
RHC5592__Epithelial__#2749FE,Epithelial,Tumor
RHC5594__Epithelial__#2749FE,Epithelial,Tumor
RHC5597__Epithelial__#2749FE,Epithelial,Tumor
RHC5598__Epithelial__#2749FE,Epithelial,Tumor
RHC5599__Epithelial__#2749FE,Epithelial,Tumor
RHC5600__Epithelial__#2749FE,Epithelial,Tumor
RHC5601__Epithelial__#2749FE,Epithelial,Tumor
RHC5602__Epithelial__#2749FE,Epithelial,Tumor
RHC5604__Epithelial__#2749FE,Epithelial,Tumor
RHC5605__Epithelial__#2749FE,Epithelial,Tumor
RHC5606__Epithelial__#2749FE,Epithelial,Tumor
RHC5607__Epithelial__#2749FE,Epithelial,Tumor
RHC5608__Epithelial__#2749FE,Epithelial,Tumor
RHC5610__Epithelial__#2749FE,Epithelial,Tumor
RHC5611__Epithelial__#2749FE,Epithelial,Tumor
RHC5612__Epithelial__#2749FE,Epithelial,Tumor
RHC5613__Epithelial__#2749FE,Epithelial,Tumor
RHC5614__Tcell__#C6E879,Tcell,Tumor
RHC5615__Epithelial__#2749FE,Epithelial,Tumor
RHC5616__Epithelial__#2749FE,Epithelial,Tumor
RHC5617__Epithelial__#2749FE,Epithelial,Tumor
RHC5620__Tcell__#C6E879,Tcell,Tumor
RHC5622__Epithelial__#2749FE,Epithelial,Tumor
RHC5623__Epithelial__#2749FE,Epithelial,Tumor
RHC5624__Epithelial__#2749FE,Epithelial,Tumor
RHC5626__Epithelial__#2749FE,Epithelial,Tumor
RHC5627__Epithelial__#2749FE,Epithelial,Tumor
RHC5628__Epithelial__#2749FE,Epithelial,Tumor
RHC5629__Epithelial__#2749FE,Epithelial,Tumor
RHC5632__Epithelial__#2749FE,Epithelial,Tumor
RHC5633__Epithelial__#2749FE,Epithelial,Tumor
RHC5637__Epithelial__#2749FE,Epithelial,Tumor
RHC5643__Epithelial__#2749FE,Epithelial,Tumor
RHC5644__Epithelial__#2749FE,Epithelial,Tumor
RHC5646__Tcell__#C6E879,Tcell,Tumor
RHC5647__Epithelial__#2749FE,Epithelial,Tumor
RHC5658__Epithelial__#2749FE,Epithelial,Tumor
RHC5665__Epithelial__#2749FE,Epithelial,Tumor
RHC5666__Bcell__#7DEA7B,Bcell,Tumor
RHC5698__Epithelial__#2749FE,Epithelial,Tumor
RHC5699__Tcell__#C6E879,Tcell,Tumor
RHC5701__Epithelial__#2749FE,Epithelial,Tumor
RHC5702__Tcell__#C6E879,Tcell,Tumor
RHC5704__Epithelial__#2749FE,Epithelial,Tumor
RHC5707__Epithelial__#2749FE,Epithelial,Tumor
RHC5710__Epithelial__#2749FE,Epithelial,Tumor
RHC5711__Bcell__#7DEA7B,Bcell,Tumor
RHC5714__Epithelial__#2749FE,Epithelial,Tumor
RHC5716__Epithelial__#2749FE,Epithelial,Tumor
RHC5718__Tcell__#C6E879,Tcell,Tumor
RHC5764__Epithelial__#2749FE,Epithelial,Tumor
RHC5765__Epithelial__#2749FE,Epithelial,Tumor
RHC5768__Epithelial__#2749FE,Epithelial,Tumor
RHC5783__Epithelial__#2749FE,Epithelial,Tumor
RHC5790__Epithelial__#2749FE,Epithelial,Tumor
RHC5801__Tcell__#C6E879,Tcell,Tumor
RHC5808__Epithelial__#2749FE,Epithelial,Tumor
RHC5810__Tcell__#C6E879,Tcell,Tumor
RHC5811__Macrophage__#FFFF55,Macrophage,Tumor
RHC5814__Tcell__#C6E879,Tcell,Tumor
RHC5815__Epithelial__#2749FE,Epithelial,Tumor
RHC5816__Epithelial__#2749FE,Epithelial,Tumor
RHC5827__Tcell__#C6E879,Tcell,Tumor
RHC5831__Epithelial__#2749FE,Epithelial,Tumor
RHC5834__Macrophage__#FFFF55,Macrophage,Tumor
RHC5840__Epithelial__#2749FE,Epithelial,Tumor
RHC5879__Epithelial__#2749FE,Epithelial,Tumor
RHC5892__Endothelial__#908DE5,Endothelial,Tumor
RHC5896__Epithelial__#2749FE,Epithelial,Tumor
RHC5899__Fibroblast__#FB4E09,Fibroblast,Tumor
RHC5906__Epithelial__#2749FE,Epithelial,Tumor
RHC5908__Epithelial__#2749FE,Epithelial,Tumor
RHC5910__Tcell__#C6E879,Tcell,Tumor
RHC5930__Tcell__#C6E879,Tcell,Tumor
RHC5967__Tcell__#C6E879,Tcell,Tumor
RHC5982__Tcell__#C6E879,Tcell,Tumor
RHC5991__Fibroblast__#FB4E09,Fibroblast,Tumor
RHC5995__Tcell__#C6E879,Tcell,Tumor
RHC5999__Macrophage__#FFFF55,Macrophage,Tumor
RHC6004__Tcell__#C6E879,Tcell,Tumor
RHC6010__Tcell__#C6E879,Tcell,Tumor
RHC6022__Tcell__#C6E879,Tcell,Tumor
RHC6030__Fibroblast__#FB4E09,Fibroblast,Tumor
RHC6033__Macrophage__#FFFF55,Macrophage,Tumor
RHC6039__Tcell__#C6E879,Tcell,Tumor
RHC6041__Macrophage__#FFFF55,Macrophage,Tumor
