direction,sig_id,score
opposite,CPC013_ASC_24H:BRD-K16798053-001-01-0:10,-0.114035087719298
opposite,CPC010_VCAP_24H:BRD-K34508425-001-02-0:10,-0.109649122807018
opposite,CPC014_SKB_24H:BRD-K85493820-001-01-6:10,-0.100877192982456
opposite,CPC014_VCAP_24H:BRD-K91047982-001-01-6:10,-0.100877192982456
opposite,CPC001_VCAP_24H:BRD-K31268420-001-01-1:10,-0.0964912280701754
opposite,CPC012_NPC_24H:BRD-K68202742-001-06-6:10,-0.0964912280701754
opposite,CPC015_SKB_24H:BRD-A50737080-001-01-4:10,-0.0921052631578947
opposite,CPC015_NPC_24H:BRD-K22503835-001-06-0:10,-0.0921052631578947
opposite,LJP001_BT20_24H:BRD-K09186807-001-02-4:0.4,-0.0921052631578947
opposite,CPC019_VCAP_24H:BRD-K11072542-001-06-3:10,-0.0921052631578947
opposite,CPC014_SKB_24H:BRD-K56957086-001-04-8:10,-0.0921052631578947
opposite,ERG011_VCAP_24H:BRD-A62182663-001-01-4:10,-0.087719298245614
opposite,CPC017_MCF7_24H:BRD-K29173907-001-03-5:10,-0.087719298245614
opposite,CPC004_VCAP_24H:BRD-K26801045-001-01-1:10,-0.087719298245614
opposite,CPC006_HA1E_24H:BRD-A02481876-001-09-9:60,-0.087719298245614
opposite,CPC013_NPC_24H:BRD-K17743125-001-03-5:10,-0.0833333333333333
opposite,ERG011_VCAP_24H:BRD-A62182663-001-01-4:2,-0.0833333333333333
opposite,CPC009_VCAP_24H:BRD-K55127335-001-05-5:10,-0.0833333333333333
opposite,CPC017_NPC_24H:BRD-K12867552-001-01-3:10,-0.0833333333333333
opposite,CPC012_SKB_24H:BRD-K03736784-001-01-1:10,-0.0833333333333333
opposite,LJP001_SKBR3_24H:BRD-K07859598-001-08-8:10,-0.0833333333333333
opposite,CPC009_A375_6H:BRD-K20914082-001-01-2:10,-0.0833333333333333
opposite,CPC007_VCAP_24H:BRD-K22546959-001-05-1:10,-0.0833333333333333
opposite,CPC006_VCAP_6H:BRD-K54256913-001-01-2:10,-0.0789473684210526
opposite,CPC001_VCAP_24H:BRD-K61323504-001-02-4:10,-0.0789473684210526
opposite,CPC019_VCAP_24H:BRD-K30849099-001-07-6:10,-0.0789473684210526
opposite,CPC020_VCAP_24H:BRD-K79131256-001-14-6:10,-0.0789473684210526
opposite,CRCGN004_HA1E_24H:BRD-A23723433-001-02-0:10UM,-0.0789473684210526
opposite,CPC014_VCAP_24H:BRD-K70511574-001-01-0:10,-0.0745614035087719
opposite,CPC004_VCAP_24H:BRD-K38055836-001-13-8:10,-0.0745614035087719
opposite,CPC005_VCAP_24H:BRD-K51465424-003-03-6:10,-0.0745614035087719
opposite,CPC013_VCAP_24H:BRD-K47832606-001-13-7:10,-0.0745614035087719
opposite,CPC006_VCAP_24H:BRD-K91623615-001-01-9:10,-0.0745614035087719
opposite,CPC016_ASC_24H:BRD-K91370081-001-10-3:10,-0.0745614035087719
opposite,CPC019_PC3_24H:BRD-K60070073-001-02-3:10,-0.0745614035087719
opposite,CPC004_VCAP_24H:BRD-A01643550-001-03-1:10,-0.0701754385964912
opposite,CPC001_VCAP_6H:BRD-K27665173-001-01-3:10,-0.0701754385964912
opposite,CPC001_PC3_24H:BRD-K27665173-001-01-3:10,-0.0701754385964912
opposite,CPC001_HCC515_24H:BRD-A23723433-001-01-2:10,-0.0701754385964912
opposite,CPC018_A375_6H:BRD-A65327625-001-01-9:10,-0.0701754385964912
opposite,CPC014_A375_6H:BRD-K67506692-001-07-9:10,-0.0701754385964912
opposite,CPC001_VCAP_24H:BRD-A34706053-003-01-9:10,-0.0701754385964912
opposite,CPC001_VCAP_24H:BRD-A28318179-003-03-6:10,-0.0701754385964912
opposite,CPC007_PC3_6H:BRD-K25522720-001-06-5:10,-0.0701754385964912
opposite,CPC012_ASC_24H:BRD-K68202742-001-06-6:10,-0.0701754385964912
opposite,CPC013_NPC_24H:BRD-K64606589-001-01-9:10,-0.0701754385964912
opposite,CPC006_HA1E_24H:BRD-K92241597-001-02-9:80,-0.0701754385964912
opposite,CPC017_MCF7_24H:BRD-A88080608-001-03-4:10,-0.0701754385964912
opposite,CPC009_VCAP_24H:BRD-K14939371-019-01-9:10,-0.0701754385964912
opposite,CPC006_A549_6H:BRD-K81651477-001-03-5:20,-0.0701754385964912
similar,CPC019_PC3_24H:BRD-K58288048-001-01-9:10,0.153508771929825
similar,CPC020_MCF7_24H:BRD-K64517075-001-01-9:10,0.144736842105263
similar,CPC019_PC3_24H:BRD-K49010888-001-01-2:10,0.135964912280702
similar,CPC017_MCF7_24H:BRD-A62336480-001-02-5:10,0.12280701754386
similar,CPC004_VCAP_24H:BRD-A69815203-001-05-0:10,0.12280701754386
similar,CPC001_VCAP_24H:BRD-K74305673-001-01-3:10,0.118421052631579
similar,CPC001_VCAP_24H:BRD-K97365803-001-01-3:10,0.114035087719298
similar,CPC016_MCF7_24H:BRD-K07762753-001-02-8:10,0.114035087719298
similar,CPC004_VCAP_24H:BRD-A58564983-001-03-8:10,0.114035087719298
similar,CPC015_MCF7_24H:BRD-K34014345-001-03-4:10,0.114035087719298
similar,CPC019_VCAP_24H:BRD-K58288048-001-01-9:10,0.109649122807018
similar,LJP001_MDAMB231_24H:BRD-K51313569-001-03-7:10,0.109649122807018
similar,CPC016_MCF7_24H:BRD-A69815203-001-05-0:10,0.109649122807018
similar,CPC012_VCAP_24H:BRD-K10573841-001-01-0:10,0.109649122807018
similar,CPC010_MCF7_24H:BRD-K65955264-005-03-8:10,0.109649122807018
similar,LJP001_MDAMB231_24H:BRD-K51313569-001-03-7:2,0.109649122807018
similar,CPC010_MCF7_24H:BRD-K41845021-004-02-9:10,0.105263157894737
similar,CPC012_VCAP_24H:BRD-K61776140-001-01-5:10,0.105263157894737
similar,CPC010_PC3_24H:BRD-K99582188-001-04-0:10,0.105263157894737
similar,CPC017_MCF7_24H:BRD-K14821540-001-03-9:10,0.105263157894737
similar,CPC017_MCF7_24H:BRD-K05151076-001-01-8:10,0.105263157894737
similar,CPC019_PC3_24H:BRD-K07005393-001-01-0:10,0.105263157894737
similar,CPC019_PC3_24H:BRD-K43226598-001-01-1:10,0.105263157894737
similar,CPC006_VCAP_24H:BRD-K69932463-001-03-1:10,0.105263157894737
similar,CPC008_VCAP_24H:BRD-K74710236-001-04-8:10,0.100877192982456
similar,CPC006_VCAP_24H:BRD-K21672174-001-02-2:160,0.100877192982456
similar,CPC007_PC3_24H:BRD-K05153001-001-05-5:10,0.100877192982456
similar,CPC007_VCAP_24H:BRD-A43126523-001-06-4:10,0.100877192982456
similar,CPC006_VCAP_24H:BRD-K56301217-001-01-7:11.1,0.100877192982456
similar,CPC019_MCF7_24H:BRD-K49010888-001-01-2:10,0.100877192982456
similar,CPC005_MCF7_24H:BRD-K49294207-300-01-2:10,0.0964912280701754
similar,CPC007_VCAP_24H:BRD-A24021119-001-06-0:10,0.0964912280701754
similar,CPC002_HCC515_6H:BRD-K07762753-001-02-8:10,0.0964912280701754
similar,CPC013_VCAP_24H:BRD-K15600710-066-01-7:10,0.0964912280701754
similar,CPC010_VCAP_24H:BRD-K65955264-005-03-8:10,0.0964912280701754
similar,CPC004_VCAP_24H:BRD-A11678676-001-03-4:10,0.0964912280701754
similar,CPC016_A549_24H:BRD-K88677950-001-01-3:10,0.0964912280701754
similar,CPC010_MCF7_24H:BRD-K70977695-001-04-1:10,0.0964912280701754
similar,CPC002_PC3_24H:BRD-K07762753-001-02-8:10,0.0964912280701754
similar,CPC004_VCAP_24H:BRD-K35960502-001-10-1:10,0.0964912280701754
similar,CPC019_MCF7_24H:BRD-K34363599-001-02-0:10,0.0964912280701754
similar,CPC018_MCF7_24H:BRD-K67439147-001-01-7:10,0.0921052631578947
similar,CPC011_VCAP_24H:BRD-K79759031-001-05-4:10,0.0921052631578947
similar,CPC015_A549_24H:BRD-A58564983-001-03-8:10,0.0921052631578947
similar,CPC020_PC3_24H:BRD-K06750613-001-01-6:10,0.0921052631578947
similar,CPC008_VCAP_24H:BRD-K76907295-001-03-8:10,0.0921052631578947
similar,CPC005_MCF7_24H:BRD-K04210847-001-01-1:10,0.0921052631578947
similar,CPC019_PC3_24H:BRD-K86899078-001-01-2:10,0.0921052631578947
similar,CPC019_PC3_24H:BRD-A32595718-001-01-9:10,0.0921052631578947
similar,CPC008_MCF7_24H:BRD-K44432556-001-03-0:10,0.0921052631578947
