direction,sig_id,score,pert_id,pert_desc,cell_id,pert_time,pert_dose
opposite,CPC013_ASC_24H:BRD-K16798053-001-01-0:10,-0.114035087719298,BRD-K16798053,ST4029573,ASC,24,10.0
opposite,CPC010_VCAP_24H:BRD-K34508425-001-02-0:10,-0.109649122807018,BRD-K34508425,-666,VCAP,24,10.0
opposite,CPC014_SKB_24H:BRD-K85493820-001-01-6:10,-0.100877192982456,BRD-K85493820,KM 00927,SKB,24,10.0
opposite,CPC014_VCAP_24H:BRD-K91047982-001-01-6:10,-0.100877192982456,BRD-K91047982,6302217,VCAP,24,10.0
opposite,CPC001_VCAP_24H:BRD-K31268420-001-01-1:10,-0.0964912280701754,BRD-K31268420,NSC 693868,VCAP,24,10.0
opposite,CPC012_NPC_24H:BRD-K68202742-001-06-6:10,-0.0964912280701754,BRD-K68202742,trichostatin-a,NPC,24,10.0
opposite,CPC015_SKB_24H:BRD-A50737080-001-01-4:10,-0.0921052631578947,BRD-A50737080,-666,SKB,24,10.0
opposite,CPC015_NPC_24H:BRD-K22503835-001-06-0:10,-0.0921052631578947,BRD-K22503835,-666,NPC,24,10.0
opposite,LJP001_BT20_24H:BRD-K09186807-001-02-4:0.4,-0.0921052631578947,BRD-K09186807,KIN001-244,BT20,24,0.4
opposite,CPC019_VCAP_24H:BRD-K11072542-001-06-3:10,-0.0921052631578947,BRD-K11072542,-666,VCAP,24,10.0
opposite,CPC014_SKB_24H:BRD-K56957086-001-04-8:10,-0.0921052631578947,BRD-K56957086,S1095,SKB,24,10.0
opposite,CPC004_VCAP_24H:BRD-K26801045-001-01-1:10,-0.087719298245614,BRD-K26801045,PIPAMPERONE,VCAP,24,10.0
opposite,CPC006_HA1E_24H:BRD-A02481876-001-09-9:60,-0.087719298245614,BRD-A02481876,Importazole,HA1E,24,60.0
opposite,CPC017_MCF7_24H:BRD-K29173907-001-03-5:10,-0.087719298245614,BRD-K29173907,-666,MCF7,24,10.0
opposite,ERG011_VCAP_24H:BRD-A62182663-001-01-4:10,-0.087719298245614,BRD-A62182663,YK4-279,VCAP,24,10.0
opposite,CPC013_NPC_24H:BRD-K17743125-001-03-5:10,-0.0833333333333333,BRD-K17743125,S1085,NPC,24,10.0
opposite,ERG011_VCAP_24H:BRD-A62182663-001-01-4:2,-0.0833333333333333,BRD-A62182663,YK4-279,VCAP,24,2.0
opposite,CPC009_VCAP_24H:BRD-K55127335-001-05-5:10,-0.0833333333333333,BRD-K55127335,-666,VCAP,24,10.0
opposite,CPC017_NPC_24H:BRD-K12867552-001-01-3:10,-0.0833333333333333,BRD-K12867552,-666,NPC,24,10.0
opposite,CPC012_SKB_24H:BRD-K03736784-001-01-1:10,-0.0833333333333333,BRD-K03736784,-666,SKB,24,10.0
opposite,LJP001_SKBR3_24H:BRD-K07859598-001-08-8:10,-0.0833333333333333,BRD-K07859598,GW-5074,SKBR3,24,10.0
opposite,CPC009_A375_6H:BRD-K20914082-001-01-2:10,-0.0833333333333333,BRD-K20914082,"1,2-dimethyl (3R)-4-oxo-3-(propan-2-yl)-3-(thiophen-3-yl)-1,2-diazetidine-1,2-dicarboxylate",A375,6,10.0
opposite,CPC007_VCAP_24H:BRD-K22546959-001-05-1:10,-0.0833333333333333,BRD-K22546959,N-(4-(4-chloro-6-(3-methyl-1H-pyrazol-5-ylamino)pyrimidin-2-ylthio)phenyl)cyclopropanecarboxamide CT-07,VCAP,24,10.0
opposite,CRCGN004_HA1E_24H:BRD-A23723433-001-02-0:10UM,-0.0789473684210526,BRD-A23723433,paclitaxel,HA1E,24,10.0
opposite,CPC020_VCAP_24H:BRD-K79131256-001-14-6:10,-0.0789473684210526,BRD-K79131256,albendazole,VCAP,24,10.0
similar,CPC019_PC3_24H:BRD-K58288048-001-01-9:10,0.153508771929825,BRD-K58288048,-666,PC3,24,10.0
similar,CPC020_MCF7_24H:BRD-K64517075-001-01-9:10,0.144736842105263,BRD-K64517075,-666,MCF7,24,10.0
similar,CPC019_PC3_24H:BRD-K49010888-001-01-2:10,0.135964912280702,BRD-K49010888,-666,PC3,24,10.0
similar,CPC017_MCF7_24H:BRD-A62336480-001-02-5:10,0.12280701754386,BRD-A62336480,-666,MCF7,24,10.0
similar,CPC004_VCAP_24H:BRD-A69815203-001-05-0:10,0.12280701754386,BRD-A69815203,CYCLOSPORINE,VCAP,24,10.0
similar,CPC001_VCAP_24H:BRD-K74305673-001-01-3:10,0.118421052631579,BRD-K74305673,IMD 0354,VCAP,24,10.0
similar,CPC001_VCAP_24H:BRD-K97365803-001-01-3:10,0.114035087719298,BRD-K97365803,PI 828,VCAP,24,10.0
similar,CPC016_MCF7_24H:BRD-K07762753-001-02-8:10,0.114035087719298,BRD-K07762753,-666,MCF7,24,10.0
similar,CPC004_VCAP_24H:BRD-A58564983-001-03-8:10,0.114035087719298,BRD-A58564983,SELAMECTIN,VCAP,24,10.0
similar,CPC015_MCF7_24H:BRD-K34014345-001-03-4:10,0.114035087719298,BRD-K34014345,-666,MCF7,24,10.0
similar,CPC010_MCF7_24H:BRD-K65955264-005-03-8:10,0.109649122807018,BRD-K65955264,-666,MCF7,24,10.0
similar,LJP001_MDAMB231_24H:BRD-K51313569-001-03-7:2,0.109649122807018,BRD-K51313569,PD0332991,MDAMB231,24,2.0
similar,CPC012_VCAP_24H:BRD-K10573841-001-01-0:10,0.109649122807018,BRD-K10573841,T7765,VCAP,24,10.0
similar,CPC016_MCF7_24H:BRD-A69815203-001-05-0:10,0.109649122807018,BRD-A69815203,-666,MCF7,24,10.0
similar,LJP001_MDAMB231_24H:BRD-K51313569-001-03-7:10,0.109649122807018,BRD-K51313569,PD0332991,MDAMB231,24,10.0
similar,CPC019_VCAP_24H:BRD-K58288048-001-01-9:10,0.109649122807018,BRD-K58288048,-666,VCAP,24,10.0
similar,CPC010_MCF7_24H:BRD-K41845021-004-02-9:10,0.105263157894737,BRD-K41845021,-666,MCF7,24,10.0
similar,CPC012_VCAP_24H:BRD-K61776140-001-01-5:10,0.105263157894737,BRD-K61776140,-666,VCAP,24,10.0
similar,CPC010_PC3_24H:BRD-K99582188-001-04-0:10,0.105263157894737,BRD-K99582188,-666,PC3,24,10.0
similar,CPC017_MCF7_24H:BRD-K14821540-001-03-9:10,0.105263157894737,BRD-K14821540,-666,MCF7,24,10.0
similar,CPC017_MCF7_24H:BRD-K05151076-001-01-8:10,0.105263157894737,BRD-K05151076,-666,MCF7,24,10.0
similar,CPC019_PC3_24H:BRD-K07005393-001-01-0:10,0.105263157894737,BRD-K07005393,-666,PC3,24,10.0
similar,CPC019_PC3_24H:BRD-K43226598-001-01-1:10,0.105263157894737,BRD-K43226598,-666,PC3,24,10.0
similar,CPC006_VCAP_24H:BRD-K69932463-001-03-1:10,0.105263157894737,BRD-K69932463,AZD8055,VCAP,24,10.0
similar,CPC007_VCAP_24H:BRD-A43126523-001-06-4:10,0.100877192982456,BRD-A43126523,NCGC00183690-01,VCAP,24,10.0
