sample,cnv,expr_log2,cohort
TCGA-3L-AA1B-01,-1,9.237,COAD
TCGA-4N-A93T-01,-1,6.611,COAD
TCGA-4T-AA8H-01,-1,6.818,COAD
TCGA-5M-AAT4-01,-2,8.781,COAD
TCGA-5M-AAT5-01,-1,7.66,COAD
TCGA-5M-AAT6-01,0,9.541,COAD
TCGA-5M-AATA-01,0,9.481,COAD
TCGA-5M-AATE-01,-1,8.554,COAD
TCGA-A6-2675-01,-1,9.654,COAD
TCGA-A6-2682-01,-1,8.962,COAD
TCGA-A6-2684-01,-1,9.69,COAD
TCGA-A6-2685-01,-1,9.489,COAD
TCGA-A6-2686-01,-1,8.392,COAD
TCGA-A6-4105-01,-1,8.556,COAD
TCGA-A6-5656-01,-1,7.752,COAD
TCGA-A6-5657-01,-1,9.483,COAD
TCGA-A6-5659-01,-1,8.536,COAD
TCGA-A6-5660-01,-1,8.508,COAD
TCGA-A6-5661-01,0,8.275,COAD
TCGA-A6-5662-01,-1,8.42,COAD
TCGA-A6-5664-01,-1,9.018,COAD
TCGA-A6-5665-01,0,7.212,COAD
TCGA-A6-5666-01,-1,8.387,COAD
TCGA-A6-5667-01,-1,8.907,COAD
TCGA-A6-6137-01,-1,8.29,COAD
TCGA-A6-6138-01,-1,8.5,COAD
TCGA-A6-6140-01,-1,7.878,COAD
TCGA-A6-6141-01,0,8.231,COAD
TCGA-A6-6142-01,0,9.58,COAD
TCGA-A6-6648-01,-1,8.022,COAD
TCGA-A6-6649-01,0,10.26,COAD
TCGA-A6-6650-01,-1,7.814,COAD
TCGA-A6-6651-01,-1,10.25,COAD
TCGA-A6-6652-01,0,7.686,COAD
TCGA-A6-6653-01,-1,8.973,COAD
TCGA-A6-6654-01,-1,10.22,COAD
TCGA-A6-6780-01,0,7.507,COAD
TCGA-A6-6781-01,0,10.05,COAD
TCGA-A6-6782-01,-1,9.272,COAD
TCGA-A6-A565-01,0,9.346,COAD
TCGA-A6-A566-01,0,10.63,COAD
TCGA-A6-A567-01,-1,9.275,COAD
TCGA-A6-A56B-01,-1,9.502,COAD
TCGA-A6-A5ZU-01,-1,9.854,COAD
TCGA-AA-3489-01,-1,9.833,COAD
TCGA-AA-3492-01,0,8.441,COAD
TCGA-AA-3495-01,-1,7.641,COAD
TCGA-AA-3496-01,-1,8.91,COAD
TCGA-AA-3502-01,0,6.609,COAD
TCGA-AA-3506-01,0,8.273,COAD
TCGA-AA-3511-01,-1,8.621,COAD
TCGA-AA-3526-01,-1,8.635,COAD
TCGA-AA-3655-01,-1,8.383,COAD
TCGA-AA-3660-01,-1,8.854,COAD
TCGA-AA-3662-01,-2,8.984,COAD
TCGA-AA-3663-01,0,6.465,COAD
TCGA-AA-3675-01,0,8.28,COAD
TCGA-AA-3685-01,-1,7.251,COAD
TCGA-AA-3697-01,-1,7.884,COAD
TCGA-AA-3712-01,-1,9.106,COAD
TCGA-AA-3713-01,0,7.612,COAD
TCGA-AA-A01P-01,0,10.27,COAD
TCGA-AA-A01X-01,-1,8.944,COAD
TCGA-AA-A01Z-01,-1,7.639,COAD
TCGA-AA-A02Y-01,0,7.663,COAD
TCGA-AD-5900-01,1,9.06,COAD
TCGA-AD-6548-01,0,9.344,COAD
TCGA-AD-6888-01,-1,6.97,COAD
TCGA-AD-6889-01,0,7.766,COAD
TCGA-AD-6890-01,-1,8.08,COAD
TCGA-AD-6895-01,0,8.791,COAD
TCGA-AD-6899-01,-1,9.819,COAD
TCGA-AD-6901-01,-1,9.681,COAD
TCGA-AD-6963-01,-1,7.639,COAD
TCGA-AD-6964-01,0,9.33,COAD
TCGA-AD-6965-01,-1,8.696,COAD
TCGA-AD-A5EJ-01,0,8.496,COAD
TCGA-AD-A5EK-01,-1,7.97,COAD
TCGA-AM-5820-01,-1,8.448,COAD
TCGA-AM-5821-01,0,9.837,COAD
TCGA-AU-3779-01,-1,8.639,COAD
TCGA-AU-6004-01,0,9.389,COAD
TCGA-AY-5543-01,-1,8.126,COAD
TCGA-AY-6196-01,1,10.43,COAD
TCGA-AY-6197-01,0,7.138,COAD
TCGA-AY-6386-01,0,7.415,COAD
TCGA-AY-A54L-01,-1,7.703,COAD
TCGA-AY-A69D-01,-1,8.173,COAD
TCGA-AY-A71X-01,0,7.514,COAD
TCGA-AY-A8YK-01,-1,7.468,COAD
TCGA-AZ-4313-01,0,7.08,COAD
TCGA-AZ-4315-01,0,7.99,COAD
TCGA-AZ-4323-01,0,10.09,COAD
TCGA-AZ-4614-01,-1,8.447,COAD
TCGA-AZ-4615-01,0,8.704,COAD
TCGA-AZ-4616-01,-1,8.632,COAD
TCGA-AZ-4682-01,-1,7.521,COAD
TCGA-AZ-4684-01,-1,8.689,COAD
TCGA-AZ-5403-01,-1,8.437,COAD
TCGA-AZ-5407-01,-1,6.922,COAD
TCGA-AZ-6598-01,0,8.453,COAD
TCGA-AZ-6599-01,0,6.236,COAD
TCGA-AZ-6600-01,-1,9.166,COAD
TCGA-AZ-6601-01,0,8.807,COAD
TCGA-AZ-6603-01,-1,9.097,COAD
TCGA-AZ-6605-01,-1,10.05,COAD
TCGA-AZ-6606-01,-2,8.335,COAD
TCGA-AZ-6607-01,-1,10.27,COAD
TCGA-AZ-6608-01,-1,8.604,COAD
TCGA-CA-5254-01,-1,9.8,COAD
TCGA-CA-5255-01,0,7.183,COAD
TCGA-CA-5256-01,-1,6.737,COAD
TCGA-CA-5796-01,0,6.76,COAD
TCGA-CA-5797-01,-1,9.03,COAD
TCGA-CA-6715-01,-1,7.753,COAD
TCGA-CA-6716-01,-1,8.915,COAD
TCGA-CA-6717-01,0,9.373,COAD
TCGA-CA-6718-01,0,10.55,COAD
TCGA-CA-6719-01,-1,10.26,COAD
TCGA-CK-4947-01,0,8.413,COAD
TCGA-CK-4948-01,-1,9.072,COAD
TCGA-CK-4950-01,0,7.766,COAD
TCGA-CK-4951-01,0,9.332,COAD
TCGA-CK-4952-01,0,6.98,COAD
TCGA-CK-5912-01,-1,9.245,COAD
TCGA-CK-5913-01,0,8.66,COAD
TCGA-CK-5914-01,-1,8.488,COAD
TCGA-CK-5915-01,-1,7.403,COAD
TCGA-CK-5916-01,0,9.691,COAD
TCGA-CK-6746-01,0,8.37,COAD
TCGA-CK-6747-01,0,8.284,COAD
TCGA-CK-6748-01,-1,9.546,COAD
TCGA-CK-6751-01,0,8.463,COAD
TCGA-CM-4743-01,0,8.073,COAD
TCGA-CM-4744-01,0,8.874,COAD
TCGA-CM-4747-01,-1,8.404,COAD
TCGA-CM-4751-01,-1,9.076,COAD
TCGA-CM-5344-01,-1,9.717,COAD
TCGA-CM-5348-01,1,10.35,COAD
TCGA-CM-5349-01,-1,9.222,COAD
TCGA-CM-5860-01,0,9.198,COAD
TCGA-CM-5861-01,0,9.144,COAD
TCGA-CM-5862-01,-1,7.785,COAD
TCGA-CM-5863-01,0,9.202,COAD
TCGA-CM-5864-01,-1,8.131,COAD
TCGA-CM-5868-01,-1,8.966,COAD
TCGA-CM-6161-01,0,8.804,COAD
TCGA-CM-6162-01,0,9.904,COAD
TCGA-CM-6163-01,-1,8.569,COAD
TCGA-CM-6164-01,-1,8.95,COAD
TCGA-CM-6165-01,-1,8.995,COAD
TCGA-CM-6166-01,-1,8.688,COAD
TCGA-CM-6167-01,0,10.68,COAD
TCGA-CM-6168-01,0,10.32,COAD
TCGA-CM-6169-01,-1,9.544,COAD
TCGA-CM-6170-01,-1,9.204,COAD
TCGA-CM-6171-01,1,8.638,COAD
TCGA-CM-6172-01,-1,8.564,COAD
TCGA-CM-6674-01,0,8.547,COAD
TCGA-CM-6675-01,-1,8.557,COAD
TCGA-CM-6676-01,-1,8.669,COAD
TCGA-CM-6677-01,-2,8.419,COAD
TCGA-CM-6678-01,-1,8.402,COAD
TCGA-CM-6679-01,-1,9.841,COAD
TCGA-CM-6680-01,-1,9.319,COAD
TCGA-D5-5537-01,-1,9.229,COAD
TCGA-D5-5538-01,-1,9.589,COAD
TCGA-D5-5539-01,-1,9.176,COAD
TCGA-D5-5540-01,-1,8.23,COAD
TCGA-D5-5541-01,-1,8.568,COAD
TCGA-D5-6529-01,-1,10.34,COAD
TCGA-D5-6530-01,0,8.587,COAD
TCGA-D5-6531-01,-1,9.163,COAD
TCGA-D5-6532-01,-1,7.576,COAD
TCGA-D5-6533-01,-1,7.963,COAD
TCGA-D5-6534-01,0,10.73,COAD
TCGA-D5-6535-01,-2,8.15,COAD
TCGA-D5-6536-01,-1,9.12,COAD
TCGA-D5-6537-01,0,7.62,COAD
TCGA-D5-6538-01,-1,7.808,COAD
TCGA-D5-6539-01,-1,8.132,COAD
TCGA-D5-6540-01,1,9.115,COAD
TCGA-D5-6541-01,-1,10.44,COAD
TCGA-D5-6898-01,-1,8.904,COAD
TCGA-D5-6920-01,0,8.018,COAD
TCGA-D5-6922-01,-2,9.705,COAD
TCGA-D5-6923-01,-1,10.22,COAD
TCGA-D5-6924-01,-1,9.792,COAD
TCGA-D5-6926-01,-1,10.24,COAD
TCGA-D5-6927-01,0,9.094,COAD
TCGA-D5-6928-01,1,9.927,COAD
TCGA-D5-6929-01,-1,8.831,COAD
TCGA-D5-6930-01,0,8.691,COAD
TCGA-D5-6931-01,0,10.65,COAD
TCGA-D5-6932-01,-1,8.852,COAD
TCGA-D5-7000-01,0,8.894,COAD
TCGA-DM-A0X9-01,0,8.13,COAD
TCGA-DM-A0XD-01,-1,9.458,COAD
TCGA-DM-A0XF-01,-1,8.678,COAD
TCGA-DM-A1D0-01,-1,6.633,COAD
TCGA-DM-A1D4-01,-1,5.958,COAD
TCGA-DM-A1D6-01,-1,7.381,COAD
TCGA-DM-A1D7-01,-1,7.486,COAD
TCGA-DM-A1D8-01,-2,7.187,COAD
TCGA-DM-A1D9-01,-1,8.476,COAD
TCGA-DM-A1DA-01,-1,6.899,COAD
TCGA-DM-A1DB-01,-1,7.356,COAD
TCGA-DM-A1HA-01,-1,9.508,COAD
TCGA-DM-A1HB-01,0,7.662,COAD
TCGA-DM-A280-01,0,6.874,COAD
TCGA-DM-A282-01,-1,8.778,COAD
TCGA-DM-A285-01,-2,9.334,COAD
TCGA-DM-A288-01,-1,7.093,COAD
TCGA-DM-A28A-01,-1,9.567,COAD
TCGA-DM-A28C-01,0,8.324,COAD
TCGA-DM-A28E-01,-1,6.673,COAD
TCGA-DM-A28F-01,-1,7.985,COAD
TCGA-DM-A28G-01,0,8.863,COAD
TCGA-DM-A28H-01,-1,7.281,COAD
TCGA-DM-A28K-01,-2,7.986,COAD
TCGA-DM-A28M-01,-1,6.919,COAD
TCGA-F4-6459-01,-1,9.618,COAD
TCGA-F4-6460-01,-1,9.271,COAD
TCGA-F4-6461-01,-1,9.029,COAD
TCGA-F4-6463-01,0,9.807,COAD
TCGA-F4-6569-01,-1,10.3,COAD
TCGA-F4-6570-01,0,9.839,COAD
TCGA-F4-6703-01,0,10.5,COAD
TCGA-F4-6704-01,-1,10.01,COAD
TCGA-F4-6805-01,-1,10.06,COAD
TCGA-F4-6806-01,-1,9.133,COAD
TCGA-F4-6807-01,-1,9.582,COAD
TCGA-F4-6808-01,-1,8.11,COAD
TCGA-F4-6809-01,-1,9.223,COAD
TCGA-F4-6854-01,-1,8.606,COAD
TCGA-F4-6855-01,-1,10.07,COAD
TCGA-F4-6856-01,0,7.604,COAD
TCGA-G4-6293-01,0,8.757,COAD
TCGA-G4-6294-01,-1,8.03,COAD
TCGA-G4-6295-01,-1,9.509,COAD
TCGA-G4-6297-01,-1,9.98,COAD
TCGA-G4-6298-01,-1,9.997,COAD
TCGA-G4-6299-01,-1,9.911,COAD
TCGA-G4-6302-01,0,10.66,COAD
TCGA-G4-6303-01,-1,8.637,COAD
TCGA-G4-6304-01,0,7.924,COAD
TCGA-G4-6306-01,-1,6.531,COAD
TCGA-G4-6307-01,-1,7.279,COAD
TCGA-G4-6309-01,0,7.674,COAD
TCGA-G4-6310-01,-1,9.385,COAD
TCGA-G4-6311-01,-1,9.4,COAD
TCGA-G4-6314-01,-1,9.968,COAD
TCGA-G4-6315-01,-1,7.169,COAD
TCGA-G4-6317-01,-1,6.044,COAD
TCGA-G4-6320-01,0,7.034,COAD
TCGA-G4-6321-01,0,6.035,COAD
TCGA-G4-6322-01,0,7.756,COAD
TCGA-G4-6323-01,0,8.492,COAD
TCGA-G4-6586-01,0,7.549,COAD
TCGA-G4-6588-01,0,7.737,COAD
TCGA-G4-6625-01,-1,8.472,COAD
TCGA-G4-6626-01,-1,7.234,COAD
TCGA-G4-6627-01,-1,9.613,COAD
TCGA-G4-6628-01,0,8.976,COAD
TCGA-NH-A50T-01,-1,7.742,COAD
TCGA-NH-A50U-01,-1,9.221,COAD
TCGA-NH-A50V-01,-1,9.198,COAD
TCGA-NH-A5IV-01,0,7.76,COAD
TCGA-NH-A6GA-01,-1,10.03,COAD
TCGA-NH-A6GB-01,0,8.639,COAD
TCGA-NH-A6GC-01,-1,8.814,COAD
TCGA-NH-A8F7-01,-1,7.727,COAD
TCGA-NH-A8F8-01,-1,9.353,COAD
TCGA-QG-A5YV-01,-1,8.549,COAD
TCGA-QG-A5YW-01,0,8.632,COAD
TCGA-QG-A5YX-01,-1,6.462,COAD
TCGA-QG-A5Z1-01,-1,8.854,COAD
TCGA-QG-A5Z2-01,0,7.841,COAD
TCGA-QL-A97D-01,-1,7.302,COAD
TCGA-RU-A8FL-01,-1,6.121,COAD
TCGA-SS-A7HO-01,-1,8.855,COAD
TCGA-T9-A92H-01,-1,8.259,COAD
TCGA-WS-AB45-01,0,10.87,COAD
TCGA-AF-2687-01,-1,10.33,READ
TCGA-AF-2690-01,-2,9.43,READ
TCGA-AF-2693-01,-1,8.156,READ
TCGA-AF-3911-01,-1,8.47,READ
TCGA-AF-4110-01,-1,8.685,READ
TCGA-AF-5654-01,0,7.438,READ
TCGA-AF-6136-01,-1,8.666,READ
TCGA-AF-6655-01,-1,9.269,READ
TCGA-AF-6672-01,-2,7.76,READ
TCGA-AF-A56K-01,-1,9.488,READ
TCGA-AF-A56L-01,-1,8.741,READ
TCGA-AF-A56N-01,-1,8.913,READ
TCGA-AG-3591-01,-1,7.398,READ
TCGA-AG-3592-01,-1,8.267,READ
TCGA-AG-3725-01,-1,8.429,READ
TCGA-AG-3731-01,-1,9.563,READ
TCGA-AG-3732-01,-1,8.527,READ
TCGA-AG-3742-01,-1,8.697,READ
TCGA-AG-3902-01,-1,8.925,READ
TCGA-AG-4021-01,-1,9.785,READ
TCGA-AG-4022-01,-1,8.764,READ
TCGA-AH-6544-01,-1,6.528,READ
TCGA-AH-6547-01,0,9.146,READ
TCGA-AH-6643-01,-1,10.12,READ
TCGA-AH-6644-01,-1,9.95,READ
TCGA-AH-6897-01,-1,7.015,READ
TCGA-AH-6903-01,0,8.395,READ
TCGA-BM-6198-01,-1,8.813,READ
TCGA-CI-6619-01,-1,9.119,READ
TCGA-CI-6620-01,-1,9.019,READ
TCGA-CI-6621-01,-1,9.058,READ
TCGA-CI-6622-01,-1,8.397,READ
TCGA-CI-6623-01,-1,7.888,READ
TCGA-CI-6624-01,-1,9.33,READ
TCGA-CL-4957-01,-1,7.821,READ
TCGA-CL-5917-01,-1,9.058,READ
TCGA-CL-5918-01,-1,7.221,READ
TCGA-DC-4745-01,-1,7.307,READ
TCGA-DC-4749-01,-1,7.499,READ
TCGA-DC-5337-01,-1,7.673,READ
TCGA-DC-5869-01,-1,8.091,READ
TCGA-DC-6154-01,-1,9.168,READ
TCGA-DC-6155-01,-1,6.477,READ
TCGA-DC-6156-01,-1,10.75,READ
TCGA-DC-6157-01,-1,8.314,READ
TCGA-DC-6158-01,-1,10.11,READ
TCGA-DC-6160-01,-1,8.658,READ
TCGA-DC-6681-01,-1,8.962,READ
TCGA-DC-6682-01,-1,8.396,READ
TCGA-DC-6683-01,-1,8.955,READ
TCGA-DT-5265-01,1,9.668,READ
TCGA-DY-A0XA-01,-1,8.304,READ
TCGA-DY-A1DC-01,-1,8.113,READ
TCGA-DY-A1DD-01,-1,8.095,READ
TCGA-DY-A1DE-01,-1,8.008,READ
TCGA-DY-A1DF-01,-1,8.157,READ
TCGA-DY-A1DG-01,-1,6.645,READ
TCGA-DY-A1H8-01,0,8.646,READ
TCGA-EF-5830-01,-1,7.969,READ
TCGA-EF-5831-01,-1,8.846,READ
TCGA-EI-6506-01,-1,8.265,READ
TCGA-EI-6507-01,0,9.576,READ
TCGA-EI-6508-01,-1,8.101,READ
TCGA-EI-6509-01,-1,10.13,READ
TCGA-EI-6510-01,-1,6.963,READ
TCGA-EI-6511-01,-1,8.879,READ
TCGA-EI-6512-01,-1,8.866,READ
TCGA-EI-6513-01,-1,9.407,READ
TCGA-EI-6514-01,-1,8.502,READ
TCGA-EI-6881-01,-1,7.73,READ
TCGA-EI-6882-01,0,8.215,READ
TCGA-EI-6883-01,-1,7.609,READ
TCGA-EI-6884-01,-1,8.832,READ
TCGA-EI-6885-01,-1,9.689,READ
TCGA-EI-6917-01,0,9.88,READ
TCGA-EI-7002-01,-1,8.983,READ
TCGA-EI-7004-01,-1,10.72,READ
TCGA-F5-6464-01,0,10.5,READ
TCGA-F5-6465-01,-1,9.777,READ
TCGA-F5-6571-01,-1,9.277,READ
TCGA-F5-6702-01,-1,11.09,READ
TCGA-F5-6810-01,-1,9.759,READ
TCGA-F5-6811-01,-1,9.735,READ
TCGA-F5-6812-01,-1,9.663,READ
TCGA-F5-6813-01,-1,8.748,READ
TCGA-F5-6814-01,0,9.783,READ
TCGA-F5-6861-01,0,8.893,READ
TCGA-F5-6863-01,-1,9.544,READ
TCGA-F5-6864-01,-1,10.08,READ
TCGA-G5-6233-01,-1,8.555,READ
TCGA-G5-6235-01,-1,7.292,READ
TCGA-G5-6572-01,-1,8.923,READ
TCGA-G5-6641-01,-1,8.065,READ
