,ImmuneSignature,StromalSignature,ESTIMATEScore
GSM1681353,5564.243235444965,1842.4337812055219,7406.677016650487
GSM1681354,4838.62715728944,1997.600997549298,6836.228154838738
GSM1681355,3997.2005009565837,581.7698005153452,4578.970301471929
GSM1681356,4614.929522791419,2878.00684032732,7492.936363118739
GSM1681357,4708.958948917163,1052.323013882744,5761.281962799907
GSM1681358,5074.471626675089,2490.818231928002,7565.2898586030915
GSM1681359,6455.925987028582,2912.6992358994394,9368.625222928022
GSM1681360,5820.029652179981,2561.4184218354912,8381.448074015472
GSM1681361,4719.34696873883,760.731505294556,5480.078474033386
GSM1681362,5714.220133330744,1584.584450241713,7298.804583572457
GSM1681363,4845.150678172386,1205.6839086375749,6050.8345868099605
GSM1681364,3911.534421593895,813.7836392204863,4725.318060814381
GSM1681365,3073.6716229546782,-443.5516456651203,2630.119977289558
GSM1681366,4000.424595546863,885.1531012365576,4885.577696783421
GSM1681367,4924.585913553405,993.5948912164258,5918.1808047698305
GSM1681368,4582.2926468477035,1206.1627845256444,5788.455431373348
GSM1681369,5346.126552671019,1417.1252201076913,6763.251772778711
GSM1681370,5655.149018354279,741.1144618687249,6396.263480223004
GSM1681371,4336.107080037869,798.1685075521837,5134.275587590053
GSM971957,4535.565871948165,2707.8770423148,7243.442914262965
GSM971958,4960.235361189012,3846.8269145734284,8807.06227576244
GSM971959,2869.9756667018337,91.87927052503073,2961.8549372268644
GSM971960,3973.023223965203,161.35380698954577,4134.377030954749
GSM971961,6043.157448869999,4701.404911034544,10744.562359904543
GSM971962,6059.324159702406,5069.674552408251,11128.998712110657
GSM971963,8004.071547949174,3597.096762455736,11601.16831040491
GSM971964,3982.9654837374746,897.8271815848984,4880.792665322373
GSM971965,3877.7623861466473,2204.47633166949,6082.238717816137
GSM971966,3943.075392709243,2473.819599321223,6416.894992030466
GSM971967,2777.130756237364,470.9726147103938,3248.103370947758
GSM971968,6042.876282306499,4060.487495731548,10103.363778038047
GSM971969,6192.795143251966,2080.4695915215034,8273.26473477347
GSM971970,2540.463087769498,342.1127726886825,2882.5758604581806
GSM971971,5959.783468036705,1769.020309525671,7728.803777562376
GSM971972,3919.01163836044,1842.8611048429302,5761.87274320337
GSM971973,2634.091588878593,451.9414474257428,3086.033036304336
GSM971974,3745.053196775547,1827.1154628862078,5572.168659661755
GSM971975,3976.1333149332313,626.0883044042075,4602.221619337439
GSM971976,2001.3377740840078,546.8484412161688,2548.1862153001766
GSM971977,5801.066124933073,3714.0725625518353,9515.138687484909
GSM971978,4906.11528624504,2098.19551371542,7004.31079996046
GSM971979,4559.195937692186,2303.466324660658,6862.662262352844
GSM971980,5796.166465734872,2152.8506557577202,7949.017121492592
GSM971981,5978.427936055687,3557.91269366312,9536.340629718807
GSM971982,6107.115705639413,3512.4141871499523,9619.529892789365
GSM971983,6573.825467126355,3457.84253648959,10031.668003615945
GSM971984,5430.450750277772,3016.532239265649,8446.982989543421
GSM971985,3939.9675649894507,45.779756122539766,3985.7473211119905
GSM971986,5119.069760390874,2926.780947918678,8045.850708309552
GSM971987,5854.533815719105,3920.3739486976447,9774.90776441675
GSM971988,3031.198213692107,1009.4278491258083,4040.626062817915
GSM971989,2518.3254171433528,-85.78607726552946,2432.5393398778233
GSM971990,5505.05674158749,1588.1946802620805,7093.251421849571
GSM971991,4449.074504826638,2869.167175235536,7318.241680062174
GSM971992,4023.83676272539,2.3028144843065093,4026.1395772096967
GSM971993,5049.927303516015,1809.512321838376,6859.439625354391
GSM971994,2861.828811385727,1763.2920558099559,4625.120867195683
GSM971995,4921.115480508122,2012.215366064258,6933.33084657238
GSM971996,6984.041881960551,5273.939272656353,12257.981154616904
GSM971997,7465.609984205928,2727.531009151189,10193.140993357118
GSM971998,4899.857498063895,2124.7051386072253,7024.56263667112
GSM971999,5838.131043454321,3016.502314481633,8854.633357935954
GSM972000,3511.9972505164005,2150.815138996206,5662.812389512606
GSM972001,4464.494793213431,417.50735387806344,4882.002147091494
GSM972002,3354.8632937463462,1145.5231821280413,4500.3864758743875
GSM972003,3054.1727276841884,93.95939253977122,3148.1321202239596
GSM972004,3757.080018843668,1154.1587172878808,4911.238736131549
GSM972005,902.409034918257,-2636.2081169020967,-1733.7990819838396
GSM972006,4506.862801631423,2958.302498581128,7465.165300212551
GSM972007,5680.304950186062,4196.68335428775,9876.988304473813
GSM972008,5357.9650608134725,3409.5637395846898,8767.528800398162
GSM972009,4346.7875773934575,2473.93778750242,6820.725364895878
GSM972010,4713.003094300662,3062.3831812868902,7775.3862755875525
GSM972011,5449.631075255957,5314.044273314046,10763.675348570003
GSM972012,3533.963313170505,52.238814608657776,3586.2021277791628
GSM972013,2428.6934359695497,2052.5170789340245,4481.210514903574
GSM972014,2589.6028969698127,1131.2716923026,3720.874589272413
GSM972015,3357.939484145276,1031.5103931275808,4389.449877272857
GSM972016,4383.278175697911,2172.3365916067814,6555.614767304693
GSM972017,4547.057117924533,1839.1302874050125,6386.187405329545
GSM972018,5603.46585374799,2834.5885348992524,8438.054388647242
GSM972019,6304.313900983896,3733.783184222939,10038.097085206835
GSM972020,4690.815091504315,2433.45040151817,7124.265493022485
GSM972021,2349.5738403106006,149.81615432042418,2499.389994631025
GSM972022,4500.231647606897,1968.4708027941651,6468.702450401062
GSM972023,3872.0173086716386,1622.756256116414,5494.773564788053
GSM972024,2552.726371764851,-122.25570871583295,2430.470663049018
GSM972025,4121.066816298344,1423.7747822907604,5544.841598589104
GSM972026,5426.785804986968,3711.3461082955982,9138.131913282567
GSM972027,2169.094764067946,450.21194467121495,2619.306708739161
GSM972028,5149.499539088865,1799.2355380850277,6948.735077173893
GSM972029,4170.619169895112,3101.651016576294,7272.270186471405
GSM972030,4009.83328666703,3403.5116224583653,7413.344909125395
GSM972031,3120.6689763731265,2088.277232392282,5208.946208765408
GSM972032,3540.6304575210743,1624.6644914937478,5165.294949014822
GSM972033,1574.6113517969588,-1559.589926799963,15.021424996995847
GSM972034,2502.571447818631,-699.0636716802546,1803.5077761383764
GSM972035,1945.8533011649306,-874.2987448344193,1071.5545563305113
GSM972036,3111.5330957622446,742.0749414931179,3853.6080372553624
GSM972037,3400.9338718402123,-472.01774994859625,2928.916121891616
GSM972038,3164.717993345401,507.04170197202257,3671.7596953174234
GSM972039,5595.001974344685,4315.418781800048,9910.420756144733
GSM972040,3309.4131520171286,1138.583721435778,4447.996873452907
GSM972041,2785.062221036036,1707.1377552131835,4492.19997624922
GSM972042,4023.77920167493,276.78827315656963,4300.5674748315
GSM972043,2640.353464290558,1143.0268804264597,3783.3803447170176
GSM972044,2038.0861420159763,-1673.4382233133128,364.64791870266345
GSM972045,2665.23721789525,116.05180464541627,2781.2890225406663
GSM972046,5806.812489919774,3298.15383618556,9104.966326105334
GSM972047,2625.215399059056,1887.3265984847021,4512.541997543758
GSM972048,2770.700200380299,788.6363467361261,3559.336547116425
GSM972049,2027.6199866570278,-558.1779677569848,1469.442018900043
GSM972050,3612.202255278926,11.879039405470394,3624.081294684396
GSM972051,4094.907559057714,4198.728251670715,8293.635810728429
GSM972052,3548.249121675224,2041.2610989262648,5589.510220601489
GSM972053,1894.2933091536997,-89.22346487525647,1805.0698442784433
GSM972054,5394.0642602615935,3936.978169253476,9331.04242951507
GSM972055,4769.827370596895,2316.200915117379,7086.028285714274
GSM972056,3707.9969967465095,1027.2888478764598,4735.285844622969
GSM972057,3452.843026670971,582.591896220958,4035.434922891929
GSM972058,6324.394755522186,3268.366045998493,9592.760801520679
GSM972059,6249.724888819344,3541.248900393264,9790.973789212609
GSM972060,4980.093618559318,2587.6523281773516,7567.74594673667
GSM972061,3888.459030342927,1260.4109160757343,5148.869946418661
GSM972062,4337.001783189638,2072.8423847594167,6409.844167949055
GSM972063,5182.974583474805,3461.824681293014,8644.799264767818
GSM972064,5911.485784873501,3933.298981479211,9844.784766352712
GSM972065,4703.163519907888,2671.71921825589,7374.882738163778
GSM972066,4934.267283319736,2165.1057236884226,7099.373007008158
GSM972067,5080.644047494359,3583.4268712300636,8664.070918724423
GSM972068,6302.541050435406,5152.319993838479,11454.861044273885
GSM972069,3751.9924297037196,2544.70896780578,6296.7013975095
GSM972070,4960.927485378914,2068.228144930603,7029.155630309517
GSM972071,4008.3824678065066,2792.172978688155,6800.555446494662
GSM972072,6385.257294488476,3924.633743593633,10309.891038082109
GSM972073,5948.274481785558,4069.2773091100935,10017.551790895652
GSM972074,5102.812596533959,2025.355969283397,7128.168565817356
GSM972075,5070.576123995155,2126.2288921127874,7196.805016107943
GSM972076,5779.447833419585,3456.2316445686465,9235.679477988231
GSM972077,5271.993296888151,3117.058294193601,8389.051591081752
GSM972078,4196.289218631284,3326.489110861974,7522.778329493258
GSM972079,6094.666850866557,3521.93629976581,9616.603150632367
GSM972080,4468.1278003839725,2398.5790391689516,6866.706839552924
GSM972081,4024.051724980194,2066.120122063321,6090.171847043515
GSM972082,5460.825700493724,4391.44587660767,9852.271577101394
GSM972083,5281.680795884489,2632.2453457976917,7913.926141682181
GSM972084,6116.967897978446,3409.227882889427,9526.195780867873
GSM972085,5199.1016889676575,2471.2731550605913,7670.374844028249
GSM972086,3011.733009670528,1127.2721823062893,4139.0051919768175
GSM972087,4576.661421630652,183.0728277575672,4759.734249388219
GSM972088,5455.641019935523,3129.8281918954,8585.469211830923
GSM972089,5095.673889683185,3941.720052591845,9037.39394227503
GSM972090,1678.0229538920685,-892.1336524493126,785.8893014427558
GSM972091,3067.1445706594004,-834.4400788374332,2232.704491821967
GSM972092,4905.52934607671,3753.7892682333204,8659.31861431003
GSM972093,3999.4125872616314,3415.9853863355875,7415.397973597219
GSM972094,5307.596257720541,3089.1034694290593,8396.6997271496
GSM972095,4136.668064754851,2996.5833454845906,7133.251410239442
GSM972096,1387.195315751118,-1336.1851741213159,51.01014162980209
GSM972097,4345.781622025217,3907.1424067575226,8252.92402878274
GSM972098,2426.7351772554393,-804.1456403340799,1622.5895369213595
GSM972099,2555.044903904769,101.91067730838222,2656.955581213151
GSM972100,3404.2804454264697,509.62409023527107,3913.9045356617407
GSM972101,4731.135048015762,1497.5789503671313,6228.713998382893
GSM972102,6809.649655508092,3283.8149368072154,10093.464592315308
GSM972103,5290.197378370365,2531.261847907139,7821.459226277504
GSM972104,5719.518966451842,4448.2589175589055,10167.777884010748
GSM972105,2768.02317899248,1334.4824055637273,4102.505584556207
GSM972106,2868.954367436958,1443.8799597425332,4312.834327179491
GSM972107,4845.35032876442,2015.6850700205505,6861.03539878497
GSM972108,4263.431780008481,1115.2955818229202,5378.727361831401
GSM972109,4136.766001118509,761.4109004202164,4898.176901538725
GSM972110,4448.085807728741,798.6010166715732,5246.686824400314
GSM972111,4635.366000169362,1435.3716219621165,6070.737622131479
GSM972112,6036.696372845652,4248.683466705306,10285.379839550958
GSM972113,5713.380857530288,4789.099949952122,10502.48080748241
GSM972114,3717.522695135034,1028.2760079778873,4745.798703112921
GSM972115,3492.186762005009,1312.3173457357225,4804.504107740731
GSM972116,4273.302035136789,1921.5131344196398,6194.815169556428
GSM972117,6895.862035995373,2637.6627673035455,9533.524803298918
GSM972118,2372.2909282699093,-220.08568285575348,2152.205245414156
GSM972119,2686.2862389126894,1274.3526397812275,3960.638878693917
GSM972120,5333.0181162891895,3005.498421715376,8338.516538004566
GSM972121,4606.128793619995,1139.9761707917241,5746.104964411719
GSM972122,1953.7569027674836,-349.76377757593764,1603.993125191546
GSM972123,3057.902222183584,-96.67265265429705,2961.229569529287
GSM972124,4763.625523663297,2185.173118660121,6948.798642323418
GSM972125,4705.176063662357,3290.507188503232,7995.683252165589
GSM972126,1835.3112024924121,-322.9798486492364,1512.3313538431757
GSM972127,4534.374069525522,2768.9193316055407,7303.293401131063
GSM972128,5118.9708386274815,3076.238903286583,8195.209741914065
GSM972129,4754.154418723256,1331.1772296901636,6085.331648413419
GSM972130,2555.2787343714153,-214.53866690956602,2340.7400674618493
GSM972131,5382.653410261664,4188.069462947924,9570.722873209588
GSM972132,3646.6938126240348,2480.051116430006,6126.744929054041
GSM972133,5273.310646120639,3532.3588337619167,8805.669479882556
GSM972134,4823.376135018289,2574.2350669472726,7397.611201965561
GSM972135,1854.1455979803322,-1190.4565309825084,663.6890669978238
GSM972136,3663.642885400066,1177.1297929220327,4840.772678322099
GSM972137,3269.6074595263963,768.2808469746269,4037.888306501023
GSM972138,3065.710857246886,257.8354424295012,3323.546299676387
GSM972139,2817.9707689564475,254.67307567261741,3072.643844629065
GSM972140,5004.401891692558,4150.92390052725,9155.325792219808
GSM972141,4820.576401844977,2965.764688939429,7786.341090784406
GSM972142,3502.703058582694,1337.0525609433353,4839.7556195260295
GSM972143,4248.027164516199,2258.555012417355,6506.582176933554
GSM972144,3122.8502009166023,385.1009882789476,3507.95118919555
GSM972145,4514.8226728600075,1910.2105846959148,6425.033257555922
GSM972146,4169.832881947419,3084.3329576101314,7254.1658395575505
GSM972147,3416.6270684429946,1708.1579835553766,5124.785051998371
GSM972148,4002.9866189856602,1728.7688364628411,5731.755455448501
GSM972149,3136.9889565880203,652.6007643808716,3789.589720968892
GSM972150,4558.785090506943,1872.1123691850935,6430.897459692036
GSM972151,3486.623289432351,-26.483312302640115,3460.139977129711
GSM972152,3274.311199149084,502.519346175588,3776.830545324672
GSM972153,4339.21376650393,1746.9444115806127,6086.158178084543
GSM972154,3263.949529650903,874.3088943947168,4138.25842404562
GSM972155,2463.8151814807625,16.874519528728342,2480.689701009491
GSM972156,3824.5420143892134,1809.8281140819636,5634.370128471177
GSM972157,3719.9174035471606,2293.8450498335205,6013.762453380681
GSM972158,6187.763766617531,3951.8956978232018,10139.659464440732
GSM972159,3578.8841908952763,1097.4321314904755,4676.316322385752
GSM972160,4578.3654636094525,2043.9362814187261,6622.301745028179
GSM972161,2214.6003519071946,814.168896681871,3028.7692485890657
GSM972162,4836.539189731373,2826.2818672132616,7662.821056944635
GSM972163,4334.950554422328,1788.0879905359961,6123.038544958325
GSM972164,4413.860813868196,2963.160087653321,7377.020901521517
GSM972165,4408.269481822828,3159.0929241211725,7567.362405944001
GSM972166,3505.9382086315327,1610.2657701789394,5116.203978810472
GSM972167,5090.146258120605,1750.0117445530905,6840.158002673696
GSM972168,5199.874019331717,2672.2139295028755,7872.087948834593
GSM972169,3789.3943643918046,771.5480785801756,4560.94244297198
GSM972170,4603.98537031693,2852.984419197517,7456.969789514447
GSM972171,6859.5719865099745,3333.006208363897,10192.578194873871
GSM972172,3020.8227864540986,-215.29821780380553,2805.524568650293
GSM972173,3253.993009466207,1239.0986471926317,4493.0916566588385
GSM972174,3236.2311381680593,685.0987880625216,3921.329926230581
GSM972175,3213.805002865447,1117.1138143151766,4330.918817180624
GSM972176,4860.386699610735,3238.2473757154785,8098.634075326214
GSM972177,4012.300375577159,1328.4767504092288,5340.777125986388
GSM972178,3737.61738455846,155.63034977359348,3893.2477343320534
GSM972179,6647.987671387258,3058.9905772743587,9706.978248661617
GSM972180,5997.080557747187,1110.8226250311636,7107.903182778351
GSM972181,5630.79268600336,4827.856122553834,10458.648808557195
GSM972182,3132.8997760219263,422.133533554279,3555.0333095762053
GSM972183,1899.5074495216668,-1103.6555255169424,795.8519240047244
GSM972184,5020.919340154916,3799.8555298143365,8820.774869969253
GSM972185,2101.2598775095194,756.6979069684276,2857.957784477947
GSM972186,5757.35967966066,4322.91448672506,10080.27416638572
GSM972187,4945.216304048212,3758.651739017332,8703.868043065544
GSM972188,3606.231931783761,976.680532200935,4582.912463984696
GSM972189,6169.9703664413955,1669.6182738990428,7839.588640340438
GSM972190,2789.087039697657,695.6156402806628,3484.70267997832
GSM972191,2901.773504336972,1279.0149194203568,4180.788423757329
GSM972192,4992.109355037068,2137.151196519697,7129.260551556765
GSM972193,3398.2201441859033,408.157465438293,3806.3776096241963
GSM972194,4202.513827956736,888.8512487006847,5091.365076657421
GSM972195,4328.559019600549,524.1867436551947,4852.745763255743
GSM972196,4429.719861259524,144.61551810198034,4574.335379361504
GSM972197,3326.2143225006857,620.6173905483247,3946.8317130490104
GSM972198,3166.5643700393193,160.12032029513466,3326.684690334454
GSM972199,3167.665952334868,776.210921220918,3943.876873555786
GSM972200,3736.9361167681254,1940.8867498391191,5677.822866607245
GSM972201,5680.26687832535,3916.6970106852186,9596.963889010569
GSM972202,4349.763511611154,1272.3527595138803,5622.1162711250345
GSM972203,5085.623275213538,2278.442077408965,7364.065352622503
GSM972204,5488.824588585938,3563.376473814509,9052.201062400447
GSM972205,6102.835973866628,2278.0781061836024,8380.91408005023
GSM972206,4089.2117121482534,2908.979353316232,6998.191065464485
GSM972207,4223.665961908735,2336.9114647843817,6560.577426693117
GSM972208,6479.2956609275025,4561.700319043974,11040.995979971476
GSM972209,6047.021267654794,2044.206561672172,8091.2278293269665
GSM972210,3874.9076301067344,2879.018682564636,6753.92631267137
GSM972211,2911.4152435521137,2018.194862524224,4929.610106076338
GSM972212,4267.1317580297,469.3654643318441,4736.497222361544
GSM972213,2446.1830103914654,1628.3288693622508,4074.511879753716
GSM972214,3244.383818185139,-315.7033886088175,2928.6804295763213
GSM972215,5248.345078174703,2624.1921566682995,7872.537234843003
GSM972216,4006.7410968032946,605.3577973527408,4612.098894156035
GSM972217,3334.0695598044003,1666.8889194288986,5000.958479233299
GSM972218,3313.3881949347615,-545.5081700305636,2767.880024904198
GSM972219,2773.2148604351387,1315.3096195106482,4088.524479945787
GSM972220,6736.252292919078,3105.2938734935524,9841.54616641263
GSM972221,4165.429385771738,836.4237027544623,5001.853088526201
GSM972222,3899.3350289079244,1468.7020967807202,5368.037125688645
GSM972223,5456.026239347446,3164.9210074843213,8620.947246831767
GSM972224,6500.943748780697,3476.435128824938,9977.378877605635
GSM972225,4906.029936034867,1975.3048531074874,6881.334789142355
GSM972226,4240.604411214648,1612.096447599759,5852.700858814407
GSM972227,3822.4464757718088,406.6964408488948,4229.1429166207035
GSM972228,4396.9817180742775,547.9989330161116,4944.980651090389
GSM972229,5753.015335537939,2531.7185613311212,8284.73389686906
GSM972230,2923.182933391261,1129.0865254547662,4052.269458846027
GSM972231,5864.579324346765,4266.627577864485,10131.20690221125
GSM972232,5658.318748552456,3633.950810796783,9292.269559349239
GSM972233,5321.362032525078,2073.7164775468445,7395.078510071922
GSM972234,5312.4158826767,4958.992386422882,10271.408269099582
GSM972235,4632.014309225709,3391.186511770131,8023.20082099584
GSM972236,3629.1533330974253,1791.995414766052,5421.148747863477
GSM972237,3441.8220390690985,1102.4961007760103,4544.318139845109
GSM972238,4594.087791795251,3137.569675652667,7731.657467447918
GSM972239,5985.998637863866,3176.556362325862,9162.555000189728
GSM972240,5982.386700355835,3418.7749285939353,9401.16162894977
GSM972241,4549.766041038194,1220.7106155705806,5770.476656608775
GSM972242,5272.546045882345,3654.1166314796446,8926.66267736199
GSM972243,5302.144935289396,2248.3341861126064,7550.479121402002
GSM972244,5601.536663727176,2473.19090167777,8074.727565404946
GSM972245,4089.4746164361604,1688.5505576654814,5778.025174101642
GSM972246,2823.7316528620468,1642.2432806897068,4465.974933551754
GSM972247,3914.4775958336777,816.229374175362,4730.70697000904
GSM972248,3989.0261962647764,1329.1840675286003,5318.210263793377
GSM972249,4450.418966020259,2254.582357240786,6705.001323261045
GSM972250,3313.3363082715623,2035.5894815472457,5348.925789818808
GSM972251,4005.4417231876196,3559.2389410123687,7564.680664199988
GSM972252,4982.345476095317,3215.264692557039,8197.610168652356
GSM972253,3641.3519777669026,1201.2613762441397,4842.613354011042
GSM972254,4510.066373335454,3248.615197744288,7758.681571079742
GSM972255,3572.201940428753,3515.678140031383,7087.880080460136
GSM972256,3722.35680696445,1517.3248033664531,5239.681610330903
GSM972257,4270.246926193915,1127.2663084206542,5397.513234614569
GSM972258,3405.8600334574076,1711.918254792563,5117.7782882499705
GSM972259,4889.826518793105,1992.2148293244663,6882.041348117571
GSM972260,3604.0016420774537,1079.9166688000787,4683.918310877532
GSM972261,5279.356038775128,1879.8194340765094,7159.175472851637
GSM972262,6695.433456539757,5620.013324096524,12315.44678063628
GSM972263,5574.074768631741,2492.9520572132624,8067.026825845003
GSM972264,4811.585935686135,1018.4302714096175,5830.016207095752
GSM972265,4058.8609361147883,1824.3364711801169,5883.197407294905
GSM972266,1730.3729608587964,-596.0040724961218,1134.3688883626746
GSM972267,3792.4770359952854,1781.1844709037323,5573.661506899018
GSM972268,3311.76045031608,772.5007393457672,4084.2611896618473
GSM972269,5165.995431792535,940.5297336863969,6106.525165478932
GSM972270,5219.669616736466,1763.9173401790322,6983.586956915498
GSM972271,2859.902943367766,445.1138355861658,3305.016778953932
GSM972272,3241.9015766404464,283.9118158891306,3525.813392529577
GSM972273,4153.9576804135595,379.265678443895,4533.2233588574545
GSM972274,5703.579459725346,2843.698034070121,8547.277493795467
GSM972275,7210.197838286245,4029.7411040078514,11239.938942294097
GSM972276,4486.597843737634,847.1385014423413,5333.736345179976
GSM972277,3185.717944257889,357.47934311955396,3543.197287377443
GSM972278,5181.646683163608,1683.0755176778584,6864.7222008414665
GSM972279,5168.265127846647,3811.3603154553857,8979.625443302033
GSM972280,5435.721098849299,2562.1721822748314,7997.89328112413
GSM972281,5188.8981028754715,2071.9698403816674,7260.867943257139
GSM972282,4109.565487201735,1156.6749938336798,5266.240481035415
GSM972283,5273.069610533745,2239.1160647566066,7512.185675290351
GSM972284,2959.742947304374,-498.0720886932777,2461.6708586110963
GSM972285,3504.0136684881254,1411.9187335416555,4915.932402029781
GSM972286,4833.196216068789,2284.5900159231387,7117.786231991928
GSM972287,6155.717783137128,3538.0563420354756,9693.774125172604
GSM972288,2743.2625701872166,442.11485477517635,3185.377424962393
GSM972289,3457.4203608964854,1111.115369962181,4568.535730858666
GSM972290,6206.330281947567,3824.8666469714444,10031.196928919011
GSM972291,4409.238689922,2896.947012859091,7306.185702781091
GSM972292,4685.7294986760935,1362.8318132343775,6048.561311910471
GSM972293,5308.414125655463,3059.9783491104354,8368.392474765898
GSM972294,7099.600211598603,2728.8425369748,9828.442748573403
GSM972295,2433.2178240461362,86.41036378896752,2519.6281878351037
GSM972296,4817.092697208922,253.2509798887586,5070.3436770976805
GSM972297,5914.585054040166,3575.1606381664988,9489.745692206665
GSM972298,4235.638718502654,1406.8465087909517,5642.485227293606
GSM972299,4313.559981286287,2862.158480804015,7175.718462090303
GSM972300,4276.790052883611,1248.8551704234524,5525.645223307063
GSM972301,6517.643594540039,3830.9499831223256,10348.593577662365
GSM972302,3254.2350199235607,907.1981921143215,4161.433212037882
GSM972303,2785.822948887593,192.2376074304011,2978.0605563179943
GSM972304,3610.0873628540085,-697.9147334563786,2912.17262939763
GSM972305,7107.849897895616,2942.7645047791702,10050.614402674786
GSM972306,2656.346309083434,430.6306840468642,3086.976993130298
GSM972307,4080.5460731079584,2.657795596276628,4083.203868704235
GSM972308,5988.4258695222015,2020.1773004641,8008.6031699863015
GSM972309,1916.1741211530898,-1064.258462728565,851.9156584245247
GSM972310,4012.666829253767,2130.810508790093,6143.47733804386
GSM972311,2113.253743681493,979.3815811801232,3092.635324861616
GSM972312,2599.927487694704,-198.14686851325132,2401.7806191814525
GSM972313,1542.1910746037865,-43.30958200978239,1498.8814925940042
GSM972314,5799.543219327263,1294.2339575228325,7093.777176850095
GSM972315,4375.488924954723,410.03078255892797,4785.519707513651
GSM972316,4294.434138493736,1471.2824443038098,5765.716582797546
GSM972317,4429.406515161381,2198.08559997486,6627.492115136241
GSM972318,4031.630440247023,1876.4851230253698,5908.115563272393
GSM972319,3021.9678958944987,559.5930145373459,3581.5609104318446
GSM972320,3031.144586250124,977.198158403533,4008.342744653657
GSM972321,4395.9983755493395,2079.0886845615805,6475.08706011092
GSM972322,6050.129976999193,2303.7815454516094,8353.911522450802
GSM972323,2756.7288692633283,798.2409993249421,3554.9698685882704
GSM972324,3584.1510947921433,1060.418777459834,4644.569872251977
GSM972325,5297.280984309717,1963.2020198103692,7260.483004120086
GSM972326,3688.0242666512077,-236.59369732996674,3451.430569321241
GSM972327,6623.938443608984,3928.3288074481898,10552.267251057174
GSM972328,2876.7342770074138,2137.9166503171928,5014.6509273246065
GSM972329,5321.011874051976,3187.914606467284,8508.92648051926
GSM972330,5592.077925714591,3101.3362481792083,8693.4141738938
GSM972331,4335.29333462728,2035.8562126771085,6371.149547304389
GSM972332,3604.5402342899197,2369.905111921824,5974.4453462117435
GSM972333,3673.7011923977607,1501.6842801295497,5175.38547252731
GSM972334,7037.060376253392,4372.379480328966,11409.439856582358
GSM972335,4180.505112197421,1491.7386152087092,5672.24372740613
GSM972336,3703.4785158426566,1807.5943435404424,5511.072859383099
GSM972337,7640.432167883453,2926.3615374494857,10566.793705332939
GSM972338,4658.1338388285185,1103.3349857441317,5761.46882457265
GSM972339,3960.9554006132494,2064.6124937479926,6025.567894361242
GSM972340,4225.869006371544,1228.4661447001345,5454.335151071678
GSM972341,4923.038571966692,2011.6339397616339,6934.672511728326
GSM972342,4022.4525434663137,2380.3651919829863,6402.8177354493
GSM972343,4141.065833144432,1465.617060903527,5606.682894047959
GSM972344,2988.0310070649048,962.188620294568,3950.2196273594727
GSM972345,4755.108944146485,3950.2795166081596,8705.388460754644
GSM972346,2339.617635854016,306.7440337295975,2646.3616695836135
GSM972347,4462.530647403082,1680.0878039222189,6142.618451325301
GSM972348,4018.6815257123944,808.6425586158839,4827.324084328278
GSM972349,6033.548611851909,5678.415347042164,11711.963958894074
GSM972350,2837.995512469921,-1264.7633582497165,1573.2321542202044
GSM972351,3132.2838774351185,1278.8265017674403,4411.110379202559
GSM972352,4388.371529527587,4515.250740409514,8903.622269937101
GSM972353,5272.654120012781,2476.8122272456094,7749.466347258391
GSM972354,4216.05246582431,1146.8459426792597,5362.89840850357
GSM972355,4052.1136285961966,3244.8346838840353,7296.948312480232
GSM972356,4596.296764427669,899.8869166483746,5496.183681076043
GSM972357,4501.422804031939,835.1749374366918,5336.597741468631
GSM972358,4979.344762683741,2488.9887304504064,7468.333493134147
GSM972359,6104.661365769203,3995.3291055446116,10099.990471313815
GSM972360,4573.672603664983,2822.9697597897593,7396.642363454743
GSM972361,7886.438823295464,4829.454758135087,12715.893581430551
GSM972362,3812.209481783435,1230.08362571213,5042.293107495565
GSM972363,4805.654199851517,1959.839582918943,6765.49378277046
GSM972364,2267.9347639398475,839.7869955226743,3107.7217594625217
GSM972365,5892.2916903257665,3643.682312921288,9535.974003247054
GSM972366,5288.158085715202,3102.6501771746716,8390.808262889874
GSM972367,5459.561150227408,4424.778079368045,9884.339229595453
GSM972368,3584.7494093772602,-527.3641248798122,3057.385284497448
GSM972369,6459.322452069842,4701.52754464731,11160.849996717152
GSM972370,4492.3452134884465,1702.8290047443134,6195.17421823276
GSM972371,3739.013183443236,1453.4880006797503,5192.501184122986
GSM972372,4728.21902112054,2532.491238203942,7260.710259324482
GSM972373,1627.463979302809,540.5053745338391,2167.969353836648
GSM972374,5004.095704645166,1848.8674127230097,6852.9631173681755
GSM972375,4673.128375131628,3035.0382697081295,7708.166644839757
GSM972376,3286.493410893694,2616.7322338255763,5903.22564471927
GSM972377,5934.308167674446,3943.9986811506824,9878.306848825128
GSM972378,3981.5214060874496,2126.5940111644322,6108.115417251882
GSM972379,4530.763680516724,-191.46762999941348,4339.2960505173105
GSM972380,5705.435667021018,3549.902951684462,9255.33861870548
GSM972381,3234.370233362528,2335.5822863619014,5569.952519724429
GSM972382,3574.731715247475,1355.657919672829,4930.389634920304
GSM972383,4010.093857654354,723.5777067707077,4733.671564425062
GSM972384,3041.90148254176,1886.131269365842,4928.032751907602
GSM972385,6520.953292196375,3931.3123030565057,10452.26559525288
GSM972386,3464.9917523607564,851.0755735207968,4316.067325881553
GSM972387,3284.3014484122796,138.52487238493086,3422.8263207972104
GSM972388,1475.871877331514,386.56403175678315,1862.4359090882972
GSM972389,4691.444828061336,859.3236802714182,5550.768508332754
GSM972390,3858.063051020974,1191.6038762656208,5049.666927286595
GSM972391,4804.452058949428,2182.834385956834,6987.286444906262
GSM972392,4030.7667807289563,1430.1546269842875,5460.921407713244
GSM972393,4026.8966306135644,1890.1133186546758,5917.00994926824
GSM972394,4507.717961909568,3074.089190934412,7581.80715284398
GSM972395,4713.617849901788,2390.989559996795,7104.607409898583
GSM972396,1363.8010748017477,-675.8612249311573,687.9398498705905
GSM972397,4401.863299611081,477.1083806849874,4878.971680296068
GSM972398,5042.932596975763,1108.1086704990248,6151.041267474788
GSM972399,3408.4081226798517,1695.8404182860613,5104.248540965913
GSM972400,4680.822120598528,1991.3150256042463,6672.137146202775
GSM972401,7617.187796841437,4666.410915655993,12283.59871249743
GSM972402,4032.5999302886885,3279.711536524701,7312.311466813389
GSM972403,4668.99188785371,1866.9164563402283,6535.908344193938
GSM972404,4612.431793989994,2423.6475894754276,7036.079383465421
GSM972405,4600.851784823653,2476.5112366363664,7077.36302146002
GSM972406,5944.119230666995,3179.576829704407,9123.696060371401
GSM972407,3804.9207989541756,2709.001716170156,6513.922515124332
GSM972408,5127.636832367834,1944.2263401428954,7071.86317251073
GSM972409,7640.784836462528,5377.5452704137915,13018.33010687632
GSM972410,5131.019352280728,3964.516966948202,9095.53631922893
GSM972411,3429.7960035662254,491.14341101777063,3920.939414583996
GSM972412,4280.162895542482,1897.8220957462672,6177.984991288749
GSM972413,5848.675133605484,5414.109130719089,11262.784264324573
GSM972414,3847.1512886513538,1436.8294917641815,5283.980780415535
GSM972415,2618.399984670885,-301.6136074120441,2316.7863772588407
GSM972416,2970.0985105761847,2664.5411377932014,5634.639648369386
GSM972417,3849.7623916002067,2191.4824360694165,6041.244827669623
GSM972418,3308.361780926047,1813.712178279573,5122.07395920562
GSM972419,3574.2244078656113,2740.7322413018264,6314.956649167438
GSM972420,6068.587178100503,2725.4477416358804,8794.034919736383
GSM972421,4138.094729640823,3179.240796968057,7317.33552660888
GSM972422,6414.290292337033,4607.616176578011,11021.906468915044
GSM972423,4572.402089277168,2163.4686565764896,6735.870745853657
GSM972424,2386.8475573218584,699.7836279671301,3086.6311852889885
GSM972425,4043.7880838103993,3084.743685870735,7128.531769681134
GSM972426,5617.638196337737,2798.9607756123823,8416.59897195012
GSM972427,3362.34683666823,1952.4266949577304,5314.7735316259605
GSM972428,4824.156256122747,3174.7071512218663,7998.863407344614
GSM972429,4812.95618227458,1181.9201065203124,5994.876288794892
GSM972430,6345.382675373858,2489.113581979578,8834.496257353436
GSM972431,5808.4950101338145,3371.1942498299413,9179.689259963756
GSM972432,3580.0527398610448,2491.80462422052,6071.857364081565
GSM972433,5880.813788520314,4949.135576024915,10829.94936454523
GSM972434,3972.118665311964,219.25926115038965,4191.377926462354
GSM972435,3290.60223733979,1856.0451780838976,5146.647415423688
GSM972436,3911.443260056534,1783.0492057762604,5694.492465832795
GSM972437,5410.004776081709,4302.129540286303,9712.134316368012
GSM972438,5974.123490053764,5182.329302648599,11156.452792702363
GSM972439,3263.4837844103167,2420.0650900970522,5683.548874507369
GSM972440,5756.5199793197935,3850.0441841304873,9606.56416345028
GSM972441,6338.479946305353,3992.5786303825644,10331.058576687918
GSM972442,6514.994593423107,1998.833168070396,8513.827761493503
GSM972443,4258.098430595861,647.0463972433645,4905.144827839225
GSM972444,6181.551703131849,4269.885552090869,10451.437255222718
GSM972445,5325.072541647945,2227.1405208818924,7552.213062529838
GSM972446,3975.4607811918104,2231.5904298355017,6207.051211027312
GSM972447,5581.823950904185,2482.3911195160017,8064.215070420187
GSM972448,2088.4216205381726,1535.5148134866176,3623.9364340247903
GSM972449,4575.745426461102,2632.946057292016,7208.6914837531185
GSM972450,4011.327559561367,880.284204734704,4891.611764296071
GSM972451,3162.330993183192,407.7311859021902,3570.062179085382
GSM972452,7458.720125226071,3738.7330309445533,11197.453156170624
GSM972453,3990.986972356748,722.2591493128293,4713.246121669577
GSM972454,5369.403147982603,1824.9712131288743,7194.374361111477
GSM972455,6730.934433360169,4613.417362387718,11344.351795747887
GSM972456,3703.651507717157,2506.64797900582,6210.299486722977
GSM972457,4120.398476479149,459.14915080391256,4579.547627283062
GSM972458,6981.810873336732,3006.087663805596,9987.898537142328
GSM972459,3484.8151978301466,1139.7069172212396,4624.522115051386
GSM972460,4041.303900098832,2457.8875027887116,6499.1914028875435
GSM972461,3670.630234493534,1404.6660122472622,5075.296246740796
GSM972462,3735.091794233291,1152.514504217541,4887.606298450832
GSM972463,3938.6572681862635,550.2628782913507,4488.920146477614
GSM972464,5400.47188912421,3194.638654550625,8595.110543674835
GSM972465,2856.816906292308,1392.5595366398575,4249.376442932165
GSM972466,3691.661872473125,443.14575607212646,4134.807628545252
GSM972467,5123.60175273811,5016.303651434226,10139.905404172336
GSM972468,4300.544281014512,1973.2619314703807,6273.806212484893
GSM972469,4252.319124286196,2137.1583525767073,6389.477476862903
GSM972470,8124.083449477876,4930.458575522187,13054.542025000062
GSM972471,5426.748744259432,1954.2127732457393,7380.961517505171
GSM972472,3697.102358415046,1901.7755354618057,5598.877893876852
GSM972473,5399.964717024079,2004.2929556317504,7404.257672655829
GSM972474,4663.42030622868,2866.77416845514,7530.19447468382
GSM972475,4136.875070528156,305.8577941547701,4442.732864682926
GSM972476,5238.990798796494,5068.285176366928,10307.275975163422
GSM972477,3355.327061355976,-373.6688139093476,2981.6582474466286
GSM972478,4158.489238241895,1653.024379933735,5811.51361817563
GSM972479,5946.027025687397,6128.08303569326,12074.110061380657
GSM972480,3732.451421446862,37.78066728797785,3770.2320887348396
GSM972481,4301.311171973763,3623.4343463650766,7924.745518338839
GSM972482,3506.9039327417668,3191.645205329265,6698.549138071032
GSM972483,2700.7541787500577,2134.010501736322,4834.76468048638
GSM972484,4240.417840781336,3123.920427651763,7364.338268433099
GSM972485,4571.993816239214,2458.2733896145437,7030.267205853757
GSM972486,3499.549753875419,2423.5447030289415,5923.09445690436
GSM972487,4205.8598420004655,891.5388252956982,5097.398667296164
GSM972488,4994.337882027046,1156.3420045747625,6150.679886601809
GSM972489,4396.409635281934,1883.4590204903143,6279.8686557722485
GSM972490,3238.3231165692505,1391.6119402753284,4629.935056844579
GSM972491,3232.5814253857716,2050.671088074516,5283.252513460287
GSM972492,4388.709990103882,1642.7272127345623,6031.437202838444
GSM972493,4161.511793954662,2843.9538138268636,7005.465607781525
GSM972494,5711.240919593767,2524.208099855745,8235.449019449512
GSM972495,3759.0598557250178,937.3172866068617,4696.377142331879
GSM972496,5777.170479190661,37.53077494593526,5814.701254136597
GSM972497,3069.0372334559233,1829.8058502730782,4898.843083729002
GSM972498,2805.3730553865407,756.8384147313227,3562.2114701178634
GSM972499,4837.127748893836,884.7318069864086,5721.859555880244
GSM972500,5312.803727172501,3766.310153854607,9079.113881027108
GSM972501,5602.122208069173,2068.866411163528,7670.988619232701
GSM972502,2493.104091596253,-443.15874738233106,2049.945344213922
GSM972503,6087.291287179003,3558.675780740208,9645.967067919211
GSM972504,4599.8365850595765,3048.6666482018736,7648.50323326145
GSM972505,4544.152036947748,1595.2813750682235,6139.433412015971
GSM972506,5245.087487432462,2858.4219393497206,8103.509426782182
GSM972507,5053.666196022499,1855.059520109431,6908.72571613193
GSM972508,4999.413138493657,1633.3872770682628,6632.80041556192
GSM972509,3655.7349011154856,1169.7259330237648,4825.46083413925
GSM972510,3402.5377552425216,-215.35619870069604,3187.1815565418256
GSM972511,3720.4233883164616,2025.3630372132575,5745.786425529719
GSM972512,4200.157675165652,742.3861512377989,4942.543826403451
GSM972513,2673.406994629835,1514.7233207453937,4188.130315375229
GSM972514,4269.330208135667,1699.2099418286125,5968.540149964279
GSM972515,3034.838636342969,514.2953828258105,3549.1340191687796
GSM972516,2714.1456725255957,-73.62839098685436,2640.5172815387414
GSM972517,4090.8666917300434,2430.1700957011326,6521.036787431176
GSM972518,4907.592729404374,2748.70467314487,7656.297402549244
GSM972519,4302.987205230005,2602.0782162606483,6905.0654214906535
GSM972520,5239.4136783787635,2190.17102946205,7429.584707840813
GSM972521,5364.786563706235,3661.50641919752,9026.292982903755
GSM972522,6805.761322271164,3519.820600236535,10325.5819225077
