,cg24049621,cg26172016,cg17675150,cg21867891,cg05800761,cg23309969,cg25401010,cg06487082,cg12406559,cg12737497,cg17289202,cg04212150,cg03096126,cg14269096,cg24243629,cg21710408,cg05603258,ch.18.1114073F,cg14517073,cohort,ZNF532,ARGscore
TCGA-AA-3663-01,0.9143,0.2603,0.955,0.9459,0.9342,0.9321,0.9474,0.475,0.8267,0.7122,0.0247,0.612,0.6948,0.8246,0.5086,0.5071,0.2924,0.0451,0.9164,COAD,6.465,2.26197524
TCGA-D5-6530-01,0.9125,0.4246,0.9606,0.9366,0.935,0.9245,0.9552,0.1035,0.1185,0.0505,0.0099,0.2925,0.2633,0.8951,0.6373,0.7776,0.9171,0.0489,0.8195,COAD,8.587,1.9849881700000005
TCGA-NH-A8F7-01,0.8066,0.5144,0.8952,0.914,0.8967,0.8955,0.9138,0.2923,0.1259,0.1254,0.0139,0.5054,0.6304,0.8281,0.2633,0.7679,0.9345,0.058,0.8187,COAD,7.727,2.9338066499999993
TCGA-CK-4948-01,0.9228,0.5335,0.9364,0.9191,0.9142,0.8884,0.9057,0.1271,0.122,0.0655,0.012,0.3795,0.4332,0.5782,0.425,0.5405,0.828,0.0523,0.7557,COAD,9.072,3.0941909
TCGA-3L-AA1B-01,0.8832,0.5159,0.9189,0.8936,0.8821,0.8738,0.9162,0.1376,0.1709,0.0918,0.0118,0.3165,0.3601,0.5934,0.3913,0.6195,0.8814,0.0817,0.7923,COAD,9.237,3.3209084100000004
TCGA-AZ-4615-01,0.7161,0.6817,0.9362,0.9152,0.881,0.8856,0.8932,0.3966,0.4346,0.3918,0.0108,0.4533,0.673,0.5655,0.5892,0.4883,0.8931,0.09,0.8231,COAD,8.704,2.4015694199999995
TCGA-D5-5538-01,0.9151,0.4289,0.6558,0.6871,0.7853,0.687,0.7017,0.0923,0.1074,0.0728,0.0133,0.0844,0.043,0.3195,0.3543,0.6461,0.88,0.0478,0.8576,COAD,9.589,2.6499862199999997
TCGA-G4-6306-01,0.885,0.4205,0.9418,0.9156,0.896,0.9296,0.9448,0.1728,0.2293,0.1242,0.012,0.3762,0.2424,0.4852,0.3904,0.8433,0.9499,0.0763,0.918,COAD,6.531,0.6721170699999998
TCGA-AD-6964-01,0.889,0.6436,0.954,0.944,0.9406,0.938,0.9447,0.2543,0.4234,0.2883,0.0111,0.4855,0.4992,0.76,0.525,0.6675,0.7724,0.0544,0.7714,COAD,9.33,2.7245681400000006
TCGA-AD-A5EJ-01,0.8769,0.7862,0.9557,0.9447,0.9419,0.927,0.9341,0.5346,0.5274,0.495,0.0104,0.5677,0.6451,0.8329,0.5136,0.7803,0.9209,0.0488,0.9038,COAD,8.496,2.3955460199999994
TCGA-A6-6651-01,0.911,0.6444,0.9375,0.9098,0.9258,0.9055,0.9299,0.2592,0.2476,0.1941,0.0111,0.3714,0.4418,0.7263,0.3973,0.588,0.882,0.0529,0.8932,COAD,10.25,3.61142358
TCGA-DM-A1HB-01,0.9276,0.4121,0.8845,0.9502,0.9384,0.9416,0.9034,0.0764,0.0544,0.0586,0.0114,0.4484,0.2702,0.7685,0.7074,0.4615,0.8996,0.0608,0.9069,COAD,7.662,3.08996515
TCGA-D5-6535-01,0.8892,0.5135,0.9311,0.9118,0.9029,0.9006,0.9232,0.1362,0.167,0.0545,0.0141,0.2666,0.1233,0.7226,0.7854,0.6006,0.898,0.0695,0.9066,COAD,8.15,2.38478729
TCGA-AY-6197-01,0.8864,0.6348,0.9382,0.8932,0.7044,0.8555,0.8957,0.5415,0.3989,0.4723,0.013,0.656,0.2472,0.8467,0.7348,0.7813,0.9363,0.047,0.8873,COAD,7.138,2.62843074
TCGA-CA-5256-01,0.8368,0.5706,0.9364,0.9207,0.8889,0.9147,0.9359,0.2581,0.2748,0.1043,0.0108,0.5651,0.7045,0.7327,0.292,0.6727,0.8854,0.0539,0.8957,COAD,6.737,1.3051777600000003
TCGA-T9-A92H-01,0.7696,0.2123,0.4225,0.3441,0.5653,0.3412,0.5299,0.0777,0.1374,0.0965,0.0113,0.1677,0.1153,0.4386,0.2999,0.7672,0.9198,0.0836,0.7579,COAD,8.259,2.24880897
TCGA-AZ-6598-01,0.8915,0.6997,0.9437,0.9349,0.9349,0.9389,0.9463,0.0996,0.1497,0.0826,0.0092,0.3852,0.5346,0.7041,0.3089,0.7471,0.9496,0.0634,0.8945,COAD,8.453,2.59042228
TCGA-DM-A0X9-01,0.9152,0.4041,0.8955,0.9286,0.9228,0.9349,0.9395,0.0608,0.0835,0.056,0.0107,0.3981,0.7303,0.6826,0.2932,0.7896,0.9406,0.032,0.9174,COAD,8.13,1.97974305
TCGA-AD-6963-01,0.842,0.6115,0.9224,0.9153,0.9124,0.9127,0.9308,0.0884,0.1328,0.0917,0.0139,0.246,0.2219,0.6141,0.4826,0.5643,0.8946,0.0731,0.7606,COAD,7.639,1.5728355599999997
TCGA-G4-6626-01,0.8942,0.8367,0.9624,0.9487,0.9397,0.9118,0.9547,0.3719,0.3931,0.2509,0.0123,0.6291,0.6946,0.8659,0.8189,0.8047,0.9429,0.0616,0.7751,COAD,7.234,1.7006613000000002
TCGA-G4-6628-01,0.9206,0.5208,0.9615,0.9454,0.9239,0.9223,0.9479,0.1404,0.1706,0.1227,0.0117,0.355,0.4177,0.8727,0.5659,0.7314,0.926,0.0584,0.9087,COAD,8.976,2.625995219999999
TCGA-CA-6716-01,0.8997,0.8238,0.9535,0.9312,0.9325,0.9373,0.9447,0.675,0.5262,0.2245,0.0104,0.5958,0.8313,0.8425,0.5775,0.7792,0.9568,0.0807,0.9099,COAD,8.915,3.2988191899999997
TCGA-A6-6653-01,0.8978,0.8438,0.9602,0.9299,0.9288,0.9211,0.9502,0.0674,0.0651,0.0631,0.0102,0.34,0.431,0.5595,0.6486,0.8198,0.9568,0.0657,0.9229,COAD,8.973,2.818067339999999
TCGA-AA-3489-01,0.9054,0.5948,0.9464,0.9367,0.9241,0.912,0.9282,0.0942,0.1144,0.0654,0.0109,0.2506,0.3774,0.6334,0.5917,0.583,0.842,0.058,0.9303,COAD,9.833,3.1424797200000008
TCGA-A6-2682-01,0.79,0.6065,0.9115,0.9156,0.8877,0.8564,0.8997,0.1292,0.0796,0.058,0.0112,0.2967,0.3372,0.7339,0.5522,0.6008,0.9002,0.0641,0.8674,COAD,8.962,3.5190439
TCGA-G4-6304-01,0.886,0.7616,0.9431,0.9296,0.921,0.9301,0.9378,0.2656,0.2921,0.1018,0.0131,0.3095,0.3271,0.8341,0.786,0.6479,0.9207,0.0627,0.8333,COAD,7.924,1.4822909199999998
TCGA-F4-6855-01,0.7852,0.5854,0.922,0.9274,0.9033,0.9137,0.9165,0.0844,0.0656,0.0983,0.0133,0.5283,0.632,0.7279,0.6032,0.6356,0.9039,0.0675,0.7873,COAD,10.07,3.86872048
TCGA-NH-A6GA-01,0.9151,0.5575,0.95,0.9299,0.9165,0.8924,0.9418,0.0738,0.1126,0.0762,0.012,0.108,0.0758,0.3779,0.5667,0.6987,0.9024,0.0485,0.6768,COAD,10.03,4.057253769999999
TCGA-NH-A50V-01,0.8299,0.4788,0.9252,0.8722,0.8546,0.882,0.9048,0.0979,0.1053,0.0493,0.0132,0.3708,0.5009,0.707,0.6154,0.6026,0.8788,0.1019,0.8854,COAD,9.198,2.60339309
TCGA-CK-5912-01,0.8842,0.4931,0.5458,0.5734,0.6974,0.5539,0.6298,0.0412,0.0492,0.0644,0.0176,0.0663,0.0308,0.1547,0.1409,0.7271,0.9209,0.06,0.8623,COAD,9.245,2.611547469999999
TCGA-DM-A288-01,0.8835,0.3974,0.8879,0.914,0.9066,0.9089,0.9116,0.5831,0.7748,0.6742,0.0159,0.6301,0.7435,0.7307,0.6447,0.7709,0.7053,0.0719,0.8974,COAD,7.093,3.4187874
TCGA-AD-6548-01,0.9166,0.6146,0.9513,0.9506,0.9421,0.9493,0.9515,0.245,0.2873,0.22,0.0099,0.4824,0.6124,0.7827,0.5656,0.7307,0.9037,0.0669,0.8302,COAD,9.344,2.304968089999999
TCGA-AD-6890-01,0.8409,0.6772,0.9456,0.9135,0.9265,0.9175,0.9338,0.1575,0.1228,0.148,0.0123,0.5027,0.6343,0.7672,0.4652,0.6497,0.8768,0.0577,0.8856,COAD,8.08,2.06722258
TCGA-G4-6293-01,0.9231,0.5927,0.9555,0.9382,0.9164,0.9222,0.9459,0.1617,0.1553,0.1098,0.0089,0.4437,0.4718,0.8016,0.7222,0.7464,0.8896,0.0602,0.885,COAD,8.757,2.0471774600000003
TCGA-CK-5916-01,0.9023,0.504,0.9423,0.9364,0.9194,0.9022,0.9532,0.0905,0.1907,0.0766,0.0166,0.4419,0.6329,0.7499,0.4887,0.7343,0.9043,0.0414,0.9262,COAD,9.691,2.6894541499999995
TCGA-CK-6747-01,0.9079,0.4605,0.9547,0.9447,0.9373,0.9305,0.9413,0.0911,0.1103,0.1207,0.0139,0.5395,0.6483,0.8583,0.6089,0.7545,0.9118,0.0564,0.9162,COAD,8.284,2.6282431299999995
TCGA-QL-A97D-01,0.8047,0.5534,0.9247,0.9075,0.8662,0.9045,0.8918,0.2083,0.2104,0.1272,0.0125,0.4156,0.6442,0.7485,0.642,0.7218,0.8854,0.0602,0.8675,COAD,7.302,1.39513995
TCGA-A6-A56B-01,0.8593,0.6007,0.9461,0.9349,0.9245,0.9196,0.9263,0.0731,0.086,0.0558,0.0111,0.5372,0.6839,0.7094,0.2878,0.7,0.9331,0.0908,0.9066,COAD,9.502,3.615672299999999
TCGA-G4-6307-01,0.8953,0.4768,0.9487,0.9328,0.9276,0.9292,0.9312,0.2846,0.1652,0.0901,0.0094,0.5807,0.6467,0.8026,0.7973,0.7985,0.9425,0.0535,0.9076,COAD,7.279,1.5227502899999998
TCGA-AZ-6600-01,0.9091,0.6616,0.9583,0.9405,0.9385,0.9387,0.9373,0.2921,0.4502,0.2747,0.0098,0.4941,0.6401,0.794,0.7132,0.7414,0.8567,0.0505,0.9124,COAD,9.166,3.08437363
TCGA-F4-6808-01,0.873,0.4325,0.6481,0.6166,0.7187,0.6783,0.7059,0.0798,0.0868,0.0829,0.0117,0.1414,0.1059,0.5336,0.367,0.6906,0.9614,0.0782,0.8724,COAD,8.11,2.3689558899999996
TCGA-G4-6309-01,0.9067,0.7964,0.9636,0.9594,0.9394,0.9489,0.9506,0.3536,0.176,0.1106,0.0077,0.4597,0.7622,0.5415,0.3172,0.7912,0.8946,0.0501,0.8486,COAD,7.674,1.80543712
TCGA-AA-3662-01,0.8574,0.4735,0.805,0.7527,0.8455,0.7884,0.8812,0.1329,0.1308,0.1722,0.0107,0.2185,0.153,0.4207,0.4137,0.6568,0.9222,0.0861,0.841,COAD,8.984,2.519271379999999
TCGA-AY-A71X-01,0.9138,0.7223,0.9522,0.93,0.9354,0.9237,0.9446,0.4096,0.3983,0.2292,0.0103,0.6129,0.8503,0.8288,0.5396,0.8044,0.903,0.0554,0.775,COAD,7.514,2.3520838299999993
TCGA-CM-6169-01,0.8568,0.4109,0.9273,0.8351,0.869,0.4959,0.4381,0.0987,0.1425,0.1622,0.0186,0.3141,0.3563,0.5928,0.4356,0.7071,0.891,0.0629,0.8689,COAD,9.544,2.7154476199999995
TCGA-DM-A28K-01,0.8913,0.7769,0.9463,0.9356,0.9401,0.9297,0.9471,0.0823,0.0639,0.0569,0.0133,0.066,0.0344,0.4901,0.7026,0.7647,0.9115,0.0521,0.8913,COAD,7.986,2.540932709999999
TCGA-D5-6540-01,0.9295,0.5853,0.9641,0.9373,0.9176,0.9356,0.9298,0.0599,0.0512,0.0625,0.0098,0.5654,0.6724,0.8923,0.7173,0.8113,0.9173,0.0446,0.9393,COAD,9.115,2.67676672
TCGA-CA-5254-01,0.8676,0.2362,0.5375,0.3893,0.5182,0.5044,0.4983,0.0554,0.0806,0.0696,0.0122,0.0918,0.0432,0.2711,0.2235,0.5463,0.9341,0.0725,0.8731,COAD,9.8,3.6725914399999993
TCGA-AY-6386-01,0.9033,0.5548,0.9547,0.9296,0.9274,0.9195,0.9488,0.2483,0.2745,0.1087,0.0119,0.4676,0.57,0.8356,0.6385,0.7113,0.8933,0.0416,0.9165,COAD,7.415,1.85058495
TCGA-AA-3655-01,0.85,0.8086,0.9455,0.9142,0.9016,0.8849,0.9158,0.0943,0.0863,0.0616,0.0114,0.4831,0.3315,0.6056,0.333,0.7731,0.945,0.0717,0.8605,COAD,8.383,2.52602704
TCGA-D5-6926-01,0.8231,0.5592,0.7785,0.7605,0.7536,0.7041,0.8268,0.0987,0.0692,0.0591,0.0134,0.1001,0.0456,0.6004,0.3433,0.6425,0.9243,0.0829,0.8539,COAD,10.24,3.0870406299999997
TCGA-AD-5900-01,0.8814,0.4706,0.9467,0.9329,0.9313,0.609,0.9343,0.1752,0.244,0.2428,0.0251,0.3401,0.6135,0.8547,0.5063,0.7156,0.9193,0.0385,0.9032,COAD,9.06,2.7567582899999987
TCGA-A6-A5ZU-01,0.866,0.7173,0.9394,0.9359,0.9306,0.9219,0.9292,0.0631,0.0514,0.029,0.0111,0.1092,0.0813,0.3986,0.3945,0.6939,0.9202,0.0837,0.8688,COAD,9.854,2.85304935
TCGA-DM-A28C-01,0.9061,0.6857,0.9608,0.925,0.9517,0.9464,0.9344,0.2045,0.2583,0.1759,0.0082,0.4205,0.8548,0.8884,0.8104,0.7927,0.9299,0.0404,0.8836,COAD,8.324,2.78744536
TCGA-G4-6302-01,0.8626,0.5222,0.8778,0.887,0.8924,0.8622,0.8992,0.1073,0.1048,0.1146,0.0112,0.2684,0.2983,0.5414,0.3992,0.4755,0.8793,0.0428,0.8972,COAD,10.66,4.059412050000001
TCGA-AZ-5403-01,0.8795,0.707,0.9189,0.9192,0.9019,0.8972,0.9196,0.1618,0.1801,0.1448,0.0117,0.3113,0.2309,0.553,0.4846,0.6054,0.8814,0.0527,0.898,COAD,8.437,2.7857657300000005
TCGA-D5-6923-01,0.7338,0.3936,0.6034,0.5441,0.714,0.6195,0.7422,0.0582,0.057,0.0641,0.0143,0.0783,0.0454,0.309,0.2299,0.5288,0.917,0.0811,0.8789,COAD,10.22,3.2098935999999996
TCGA-AA-3712-01,0.8945,0.7791,0.9525,0.9257,0.9368,0.93,0.9455,0.142,0.1455,0.1087,0.0102,0.2651,0.661,0.7586,0.4849,0.5204,0.9357,0.0481,0.9141,COAD,9.106,2.8699300699999997
TCGA-AU-3779-01,0.8951,0.4943,0.7551,0.7988,0.8751,0.7877,0.8935,0.0749,0.1061,0.0803,0.0094,0.2887,0.1719,0.734,0.3072,0.7249,0.8975,0.0495,0.8214,COAD,8.639,2.62165028
TCGA-CM-6172-01,0.8692,0.7392,0.9326,0.926,0.8032,0.9096,0.8375,0.3158,0.3287,0.2147,0.0168,0.4639,0.55,0.7104,0.4248,0.7392,0.9217,0.0561,0.776,COAD,8.564,3.61196783
TCGA-AZ-4614-01,0.6947,0.1772,0.3249,0.287,0.415,0.3309,0.4133,0.0547,0.0765,0.0725,0.011,0.114,0.0903,0.2195,0.1637,0.3335,0.9273,0.0909,0.8324,COAD,8.447,2.53307911
TCGA-5M-AATE-01,0.7581,0.3405,0.8967,0.9221,0.8706,0.8786,0.9193,0.0754,0.0652,0.0513,0.0126,0.3205,0.5262,0.7426,0.2851,0.7556,0.9004,0.0472,0.8094,COAD,8.554,2.83012404
TCGA-A6-5664-01,0.8694,0.7387,0.9366,0.9382,0.9125,0.8759,0.9195,0.1431,0.1738,0.1075,0.0095,0.3129,0.3971,0.6315,0.4756,0.5368,0.877,0.0713,0.8904,COAD,9.018,3.42965034
TCGA-CM-4744-01,0.8624,0.2458,0.4799,0.4324,0.5364,0.6084,0.622,0.0681,0.0744,0.0627,0.0104,0.0582,0.0281,0.3023,0.311,0.6957,0.9136,0.0515,0.8586,COAD,8.874,1.4380128299999997
TCGA-CM-6166-01,0.9083,0.7556,0.9341,0.9253,0.9191,0.8807,0.9223,0.1011,0.108,0.0611,0.0194,0.4051,0.4409,0.7088,0.268,0.7651,0.9138,0.0512,0.9055,COAD,8.688,2.7181881499999996
TCGA-DM-A280-01,0.922,0.6216,0.944,0.9433,0.931,0.9253,0.9428,0.367,0.5307,0.3659,0.009,0.4096,0.5112,0.7327,0.4935,0.6349,0.7414,0.0595,0.8834,COAD,6.874,2.96143059
TCGA-AZ-6607-01,0.8382,0.7566,0.9476,0.9433,0.8995,0.9281,0.933,0.1182,0.0832,0.1035,0.0106,0.4971,0.5655,0.6836,0.6102,0.649,0.8934,0.0519,0.9102,COAD,10.27,3.659378489999998
TCGA-CM-5862-01,0.8836,0.769,0.9581,0.9425,0.9202,0.9288,0.9211,0.4742,0.564,0.4441,0.0141,0.5841,0.7726,0.7142,0.7116,0.74,0.8727,0.0573,0.8828,COAD,7.785,2.8228412799999996
TCGA-NH-A5IV-01,0.8872,0.6178,0.9507,0.9363,0.9252,0.9233,0.9418,0.4437,0.5744,0.2461,0.0102,0.649,0.7419,0.6669,0.3025,0.2386,0.8946,0.0451,0.751,COAD,7.76,2.5641822599999995
TCGA-AA-3511-01,0.8743,0.8131,0.9501,0.9263,0.9269,0.9353,0.9488,0.3155,0.2883,0.2415,0.0149,0.5575,0.697,0.7687,0.3,0.7465,0.8614,0.059,0.8906,COAD,8.621,2.8597170299999997
TCGA-AD-A5EK-01,0.8089,0.8747,0.9337,0.9159,0.9056,0.9121,0.9232,0.4053,0.1673,0.067,0.0121,0.5807,0.7377,0.7332,0.7629,0.7226,0.9365,0.133,0.9105,COAD,7.97,2.7836913699999997
TCGA-QG-A5YX-01,0.8171,0.7131,0.9409,0.9214,0.9162,0.9205,0.9094,0.1598,0.1314,0.0886,0.0131,0.3831,0.4463,0.7396,0.2926,0.3724,0.8889,0.1045,0.9075,COAD,6.462,1.61897851
TCGA-CM-6168-01,0.9078,0.5159,0.9298,0.916,0.9301,0.8989,0.9364,0.1955,0.2243,0.1175,0.0094,0.4231,0.5097,0.5907,0.5636,0.6191,0.883,0.0404,0.8766,COAD,10.32,3.2451089400000006
TCGA-AM-5821-01,0.8543,0.3054,0.8909,0.8464,0.838,0.8895,0.9336,0.1351,0.1124,0.0871,0.0105,0.2859,0.2264,0.3845,0.3313,0.6484,0.8993,0.0778,0.8017,COAD,9.837,2.19982146
TCGA-F4-6570-01,0.9134,0.6011,0.9656,0.9517,0.9317,0.9334,0.938,0.4887,0.4473,0.3386,0.0089,0.5109,0.6005,0.899,0.5867,0.5828,0.9146,0.057,0.8895,COAD,9.839,3.5098511099999987
TCGA-D5-6924-01,0.8706,0.5276,0.9127,0.937,0.8828,0.8859,0.9218,0.0905,0.0831,0.0811,0.0128,0.1232,0.0717,0.517,0.375,0.6731,0.9286,0.0588,0.8372,COAD,9.792,2.61723991
TCGA-G4-6588-01,0.9064,0.445,0.9602,0.8455,0.9186,0.9498,0.9607,0.0849,0.4412,0.5851,0.2951,0.5719,0.7073,0.722,0.451,0.775,0.7471,0.0411,0.8988,COAD,7.737,2.7343439400000005
TCGA-AY-A54L-01,0.8544,0.5558,0.9473,0.93,0.9215,0.9099,0.9166,0.2999,0.2838,0.1669,0.0116,0.4394,0.5619,0.6079,0.5146,0.7669,0.9241,0.0759,0.8153,COAD,7.703,2.40536006
TCGA-CK-6746-01,0.9195,0.2103,0.9592,0.9552,0.9371,0.9475,0.9571,0.102,0.0928,0.0851,0.0087,0.4092,0.5253,0.6998,0.372,0.4802,0.9218,0.0556,0.9149,COAD,8.37,2.740621159999999
TCGA-G4-6298-01,0.8668,0.5134,0.584,0.5603,0.7733,0.6826,0.7009,0.2188,0.3098,0.1669,0.0105,0.2726,0.3539,0.5463,0.3726,0.4702,0.9012,0.0606,0.8902,COAD,9.997,3.1620665100000003
TCGA-CK-5915-01,0.9421,0.817,0.9671,0.9435,0.9504,0.9434,0.959,0.1914,0.1182,0.0588,0.0138,0.737,0.8857,0.8885,0.3527,0.8265,0.8883,0.0357,0.9273,COAD,7.403,3.61947726
TCGA-CA-6718-01,0.897,0.4883,0.6822,0.6331,0.7545,0.7053,0.7802,0.1038,0.1363,0.0974,0.0105,0.094,0.0662,0.596,0.4305,0.7316,0.9289,0.0693,0.92,COAD,10.55,2.5450647299999996
TCGA-CM-6162-01,0.9281,0.5989,0.9568,0.9089,0.9294,0.8932,0.9301,0.1861,0.1714,0.0917,0.0127,0.1609,0.1307,0.687,0.4406,0.6022,0.8616,0.0556,0.9158,COAD,9.904,3.0191657099999993
TCGA-D5-5539-01,0.8997,0.766,0.9628,0.9437,0.931,0.9096,0.9453,0.1768,0.2503,0.1112,0.0123,0.243,0.2526,0.5596,0.3959,0.7201,0.8499,0.071,0.878,COAD,9.176,3.2127569799999995
TCGA-QG-A5YV-01,0.8542,0.6491,0.9336,0.927,0.9142,0.9116,0.9206,0.1391,0.1066,0.0717,0.0143,0.3348,0.4314,0.4944,0.362,0.7503,0.9418,0.0774,0.8483,COAD,8.549,2.0547709999999997
TCGA-G4-6314-01,0.8795,0.6291,0.9011,0.8834,0.8756,0.8729,0.9154,0.1104,0.0778,0.0567,0.0125,0.1614,0.0914,0.4676,0.3515,0.6135,0.8429,0.0512,0.9057,COAD,9.968,3.44236679
TCGA-AZ-4313-01,0.879,0.3712,0.9504,0.9437,0.9142,0.9279,0.933,0.1761,0.1786,0.1076,0.0102,0.2885,0.3337,0.5429,0.4448,0.696,0.8526,0.064,0.9117,COAD,7.08,1.2839903899999996
TCGA-CM-6676-01,0.8966,0.7515,0.9558,0.9481,0.921,0.9166,0.9118,0.2968,0.3668,0.1586,0.0111,0.4706,0.6056,0.7119,0.5413,0.5683,0.8947,0.0828,0.864,COAD,8.669,3.17883072
TCGA-NH-A6GC-01,0.7189,0.6657,0.899,0.9004,0.8279,0.8676,0.8798,0.0821,0.0693,0.0475,0.013,0.1337,0.0323,0.6068,0.6446,0.6822,0.9342,0.103,0.7696,COAD,8.814,3.99352258
TCGA-A6-6654-01,0.8939,0.7125,0.9426,0.9422,0.9158,0.903,0.9368,0.2149,0.2684,0.1515,0.0115,0.3532,0.2962,0.7512,0.6492,0.6329,0.9099,0.0975,0.8668,COAD,10.22,3.2181847900000005
TCGA-A6-2675-01,0.8862,0.6294,0.943,0.9223,0.909,0.9117,0.925,0.2636,0.2822,0.2064,0.011,0.4119,0.5785,0.62,0.3829,0.6942,0.9202,0.0645,0.8717,COAD,9.654,2.91258547
TCGA-F4-6460-01,0.8937,0.8408,0.9514,0.9367,0.94,0.9396,0.9407,0.5254,0.509,0.1904,0.0136,0.5254,0.616,0.7178,0.6785,0.7219,0.9398,0.068,0.9372,COAD,9.271,3.0697793399999997
TCGA-CA-6715-01,0.8788,0.883,0.9478,0.9276,0.9231,0.9377,0.9519,0.2773,0.186,0.1094,0.0115,0.6553,0.7807,0.8157,0.2484,0.7608,0.9508,0.0925,0.9148,COAD,7.753,2.16811849
TCGA-F4-6703-01,0.9023,0.5844,0.8604,0.802,0.8613,0.8302,0.906,0.176,0.1839,0.1192,0.0125,0.1188,0.0618,0.6081,0.523,0.5185,0.7733,0.068,0.8871,COAD,10.5,2.97925047
TCGA-WS-AB45-01,0.837,0.4804,0.927,0.9132,0.8519,0.8675,0.881,0.1002,0.2514,0.2734,0.305,0.3181,0.4714,0.7749,0.4962,0.4605,0.7951,0.0615,0.8673,COAD,10.87,4.1521487
TCGA-G4-6321-01,0.9042,0.4414,0.9543,0.9237,0.9332,0.9385,0.931,0.3401,0.5972,0.4358,0.0618,0.4528,0.6125,0.8539,0.5744,0.6149,0.784,0.0514,0.9259,COAD,6.035,1.83371727
TCGA-AZ-6608-01,0.8818,0.1684,0.2573,0.4931,0.3786,0.3215,0.2909,0.0426,0.0495,0.0671,0.0155,0.0892,0.0277,0.2832,0.117,0.8883,0.9595,0.0663,0.925,COAD,8.604,2.39652004
TCGA-AA-3713-01,0.7061,0.3,0.848,0.9258,0.8703,0.8911,0.9181,0.2675,0.5826,0.5257,0.2315,0.5965,0.7238,0.4401,0.315,0.403,0.5054,0.0407,0.7378,COAD,7.612,2.00662979
TCGA-CM-5864-01,0.902,0.5434,0.9403,0.9439,0.9288,0.9203,0.9329,0.078,0.078,0.0616,0.0126,0.2263,0.1904,0.5596,0.4197,0.7301,0.9424,0.0519,0.9393,COAD,8.131,2.2935002300000003
TCGA-CK-5913-01,0.9197,0.4092,0.951,0.9336,0.9456,0.934,0.9444,0.1895,0.2837,0.1073,0.0126,0.4981,0.6249,0.6677,0.4539,0.6478,0.8777,0.0424,0.9322,COAD,8.66,2.36734037
TCGA-CM-5863-01,0.8761,0.7364,0.9517,0.9271,0.9122,0.9195,0.9229,0.1689,0.1423,0.0847,0.0108,0.3367,0.5158,0.7389,0.564,0.6057,0.8964,0.0796,0.8861,COAD,9.202,3.4550632200000004
TCGA-AA-3495-01,0.8314,0.6112,0.9389,0.9078,0.8764,0.9002,0.9061,0.2586,0.2586,0.1855,0.0115,0.4383,0.5,0.6559,0.502,0.6733,0.8901,0.0727,0.8472,COAD,7.641,2.0552558399999996
TCGA-F4-6857-01,0.8433,0.6765,0.9369,0.9122,0.9214,0.9078,0.9354,0.1718,0.2212,0.1249,0.0137,0.1714,0.0894,0.699,0.629,0.5858,0.8976,0.0695,0.8663,COAD,10.27,2.6643033499999995
TCGA-QG-A5YW-01,0.8745,0.4905,0.9434,0.9422,0.9327,0.9376,0.9331,0.1654,0.2177,0.1021,0.0111,0.3151,0.3367,0.7473,0.462,0.6504,0.8994,0.0622,0.8012,COAD,8.632,2.29053295
TCGA-A6-5665-01,0.9015,0.6502,0.9222,0.9118,0.9365,0.9045,0.9331,0.2193,0.2745,0.1863,0.01665,0.5563,0.7378,0.6057,0.4512,0.5365,0.9028,0.0459,0.8807,COAD,7.212,1.5739538399999995
TCGA-CA-5255-01,0.8633,0.5797,0.9401,0.9277,0.908,0.9316,0.9273,0.2142,0.206,0.135,0.01,0.4183,0.5872,0.7751,0.6992,0.612,0.9124,0.0719,0.8772,COAD,7.183,2.3050329799999996
TCGA-CM-5349-01,0.8973,0.6399,0.9526,0.919,0.9314,0.8833,0.9463,0.209,0.2238,0.0744,0.0113,0.4503,0.5554,0.8375,0.4308,0.6565,0.9098,0.0683,0.8902,COAD,9.222,2.9486831999999996
TCGA-CK-4947-01,0.9382,0.3239,0.9626,0.9437,0.9526,0.9363,0.9382,0.1194,0.1073,0.0943,0.0105,0.4423,0.5058,0.7735,0.4211,0.6912,0.738,0.0402,0.8912,COAD,8.413,2.389291089999999
TCGA-G4-6297-01,0.8218,0.5683,0.9584,0.8913,0.9184,0.8452,0.9215,0.232,0.1927,0.0938,0.0121,0.363,0.4296,0.7321,0.4082,0.7071,0.9212,0.0446,0.8973,COAD,9.98,2.8308314300000004
TCGA-AZ-6606-01,0.8704,0.7115,0.8503,0.8195,0.8434,0.7988,0.8801,0.1272,0.1623,0.1383,0.0159,0.4017,0.4906,0.4781,0.3308,0.7907,0.9327,0.0801,0.9048,COAD,8.335,2.3558091799999996
TCGA-CM-6675-01,0.8933,0.2194,0.9425,0.9332,0.8364,0.8486,0.9419,0.0762,0.0893,0.0854,0.0134,0.4073,0.5904,0.3096,0.4938,0.4328,0.9694,0.0869,0.8063,COAD,8.557,2.79100846
TCGA-NH-A50U-01,0.7851,0.3712,0.8887,0.888,0.8449,0.8587,0.888,0.0644,0.0757,0.0597,0.0138,0.0655,0.0333,0.143,0.1585,0.7397,0.925,0.126,0.7527,COAD,9.221,3.5678085100000003
TCGA-AD-6899-01,0.7761,0.6229,0.7962,0.7809,0.7607,0.7753,0.7922,0.0751,0.0842,0.0929,0.0144,0.1617,0.0871,0.4651,0.3634,0.6383,0.9269,0.1062,0.8783,COAD,9.819,3.1599384699999997
TCGA-AY-A8YK-01,0.7404,0.5631,0.88,0.8998,0.8548,0.831,0.908,0.1991,0.2711,0.2312,0.0115,0.3115,0.3594,0.3688,0.304,0.7181,0.9421,0.0758,0.8539,COAD,7.468,2.3278600899999997
TCGA-AD-6895-01,0.8672,0.6538,0.9323,0.9356,0.9235,0.9324,0.9346,0.1964,0.219,0.1465,0.0104,0.4867,0.5894,0.8045,0.5808,0.643,0.7777,0.054,0.866,COAD,8.791,2.04027742
TCGA-F4-6805-01,0.8729,0.7093,0.9369,0.926,0.9059,0.9127,0.9284,0.2251,0.2674,0.1692,0.0131,0.2974,0.3123,0.6028,0.5007,0.4942,0.8863,0.0817,0.9138,COAD,10.06,3.330284100000001
TCGA-AY-5543-01,0.8884,0.3761,0.8654,0.8248,0.9005,0.8269,0.9438,0.123,0.1549,0.0991,0.0168,0.2011,0.1513,0.4751,0.4185,0.4479,0.92,0.0508,0.9376,COAD,8.126,1.4185111099999996
TCGA-D5-6931-01,0.8384,0.4352,0.5996,0.5145,0.6911,0.5991,0.7014,0.2351,0.3131,0.2939,0.0118,0.3395,0.4204,0.4702,0.3331,0.7112,0.8908,0.0675,0.8375,COAD,10.65,2.8797692799999997
TCGA-G4-6627-01,0.8619,0.5288,0.7901,0.7856,0.8862,0.8424,0.8949,0.309,0.3896,0.3037,0.0116,0.3126,0.4107,0.7059,0.5741,0.6171,0.8881,0.0466,0.8841,COAD,9.613,2.6595768899999994
TCGA-A6-5657-01,0.9098,0.5475,0.9335,0.9199,0.9389,0.8953,0.9411,0.1718,0.1609,0.1214,0.0126,0.3135,0.3773,0.631,0.532,0.6367,0.8489,0.0448,0.8946,COAD,9.483,2.263410310000001
TCGA-CM-6165-01,0.9122,0.716,0.9607,0.9471,0.9317,0.9274,0.9381,0.3882,0.2752,0.1592,0.0105,0.5118,0.655,0.6143,0.4868,0.6986,0.9182,0.0556,0.9337,COAD,8.995,2.6464698400000004
TCGA-CM-5861-01,0.4711,0.5873,0.9308,0.9007,0.8704,0.8105,0.9215,0.1126,0.0763,0.1047,0.031,0.113,0.1013,0.4369,0.7035,0.7752,0.8999,0.0359,0.8234,COAD,9.144,2.75641633
TCGA-A6-6649-01,0.8993,0.4281,0.6433,0.6142,0.8171,0.6967,0.7516,0.1693,0.2544,0.1696,0.0086,0.2724,0.2718,0.5324,0.4475,0.6578,0.9172,0.0577,0.9323,COAD,10.26,3.69199479
TCGA-CM-5348-01,0.9287,0.6624,0.9446,0.9049,0.9284,0.875,0.9457,0.082,0.0693,0.0754,0.0102,0.2834,0.2342,0.5308,0.4871,0.6768,0.8844,0.0347,0.8985,COAD,10.35,4.46580427
TCGA-AY-A69D-01,0.8678,0.7886,0.9347,0.9256,0.9162,0.8939,0.9334,0.2617,0.2591,0.1653,0.0145,0.5634,0.6623,0.7995,0.603,0.7756,0.8999,0.0859,0.7365,COAD,8.173,2.297720559999999
TCGA-A6-5662-01,0.896,0.8877,0.9496,0.9365,0.9224,0.746,0.8838,0.2506,0.1764,0.166,0.0399,0.6298,0.8072,0.4766,0.5023,0.7955,0.939,0.0503,0.8734,COAD,8.42,3.3832082399999996
TCGA-AA-3509-01,0.6748,0.1859,0.605,0.7904,0.5993,0.6687,0.767,0.0756,0.1465,0.167,0.0138,0.136,0.0964,0.2586,0.3377,0.7443,0.933,0.1078,0.877,COAD,8.556,2.164061859999999
TCGA-D5-6536-01,0.7868,0.815,0.8997,0.8387,0.3926,0.861,0.341,0.0915,0.0633,0.031,0.0348,0.1897,0.5082,0.5338,0.4832,0.6485,0.9257,0.0366,0.8441,COAD,9.12,4.21978781
TCGA-D5-6539-01,0.897,0.7445,0.9516,0.9261,0.9269,0.9046,0.9558,0.5054,0.5642,0.3864,0.0106,0.5052,0.5459,0.7665,0.4615,0.7033,0.8683,0.0559,0.9055,COAD,8.132,2.82270195
TCGA-D5-6929-01,0.758,0.626,0.9314,0.9185,0.88,0.9026,0.9155,0.1661,0.119,0.085,0.0147,0.4241,0.3862,0.5941,0.5015,0.6034,0.8526,0.1142,0.7851,COAD,8.831,2.8446643399999996
TCGA-CM-6679-01,0.9064,0.5441,0.9113,0.9439,0.9199,0.9194,0.9295,0.094,0.1008,0.0664,0.0108,0.2646,0.2214,0.6043,0.4148,0.6745,0.8715,0.0577,0.9315,COAD,9.841,3.087887189999999
TCGA-A6-5666-01,0.6644,0.7171,0.769,0.8656,0.337,0.8886,0.7856,0.0405,0.0512,0.0355,0.124,0.1387,0.034,0.2343,0.4635,0.8688,0.8927,0.0658,0.4243,COAD,8.387,2.5119820099999997
TCGA-A6-6140-01,0.8934,0.7069,0.9504,0.9384,0.9256,0.9206,0.943,0.1847,0.2509,0.1821,0.0112,0.2351,0.2207,0.6952,0.3156,0.8334,0.9348,0.0983,0.923,COAD,7.878,1.8813134499999995
TCGA-CA-5796-01,0.9045,0.4022,0.9644,0.9509,0.9358,0.9447,0.9238,0.6601,0.8399,0.6843,0.0107,0.6153,0.6824,0.8289,0.7255,0.7918,0.767,0.0606,0.9202,COAD,6.76,2.2832394299999996
TCGA-F4-6463-01,0.8971,0.5082,0.7836,0.8912,0.8794,0.8289,0.8918,0.0955,0.1355,0.0583,0.0132,0.2588,0.2264,0.7341,0.3554,0.664,0.9088,0.0682,0.9274,COAD,9.807,3.09048531
TCGA-D5-6928-01,0.8808,0.5119,0.9418,0.9434,0.9302,0.9252,0.9422,0.1546,0.2256,0.0988,0.0138,0.2116,0.3954,0.8115,0.5352,0.6291,0.8038,0.0552,0.7788,COAD,9.927,2.3716216500000007
TCGA-A6-6648-01,0.9045,0.6696,0.9565,0.9396,0.9396,0.9503,0.946,0.4414,0.4101,0.3309,0.0096,0.3926,0.7293,0.7994,0.5578,0.8005,0.9416,0.0602,0.7797,COAD,8.022,2.3214681399999995
TCGA-CA-6719-01,0.8785,0.3196,0.5101,0.4686,0.6076,0.5071,0.5361,0.0555,0.088,0.0653,0.0114,0.1519,0.0926,0.4391,0.4243,0.6401,0.9017,0.0577,0.9169,COAD,10.26,3.419751840000001
TCGA-AZ-4323-01,0.9025,0.6104,0.9402,0.8674,0.9029,0.878,0.937,0.2085,0.2335,0.1198,0.0118,0.1908,0.1293,0.7538,0.628,0.611,0.833,0.0608,0.8862,COAD,10.09,2.53070389
TCGA-CM-6161-01,0.9194,0.6194,0.9606,0.9346,0.9559,0.9371,0.9468,0.344,0.388,0.2492,0.0098,0.4978,0.5734,0.6886,0.5155,0.5856,0.8668,0.0382,0.8614,COAD,8.804,2.9568010899999995
TCGA-F4-6856-01,0.8393,0.6948,0.9335,0.924,0.911,0.9113,0.9101,0.4306,0.6224,0.3809,0.0119,0.4319,0.6,0.8137,0.629,0.6338,0.9168,0.0813,0.8455,COAD,7.604,2.1587783
TCGA-DM-A1D7-01,0.8766,0.6407,0.938,0.9176,0.9156,0.9278,0.9201,0.1192,0.1138,0.0426,0.0087,0.4039,0.5224,0.7215,0.3163,0.6717,0.9117,0.043,0.9023,COAD,7.486,2.1129402299999995
TCGA-A6-5661-01,0.9277,0.6784,0.959,0.9316,0.9531,0.9324,0.9464,0.2787,0.2438,0.1343,0.0207,0.5483,0.6529,0.6372,0.6389,0.576,0.8884,0.04115,0.9132,COAD,8.275,2.2923648600000006
TCGA-DM-A1D6-01,0.8723,0.8782,0.9487,0.9183,0.9014,0.907,0.938,0.4582,0.4828,0.1514,0.0087,0.631,0.7835,0.7092,0.4595,0.6607,0.9459,0.059,0.9069,COAD,7.381,3.00967228
TCGA-A6-2685-01,0.8474,0.5097,0.8412,0.8736,0.9014,0.8973,0.91,0.1979,0.2486,0.1693,0.0119,0.2684,0.4655,0.5694,0.5093,0.5721,0.863,0.0712,0.8602,COAD,9.489,3.5766837799999993
TCGA-AZ-4315-01,0.8375,0.2724,0.9382,0.918,0.8961,0.873,0.92,0.059,0.0607,0.0579,0.0097,0.1172,0.0402,0.6956,0.7022,0.7201,0.8804,0.0372,0.8953,COAD,7.99,1.5529221599999994
TCGA-CM-6674-01,0.9215,0.4995,0.9553,0.9504,0.9319,0.926,0.9366,0.456,0.424,0.2741,0.0105,0.4685,0.5959,0.7877,0.4466,0.6714,0.9164,0.0517,0.924,COAD,8.547,2.389816510000001
TCGA-CM-4743-01,0.8787,0.5443,0.9053,0.8248,0.9027,0.8432,0.8978,0.1337,0.33,0.2356,0.0861,0.2896,0.3868,0.809,0.702,0.6727,0.913,0.0475,0.8969,COAD,8.073,1.1781966799999994
TCGA-D5-5537-01,0.8019,0.2969,0.622,0.5115,0.6436,0.4245,0.7022,0.0607,0.1134,0.0645,0.0144,0.1233,0.0443,0.2137,0.1992,0.5298,0.9157,0.1076,0.8848,COAD,9.229,3.330920849999999
TCGA-CA-6717-01,0.8607,0.7055,0.9517,0.9506,0.8978,0.9303,0.9305,0.4273,0.4285,0.2939,0.0106,0.4558,0.5248,0.7937,0.7804,0.6766,0.8904,0.0739,0.9202,COAD,9.373,2.91290859
TCGA-F4-6569-01,0.8541,0.7918,0.9504,0.9421,0.9095,0.9049,0.9347,0.3475,0.3363,0.1282,0.0107,0.3398,0.3673,0.653,0.646,0.588,0.8965,0.0847,0.8918,COAD,10.3,3.815321
TCGA-D5-6930-01,0.9021,0.665,0.943,0.9363,0.9258,0.9294,0.9384,0.2934,0.518,0.4269,0.0116,0.4723,0.4944,0.7615,0.655,0.6184,0.8969,0.0645,0.8675,COAD,8.691,1.9523752699999992
TCGA-F4-6807-01,0.9071,0.5395,0.9488,0.9383,0.9241,0.9222,0.9329,0.2168,0.2745,0.151,0.014,0.3732,0.5031,0.5548,0.4717,0.4858,0.8956,0.0609,0.901,COAD,9.582,2.74946483
TCGA-4T-AA8H-01,0.8111,0.2032,0.9229,0.9033,0.8848,0.8783,0.8924,0.1322,0.108,0.0791,0.0118,0.4235,0.56,0.7573,0.3067,0.772,0.8582,0.0538,0.7154,COAD,6.818,2.7854918
TCGA-CM-6164-01,0.9281,0.5912,0.9467,0.9389,0.9401,0.8844,0.9518,0.1642,0.1566,0.0576,0.0135,0.1364,0.07,0.7096,0.4386,0.6513,0.8752,0.0534,0.8398,COAD,8.95,2.1025555799999993
TCGA-A6-6782-01,0.8409,0.5758,0.9294,0.9351,0.8687,0.8986,0.9103,0.1176,0.0715,0.0603,0.0095,0.2372,0.245,0.773,0.3502,0.6368,0.9175,0.1073,0.9,COAD,9.272,3.13939729
TCGA-A6-4105-01,0.8839,0.7252,0.9499,0.9386,0.9245,0.9321,0.9357,0.2015,0.3243,0.1729,0.01,0.4875,0.5467,0.8523,0.4903,0.5964,0.91,0.0744,0.901,COAD,8.556,2.2229634199999997
TCGA-D5-5541-01,0.8898,0.587,0.9336,0.9445,0.9421,0.9274,0.9552,0.1997,0.2748,0.1101,0.0199,0.5342,0.5831,0.7581,0.4163,0.7159,0.9152,0.0502,0.8817,COAD,8.568,2.4775976600000003
TCGA-AA-3506-01,0.7818,0.535,0.9216,0.9296,0.9147,0.8895,0.916,0.2092,0.2156,0.147,0.0089,0.4175,0.612,0.5014,0.3121,0.6998,0.7509,0.0656,0.8137,COAD,8.273,2.738375469999999
TCGA-DM-A28E-01,0.8592,0.6944,0.948,0.9209,0.8828,0.8812,0.9118,0.1305,0.0777,0.0472,0.0129,0.3275,0.4035,0.334,0.2065,0.7723,0.9261,0.0729,0.902,COAD,6.673,1.7885269699999995
TCGA-A6-6138-01,0.8743,0.6211,0.9482,0.9297,0.92,0.9119,0.9323,0.2847,0.3825,0.1201,0.01,0.4435,0.3909,0.7716,0.7673,0.6683,0.9065,0.0864,0.889,COAD,8.5,1.9265912500000009
TCGA-AZ-4682-01,0.8192,0.3048,0.557,0.738,0.7147,0.7164,0.7616,0.1489,0.1615,0.1774,0.0114,0.2419,0.1858,0.3062,0.2201,0.7711,0.918,0.0646,0.843,COAD,7.521,2.84747898
TCGA-D5-6932-01,0.8467,0.8388,0.9323,0.9366,0.8848,0.8821,0.9279,0.1452,0.1343,0.1188,0.0137,0.5911,0.2979,0.7037,0.2962,0.6903,0.9166,0.0738,0.8543,COAD,8.852,2.6206024099999996
TCGA-D5-6538-01,0.8327,0.8619,0.9299,0.8811,0.9019,0.8915,0.9009,0.528,0.556,0.2064,0.0136,0.6983,0.8542,0.7995,0.5503,0.8111,0.951,0.0735,0.8871,COAD,7.808,3.69584807
TCGA-AD-6888-01,0.8654,0.6757,0.9417,0.9544,0.9122,0.9409,0.9359,0.37,0.3237,0.2269,0.0127,0.5427,0.5041,0.7763,0.4743,0.7193,0.9232,0.0677,0.7502,COAD,6.97,1.7177031999999997
TCGA-CM-6678-01,0.886,0.6459,0.9627,0.9508,0.9482,0.9202,0.9381,0.2876,0.2695,0.1721,0.0113,0.4403,0.5576,0.7214,0.4061,0.5252,0.9291,0.0701,0.9167,COAD,8.402,3.2222658899999996
TCGA-CM-5344-01,0.9171,0.6929,0.9361,0.9151,0.9145,0.8641,0.9206,0.1811,0.1787,0.1408,0.01,0.3212,0.3244,0.5891,0.3053,0.6154,0.8939,0.0455,0.8818,COAD,9.717,3.1425773799999996
TCGA-A6-5656-01,0.8765,0.6727,0.9387,0.9369,0.9203,0.8979,0.9368,0.09593,0.09257,0.09067,0.0514,0.3888,0.383,0.2998,0.287,0.6651,0.8863,0.0596,0.8924,COAD,7.752,2.4239795500000003
TCGA-F4-6809-01,0.8824,0.6637,0.9194,0.9185,0.9163,0.8926,0.9313,0.0928,0.1902,0.0861,0.0161,0.2448,0.3168,0.5932,0.4557,0.67,0.8844,0.076,0.8907,COAD,9.223,2.8947506599999997
TCGA-F4-6806-01,0.9006,0.5665,0.8732,0.7815,0.8768,0.8733,0.9073,0.115,0.1079,0.1071,0.0117,0.4138,0.5796,0.5966,0.4614,0.7414,0.9203,0.0568,0.93,COAD,9.133,2.36782294
TCGA-AA-3502-01,0.8486,0.6221,0.9346,0.9273,0.9,0.9184,0.9277,0.3419,0.3306,0.2456,0.0111,0.5981,0.8364,0.683,0.6006,0.5972,0.5408,0.0531,0.824,COAD,6.609,1.8799024
TCGA-NH-A8F8-01,0.7908,0.5833,0.8485,0.8345,0.838,0.8147,0.8516,0.0492,0.0756,0.056,0.0132,0.2145,0.2214,0.7174,0.3028,0.6053,0.9082,0.0749,0.8735,COAD,9.353,3.16831506
TCGA-AY-6196-01,0.9341,0.7453,0.9647,0.9393,0.948,0.9387,0.9546,0.3829,0.2996,0.1178,0.0092,0.3382,0.3968,0.8504,0.7466,0.7103,0.8519,0.0392,0.9215,COAD,10.43,3.2240426600000003
TCGA-CM-5868-01,0.8983,0.6364,0.9482,0.9201,0.9314,0.9081,0.9441,0.2037,0.1004,0.0886,0.0111,0.4565,0.4778,0.6708,0.4523,0.6197,0.8601,0.0468,0.7259,COAD,8.966,2.808326950000001
TCGA-RU-A8FL-01,0.8776,0.7429,0.9433,0.9294,0.9144,0.9161,0.9336,0.3161,0.4061,0.2063,0.0143,0.5862,0.5752,0.6841,0.4493,0.7356,0.9038,0.0785,0.6403,COAD,6.121,1.46969441
TCGA-CK-4951-01,0.8714,0.4066,0.7819,0.7367,0.7999,0.765,0.8063,0.3023,0.3317,0.2342,0.1315,0.3513,0.4603,0.6403,0.3775,0.5297,0.8833,0.0414,0.9113,COAD,9.332,2.6819479499999983
TCGA-D5-6922-01,0.676,0.4732,0.7024,0.7634,0.6069,0.6639,0.7367,0.0919,0.0958,0.1303,0.013,0.0974,0.0459,0.2382,0.2525,0.5527,0.9303,0.1973,0.6642,COAD,9.705,3.1120947599999993
TCGA-AA-3697-01,0.8711,0.6601,0.948,0.9137,0.9164,0.9069,0.9113,0.2365,0.2075,0.1629,0.0097,0.3542,0.3817,0.5202,0.2893,0.7629,0.9078,0.0576,0.9015,COAD,7.884,1.8787966599999997
TCGA-A6-6142-01,0.8966,0.5843,0.8725,0.8612,0.8486,0.8116,0.91,0.1237,0.0908,0.0473,0.011,0.3337,0.3689,0.4206,0.5312,0.4779,0.8841,0.0548,0.8187,COAD,9.58,3.11515258
TCGA-F4-6704-01,0.9028,0.6413,0.8959,0.8212,0.8799,0.8554,0.89,0.1435,0.1199,0.1067,0.0181,0.3152,0.3388,0.7359,0.689,0.6628,0.9104,0.0791,0.8736,COAD,10.01,3.4780265899999994
TCGA-AZ-6599-01,0.9192,0.5072,0.9694,0.9534,0.9444,0.9554,0.9454,0.5826,0.6275,0.3559,0.0106,0.699,0.8703,0.8676,0.6035,0.6645,0.9204,0.0421,0.8972,COAD,6.236,1.77021467
TCGA-5M-AAT4-01,0.7498,0.3435,0.6902,0.5827,0.6981,0.6633,0.702,0.042,0.0679,0.058,0.0122,0.0851,0.0329,0.4376,0.3561,0.6553,0.9211,0.0681,0.8486,COAD,8.781,3.12995597
TCGA-CK-5914-01,0.9089,0.5004,0.9475,0.9486,0.9106,0.9151,0.9502,0.1156,0.1014,0.0493,0.0131,0.5543,0.7125,0.7843,0.5479,0.8102,0.9321,0.059,0.8864,COAD,8.488,1.9772516
TCGA-CM-5860-01,0.9206,0.3487,0.9552,0.8973,0.8899,0.9025,0.9478,0.0904,0.0661,0.1004,0.0119,0.5344,0.5819,0.3559,0.3911,0.4351,0.878,0.0443,0.9289,COAD,9.198,2.4358659799999995
TCGA-AD-6965-01,0.8038,0.4705,0.883,0.8854,0.8438,0.8611,0.8948,0.0579,0.071,0.0839,0.0134,0.426,0.4983,0.4335,0.2676,0.7056,0.9268,0.0781,0.7059,COAD,8.696,3.02391084
TCGA-A6-6780-01,0.8813,0.5579,0.9557,0.9433,0.9413,0.9221,0.9373,0.1211,0.1491,0.1037,0.02317,0.4996,0.6048,0.586,0.5056,0.5484,0.909,0.0425,0.8399,COAD,7.507,1.5589372299999995
TCGA-A6-2686-01,0.7753,0.6164,0.8204,0.7366,0.8005,0.7443,0.8729,0.074,0.066,0.0532,0.0153,0.3157,0.3767,0.5032,0.4657,0.7101,0.9187,0.055,0.8549,COAD,8.392,2.53118747
TCGA-CM-6677-01,0.7988,0.5121,0.938,0.9316,0.8571,0.8649,0.9238,0.2041,0.2265,0.1696,0.0145,0.4694,0.5172,0.5498,0.4394,0.6742,0.9195,0.0972,0.9073,COAD,8.419,2.172978529999999
TCGA-A6-A567-01,0.7298,0.3308,0.5117,0.4845,0.6928,0.6246,0.6349,0.16,0.2506,0.2481,0.0123,0.2933,0.3538,0.3254,0.2486,0.448,0.9057,0.0706,0.883,COAD,9.275,3.0037492699999997
TCGA-D5-5540-01,0.8745,0.9234,0.9161,0.8929,0.7189,0.8954,0.9018,0.2378,0.204,0.0846,0.039,0.2527,0.0645,0.5069,0.2795,0.8978,0.882,0.04,0.8731,COAD,8.23,1.49811063
TCGA-DM-A1DB-01,0.8786,0.7055,0.9564,0.9238,0.9218,0.9127,0.9303,0.0977,0.1322,0.0659,0.0098,0.5641,0.6464,0.3767,0.2771,0.7135,0.9562,0.0582,0.9115,COAD,7.356,1.04619536
TCGA-QG-A5Z2-01,0.9061,0.5855,0.9577,0.9423,0.9443,0.9426,0.9462,0.3026,0.3085,0.1371,0.0123,0.5413,0.6878,0.8144,0.758,0.7936,0.8269,0.0618,0.9122,COAD,7.841,1.4245962999999993
TCGA-D5-6898-01,0.8594,0.5431,0.9108,0.9307,0.9047,0.9029,0.9121,0.0892,0.1259,0.084,0.0132,0.4843,0.5499,0.718,0.5572,0.5769,0.8946,0.0623,0.5964,COAD,8.904,2.8973863299999993
TCGA-AZ-5407-01,0.8952,0.55,0.9464,0.9367,0.9255,0.9302,0.9307,0.2613,0.2784,0.1721,0.0106,0.5452,0.6881,0.7655,0.4423,0.5395,0.9329,0.0502,0.9316,COAD,6.922,2.34053732
TCGA-A6-2684-01,0.8213,0.4834,0.9065,0.9026,0.8799,0.8626,0.894,0.06797,0.07403,0.07217,0.02653,0.1222,0.1048,0.3756,0.3774,0.584,0.8784,0.08033,0.8802,COAD,9.69,3.201240709999999
TCGA-CM-6167-01,0.9075,0.532,0.9349,0.9382,0.9375,0.91,0.9249,0.1426,0.1971,0.0584,0.0088,0.354,0.3987,0.4416,0.3444,0.4636,0.8225,0.0457,0.9293,COAD,10.68,3.828590889999999
TCGA-DM-A28G-01,0.9062,0.4986,0.9273,0.869,0.9215,0.9378,0.9135,0.0804,0.1024,0.0844,0.0131,0.3982,0.5,0.5695,0.2928,0.6931,0.9185,0.0506,0.8946,COAD,8.863,2.96225505
TCGA-AA-3492-01,0.8691,0.3934,0.9517,0.9343,0.9082,0.9183,0.9185,0.0562,0.0802,0.0771,0.0093,0.164,0.121,0.5486,0.4845,0.7688,0.8895,0.0566,0.909,COAD,8.441,2.3497055199999997
TCGA-G4-6322-01,0.7621,0.0985,0.3713,0.8886,0.9094,0.9101,0.95,0.0686,0.4871,0.582,0.4775,0.656,0.7083,0.1453,0.1014,0.1925,0.2171,0.0459,0.5429,COAD,7.756,2.16252988
TCGA-AD-6889-01,0.9146,0.9061,0.9488,0.9396,0.937,0.9357,0.9395,0.8164,0.8065,0.4975,0.0115,0.706,0.837,0.8865,0.8862,0.509,0.9164,0.0588,0.8766,COAD,7.766,2.6269522399999996
TCGA-CM-6163-01,0.8596,0.5333,0.9595,0.9509,0.936,0.9341,0.913,0.2315,0.2752,0.1541,0.011,0.3948,0.4532,0.5522,0.5738,0.7062,0.9061,0.0642,0.9295,COAD,8.569,2.77880463
TCGA-G4-6586-01,0.8945,0.4277,0.9552,0.9392,0.9327,0.9408,0.9498,0.1404,0.1555,0.1077,0.0082,0.5147,0.5005,0.6591,0.7208,0.8146,0.9468,0.0589,0.8913,COAD,7.549,1.5374904799999998
TCGA-G4-6323-01,0.9087,0.6484,0.9586,0.9411,0.9439,0.9365,0.9481,0.1617,0.1481,0.0899,0.0118,0.3797,0.5,0.8157,0.554,0.7033,0.9031,0.0548,0.8568,COAD,8.492,1.52578098
TCGA-CA-5797-01,0.8541,0.3257,0.4952,0.486,0.6148,0.5495,0.4998,0.0677,0.0562,0.0642,0.0111,0.0665,0.0394,0.3593,0.2667,0.5969,0.9041,0.0629,0.7672,COAD,9.03,2.207344439999999
TCGA-CK-4950-01,0.8826,0.4479,0.9416,0.9457,0.9304,0.9153,0.9469,0.3181,0.3495,0.2652,0.0092,0.4998,0.663,0.8495,0.5397,0.7496,0.8785,0.0405,0.8978,COAD,7.766,2.3469208299999993
TCGA-D5-6529-01,0.8602,0.4483,0.6363,0.5591,0.7398,0.7164,0.8581,0.1183,0.1462,0.068,0.0114,0.0867,0.0385,0.51,0.461,0.7002,0.877,0.0495,0.8619,COAD,10.34,2.94312309
TCGA-DM-A1D0-01,0.8963,0.6921,0.9546,0.9331,0.9131,0.9338,0.9299,0.1989,0.1688,0.0537,0.0095,0.4884,0.5237,0.6401,0.269,0.7537,0.9223,0.0592,0.8865,COAD,6.633,2.1264954100000004
TCGA-DM-A282-01,0.8796,0.4917,0.6564,0.7396,0.7552,0.6044,0.7766,0.0631,0.0798,0.0648,0.0144,0.0882,0.055,0.2075,0.1854,0.7394,0.9446,0.0611,0.9297,COAD,8.778,2.658877079999999
TCGA-A6-5660-01,0.9222,0.7021,0.9395,0.9216,0.9543,0.9174,0.9557,0.2564,0.2666,0.1723,0.0186,0.4921,0.5588,0.6462,0.405,0.7984,0.914,0.0687,0.84,COAD,8.508,3.103961799999999
TCGA-G4-6299-01,0.8766,0.3084,0.5148,0.5558,0.7052,0.6381,0.6727,0.0887,0.1098,0.0765,0.0102,0.1115,0.0445,0.602,0.3982,0.6632,0.9334,0.0794,0.9089,COAD,9.911,3.2780584
TCGA-DM-A1DA-01,0.9322,0.2623,0.9615,0.9519,0.946,0.9455,0.9546,0.2893,0.3366,0.1439,0.0092,0.7462,0.7591,0.5932,0.112,0.8521,0.2135,0.0333,0.8433,COAD,6.899,1.5905401099999996
TCGA-D5-6920-01,0.8285,0.7435,0.9401,0.9279,0.9245,0.9214,0.9304,0.4567,0.5174,0.3412,0.0149,0.5593,0.6756,0.8042,0.5502,0.6596,0.8986,0.0602,0.8724,COAD,8.018,2.691435279999999
TCGA-DM-A1D8-01,0.9109,0.6196,0.9603,0.9524,0.9453,0.9187,0.9487,0.5267,0.6115,0.4223,0.0098,0.6106,0.7275,0.8053,0.6203,0.5721,0.8315,0.0651,0.8473,COAD,7.187,2.08815446
TCGA-DM-A1HA-01,0.88,0.145,0.5083,0.6013,0.5163,0.7893,0.8406,0.0413,0.043,0.0451,0.0094,0.0415,0.019,0.5959,0.6253,0.3152,0.9461,0.0545,0.911,COAD,9.508,2.55383435
TCGA-DM-A285-01,0.8781,0.522,0.8692,0.8584,0.9178,0.8892,0.9106,0.0796,0.1138,0.0942,0.0141,0.0947,0.0495,0.3725,0.388,0.4574,0.8994,0.0429,0.8931,COAD,9.334,3.70304467
TCGA-G4-6303-01,0.8988,0.6152,0.9348,0.9471,0.9247,0.9338,0.933,0.1937,0.1221,0.089,0.0158,0.462,0.5867,0.7285,0.2688,0.7311,0.9477,0.0554,0.8881,COAD,8.637,3.07850993
TCGA-G4-6294-01,0.8451,0.4255,0.9593,0.9362,0.9293,0.9233,0.9459,0.0831,0.0604,0.0683,0.0134,0.5107,0.6815,0.7339,0.2422,0.8241,0.9117,0.0746,0.9284,COAD,8.03,2.72184751
TCGA-AZ-6601-01,0.884,0.7066,0.9629,0.9381,0.9328,0.9185,0.9501,0.2409,0.2803,0.111,0.0174,0.3423,0.3784,0.8483,0.7392,0.6792,0.9079,0.0543,0.9145,COAD,8.807,2.7316493799999995
TCGA-AZ-4684-01,0.6989,0.2959,0.6029,0.5033,0.7115,0.6296,0.6724,0.0714,0.1441,0.0677,0.0111,0.1668,0.1306,0.2435,0.3916,0.6322,0.8903,0.0685,0.7982,COAD,8.689,2.3660139699999996
TCGA-D5-6532-01,0.8855,0.4049,0.9466,0.9255,0.9236,0.9056,0.9102,0.102,0.0605,0.0463,0.0086,0.4647,0.406,0.4105,0.2114,0.7095,0.9276,0.0687,0.9082,COAD,7.576,2.26005285
TCGA-A6-A565-01,0.9004,0.6487,0.9618,0.9318,0.9367,0.9135,0.9371,0.4822,0.554,0.3738,0.0114,0.3993,0.5632,0.7477,0.6183,0.6264,0.8176,0.0447,0.8667,COAD,9.346,2.6948333799999995
TCGA-5M-AATA-01,0.807,0.4345,0.8027,0.8562,0.8316,0.8329,0.8804,0.1015,0.1209,0.0862,0.0117,0.1658,0.1372,0.4335,0.2519,0.6506,0.8935,0.045,0.8264,COAD,9.481,3.05173259
TCGA-D5-6531-01,0.8747,0.4983,0.8248,0.7343,0.8219,0.8634,0.8445,0.0474,0.0839,0.0646,0.0105,0.2986,0.356,0.6772,0.3989,0.8097,0.8522,0.0687,0.9329,COAD,9.163,2.4961873999999993
TCGA-5M-AAT5-01,0.8441,0.2925,0.8061,0.8289,0.8187,0.8048,0.8655,0.1048,0.0919,0.0855,0.0128,0.308,0.4103,0.6324,0.2488,0.7385,0.9163,0.0487,0.8041,COAD,7.66,2.5014431
TCGA-DM-A0XD-01,0.8235,0.473,0.6155,0.4467,0.6654,0.6053,0.6945,0.0874,0.0696,0.0605,0.0108,0.0654,0.0261,0.3308,0.2581,0.5354,0.8938,0.0469,0.9119,COAD,9.458,2.8488954099999995
TCGA-CK-6751-01,0.9363,0.4845,0.9683,0.9602,0.9491,0.9441,0.9406,0.2246,0.6604,0.3255,0.0106,0.6067,0.7208,0.8295,0.395,0.5297,0.7644,0.0559,0.923,COAD,8.463,2.4157915500000007
TCGA-G4-6311-01,0.8834,0.6556,0.9532,0.9192,0.923,0.9333,0.9367,0.3634,0.3904,0.2389,0.0139,0.4468,0.3812,0.7077,0.6554,0.571,0.9097,0.0682,0.7922,COAD,9.4,2.77383757
TCGA-A6-6137-01,0.8307,0.6458,0.9519,0.9301,0.9227,0.9307,0.9314,0.17,0.1375,0.1016,0.0106,0.309,0.358,0.7416,0.5143,0.6506,0.892,0.0937,0.8552,COAD,8.29,2.79356426
TCGA-A6-A566-01,0.9043,0.7138,0.9432,0.9317,0.9292,0.9121,0.9428,0.1735,0.1594,0.0917,0.0113,0.4539,0.5986,0.6788,0.4375,0.488,0.6864,0.0538,0.8861,COAD,10.63,3.759162559999999
TCGA-G4-6625-01,0.872,0.5441,0.9439,0.9481,0.9181,0.8902,0.9252,0.2976,0.3371,0.1778,0.018,0.4548,0.5082,0.5867,0.5087,0.734,0.8647,0.0626,0.9008,COAD,8.472,2.1153381599999994
TCGA-DM-A28F-01,0.8695,0.56,0.959,0.9347,0.9184,0.9317,0.9299,0.2211,0.1837,0.1398,0.0134,0.3648,0.3446,0.4411,0.5188,0.7731,0.9249,0.0501,0.9014,COAD,7.985,1.49171208
TCGA-A6-6141-01,0.9191,0.6497,0.9599,0.937,0.9451,0.9458,0.9473,0.1897,0.1965,0.0757,0.0104,0.3877,0.5537,0.7859,0.72,0.6547,0.8996,0.0473,0.9134,COAD,8.231,1.8339174500000004
TCGA-A6-5659-01,0.7437,0.6148,0.9187,0.9186,0.8895,0.8915,0.9017,0.1173,0.1031,0.076,0.04697,0.4292,0.4904,0.4376,0.3778,0.4892,0.9011,0.06873,0.8637,COAD,8.536,2.45457768
TCGA-AZ-6603-01,0.8753,0.5509,0.9322,0.9306,0.9104,0.8992,0.9219,0.1011,0.097,0.0615,0.0111,0.2117,0.2201,0.513,0.2358,0.6763,0.9281,0.0725,0.9344,COAD,9.097,2.70008263
TCGA-D5-6927-01,0.8914,0.4834,0.9383,0.9439,0.9307,0.8779,0.9387,0.1808,0.149,0.0965,0.0114,0.4722,0.4856,0.7008,0.647,0.6716,0.8968,0.054,0.8161,COAD,9.094,2.4440605099999995
TCGA-AU-6004-01,0.9218,0.4327,0.9529,0.9422,0.9387,0.9061,0.9485,0.1254,0.1233,0.0745,0.0109,0.2189,0.2545,0.7627,0.7826,0.6066,0.8595,0.0546,0.8852,COAD,9.389,2.5010100799999986
TCGA-F4-6854-01,0.8506,0.5801,0.9284,0.9079,0.9081,0.8845,0.9363,0.1734,0.1555,0.1654,0.0123,0.4595,0.4719,0.7435,0.3873,0.692,0.8836,0.0959,0.8518,COAD,8.606,2.496751179999999
TCGA-CK-4952-01,0.8833,0.1979,0.9213,0.9344,0.9356,0.9197,0.9303,0.134,0.4822,0.6265,0.0097,0.6312,0.723,0.8117,0.4888,0.4195,0.2518,0.0499,0.878,COAD,6.98,2.72001406
TCGA-A6-5667-01,0.872,0.4946,0.8788,0.8899,0.8824,0.8676,0.9064,0.0637,0.0716,0.047,0.011,0.2229,0.1612,0.5961,0.313,0.6977,0.9329,0.0631,0.9222,COAD,8.907,2.97988524
TCGA-G4-6315-01,0.905,0.742,0.9526,0.9379,0.9195,0.9015,0.9393,0.4894,0.4881,0.3047,0.0094,0.5633,0.6229,0.8978,0.5358,0.7432,0.9247,0.0576,0.9171,COAD,7.169,1.96925307
TCGA-A6-6781-01,0.8654,0.6526,0.9414,0.9291,0.9315,0.8874,0.9302,0.2865,0.3473,0.1926,0.0367,0.4301,0.441,0.5696,0.5296,0.5849,0.9165,0.0512,0.8528,COAD,10.05,3.3542535499999993
TCGA-D5-6541-01,0.8712,0.4192,0.6795,0.5881,0.778,0.6507,0.7123,0.0462,0.0808,0.0625,0.0114,0.0705,0.0371,0.2379,0.3287,0.5936,0.8632,0.055,0.9066,COAD,10.44,2.74987436
TCGA-DM-A1D9-01,0.904,0.4772,0.952,0.9401,0.9371,0.9219,0.9491,0.0515,0.067,0.0466,0.0105,0.372,0.3901,0.1909,0.1947,0.7238,0.9223,0.0405,0.9328,COAD,8.476,2.45576548
TCGA-AD-6901-01,0.8351,0.799,0.9413,0.8837,0.9053,0.8873,0.9303,0.1493,0.1699,0.1104,0.0129,0.4158,0.5942,0.5238,0.4259,0.6147,0.82,0.0759,0.8739,COAD,9.681,3.150320629999998
TCGA-CK-6748-01,0.8876,0.5043,0.9589,0.8744,0.9008,0.8158,0.9215,0.082,0.1091,0.1246,0.0117,0.5589,0.7276,0.649,0.5057,0.7538,0.9436,0.0936,0.8848,COAD,9.546,3.52601543
TCGA-AA-3496-01,0.8834,0.7046,0.9537,0.9536,0.9294,0.9298,0.9346,0.3054,0.3295,0.1195,0.0108,0.4901,0.5682,0.771,0.5519,0.5427,0.9231,0.0687,0.9031,COAD,8.91,2.68523144
TCGA-CM-4751-01,0.8868,0.4153,0.8785,0.8624,0.8862,0.8888,0.9106,0.276,0.3342,0.2446,0.0109,0.3204,0.3999,0.566,0.4752,0.6531,0.8477,0.059,0.9,COAD,9.076,2.089463139999999
TCGA-A6-6652-01,0.9021,0.734,0.9526,0.9257,0.9307,0.954,0.9439,0.5762,0.5783,0.4947,0.0102,0.6754,0.7918,0.8188,0.7433,0.6219,0.944,0.0619,0.9137,COAD,7.686,2.92505537
TCGA-F4-6459-01,0.8503,0.7597,0.9192,0.8983,0.8875,0.8878,0.8823,0.0961,0.0781,0.0496,0.0155,0.3181,0.3135,0.7585,0.5106,0.6584,0.9252,0.0674,0.9237,COAD,9.618,3.7544122399999993
TCGA-SS-A7HO-01,0.8755,0.4669,0.9183,0.9331,0.8899,0.9029,0.9291,0.3214,0.4156,0.1516,0.0139,0.5744,0.3903,0.2627,0.343,0.334,0.9087,0.1126,0.669,COAD,8.855,3.19961994
TCGA-A6-6650-01,0.848,0.6056,0.9463,0.924,0.9035,0.9071,0.9111,0.09557,0.08583,0.1112,0.0202,0.465,0.353,0.4746,0.2109,0.7638,0.8922,0.07583,0.9027,COAD,7.814,2.2985698599999997
TCGA-DM-A28A-01,0.8907,0.4175,0.8877,0.901,0.9035,0.8777,0.9301,0.0577,0.0502,0.071,0.0117,0.0674,0.0229,0.6339,0.4319,0.7763,0.9234,0.0607,0.9333,COAD,9.567,2.57233902
TCGA-D5-6534-01,0.9057,0.606,0.9471,0.9225,0.9349,0.9051,0.9432,0.1282,0.1603,0.1621,0.0114,0.2171,0.1093,0.4504,0.377,0.4986,0.829,0.0605,0.7682,COAD,10.73,3.5285953799999996
TCGA-AZ-4616-01,0.9052,0.4748,0.9383,0.9298,0.9228,0.9131,0.9415,0.1666,0.1407,0.1014,0.0105,0.4124,0.4932,0.7093,0.483,0.6324,0.924,0.0854,0.9215,COAD,8.632,1.51116661
TCGA-D5-6533-01,0.8857,0.7362,0.9393,0.9188,0.9207,0.9147,0.9326,0.5679,0.4424,0.2287,0.0101,0.4906,0.6404,0.845,0.6283,0.7213,0.854,0.0523,0.8092,COAD,7.963,1.8625436699999995
TCGA-QG-A5Z1-01,0.8575,0.7517,0.9384,0.9076,0.9145,0.9205,0.9321,0.1042,0.0631,0.0491,0.012,0.4518,0.6003,0.6074,0.301,0.6371,0.9391,0.0808,0.9136,COAD,8.854,3.7326427399999993
TCGA-DM-A0XF-01,0.8814,0.4333,0.6307,0.5633,0.7127,0.6423,0.7022,0.0707,0.0834,0.0487,0.0105,0.0966,0.0235,0.3952,0.2988,0.5283,0.9062,0.0441,0.9346,COAD,8.678,2.8852725699999997
TCGA-G4-6295-01,0.8902,0.2775,0.4207,0.422,0.586,0.412,0.4848,0.0869,0.0976,0.0676,0.0079,0.1529,0.1391,0.3593,0.3043,0.7457,0.8579,0.045,0.6809,COAD,9.509,1.9303967
TCGA-CM-6680-01,0.8879,0.6579,0.9407,0.9464,0.9155,0.9195,0.9402,0.118,0.1129,0.078,0.0149,0.1015,0.0387,0.6366,0.6266,0.683,0.9102,0.1008,0.8918,COAD,9.319,2.88541709
TCGA-CM-6171-01,0.939,0.6708,0.9561,0.9353,0.94,0.9299,0.9521,0.2799,0.3696,0.3554,0.2718,0.4418,0.5258,0.8542,0.6437,0.6316,0.7765,0.0348,0.9192,COAD,8.638,2.9366999899999997
TCGA-AA-3660-01,0.8543,0.3616,0.6314,0.573,0.739,0.6193,0.7322,0.1912,0.2142,0.1451,0.0132,0.2977,0.3274,0.5525,0.2684,0.7612,0.9449,0.0838,0.9097,COAD,8.854,3.0561574499999997
TCGA-F4-6461-01,0.9063,0.5462,0.957,0.9384,0.9134,0.9285,0.9326,0.6793,0.6141,0.4866,0.1098,0.4943,0.5998,0.82,0.7939,0.7353,0.9204,0.0612,0.937,COAD,9.029,2.6996372200000005
TCGA-CM-4747-01,0.7424,0.5214,0.9168,0.9344,0.8859,0.8797,0.8968,0.0906,0.1158,0.0714,0.0114,0.4745,0.6648,0.6388,0.3291,0.6952,0.7838,0.0799,0.8631,COAD,8.404,2.8942269699999996
TCGA-AM-5820-01,0.8475,0.6911,0.929,0.9161,0.8879,0.9176,0.9208,0.1653,0.1002,0.0586,0.0116,0.2073,0.2399,0.5937,0.3184,0.634,0.9346,0.1807,0.8991,COAD,8.448,3.3004107799999995
TCGA-DM-A28H-01,0.8687,0.5691,0.9565,0.9397,0.925,0.9293,0.9424,0.2518,0.2101,0.1573,0.0099,0.5424,0.7035,0.7862,0.3796,0.7744,0.9006,0.0821,0.9112,COAD,7.281,2.21151856
TCGA-D5-7000-01,0.8984,0.6019,0.9479,0.8955,0.9344,0.9259,0.9438,0.1529,0.1377,0.0951,0.0133,0.5289,0.6546,0.754,0.467,0.6972,0.687,0.0536,0.6961,COAD,8.894,2.7032302399999995
TCGA-G4-6320-01,0.917,0.4596,0.961,0.9373,0.9337,0.9291,0.9459,0.459,0.5918,0.4959,0.0166,0.548,0.669,0.8056,0.5005,0.7291,0.7898,0.0431,0.8966,COAD,7.034,1.87232971
TCGA-5M-AAT6-01,0.8424,0.4301,0.778,0.7488,0.7804,0.7232,0.8104,0.1128,0.1645,0.0592,0.0125,0.1186,0.2044,0.5963,0.4225,0.5267,0.5631,0.0479,0.8522,COAD,9.541,2.64623645
TCGA-AZ-6605-01,0.8394,0.5626,0.8683,0.8181,0.8592,0.8472,0.8732,0.1983,0.2408,0.1778,0.0125,0.2714,0.2447,0.4967,0.4449,0.5151,0.8677,0.0849,0.8555,COAD,10.05,2.8662182499999997
TCGA-G4-6310-01,0.8597,0.7608,0.9276,0.919,0.893,0.9051,0.9142,0.1334,0.0705,0.0908,0.0114,0.4174,0.5879,0.7407,0.3332,0.6322,0.9151,0.0603,0.9085,COAD,9.385,3.744676179999999
TCGA-DM-A28M-01,0.9025,0.435,0.9556,0.9226,0.9296,0.9269,0.938,0.2418,0.1345,0.0789,0.0141,0.475,0.5019,0.7474,0.2684,0.7688,0.9052,0.0524,0.8742,COAD,6.919,1.92051885
TCGA-G4-6317-01,0.8459,0.6116,0.9416,0.9354,0.9125,0.9035,0.9257,0.5915,0.4799,0.2652,0.0123,0.5586,0.5942,0.6713,0.4286,0.7773,0.9395,0.0754,0.9152,COAD,6.044,0.9405784699999996
TCGA-DM-A1D4-01,0.7713,0.8418,0.9283,0.9016,0.8592,0.8464,0.8856,0.1645,0.5461,0.7642,0.0097,0.6325,0.7375,0.7636,0.2705,0.8418,0.9336,0.1055,0.7966,COAD,5.958,1.3618720499999997
TCGA-CM-6170-01,0.8896,0.6177,0.9479,0.9433,0.913,0.9107,0.9369,0.1356,0.0762,0.0828,0.0157,0.1471,0.0511,0.7576,0.3458,0.6932,0.9203,0.0577,0.9251,COAD,9.204,2.61132164
TCGA-NH-A50T-01,0.8601,0.3905,0.9504,0.9364,0.9182,0.9233,0.923,0.1958,0.1282,0.0804,0.0117,0.5918,0.759,0.7182,0.5378,0.4915,0.9235,0.0842,0.6768,COAD,7.742,2.10070212
TCGA-NH-A6GB-01,0.9282,0.4471,0.9376,0.9324,0.9412,0.9173,0.9497,0.0943,0.1176,0.1097,0.0121,0.3222,0.1712,0.3908,0.3044,0.6774,0.7757,0.0531,0.6992,COAD,8.639,2.56787156
TCGA-D5-6537-01,0.8969,0.657,0.9476,0.9195,0.9317,0.892,0.9391,0.2963,0.3028,0.2108,0.0093,0.5435,0.7431,0.7527,0.4172,0.55,0.9023,0.0406,0.7259,COAD,7.62,1.5929408799999996
TCGA-4N-A93T-01,0.8565,0.3982,0.9257,0.9288,0.9053,0.899,0.912,0.1744,0.0979,0.1344,0.0141,0.577,0.7358,0.695,0.2336,0.7573,0.936,0.0733,0.8542,COAD,6.611,1.32928211
TCGA-F5-6812-01,0.8984,0.5351,0.9322,0.9207,0.9075,0.8819,0.9227,0.1259,0.1265,0.0701,0.0092,0.3884,0.5373,0.6357,0.5426,0.5913,0.8731,0.0634,0.9228,READ,9.663,2.8043319600000003
TCGA-BM-6198-01,0.8843,0.5372,0.9501,0.9218,0.9153,0.9152,0.9222,0.1435,0.1215,0.0738,0.0081,0.3064,0.1114,0.5035,0.4814,0.6476,0.8975,0.0346,0.8406,READ,8.813,1.7352762100000003
TCGA-AH-6644-01,0.8954,0.5616,0.9477,0.9504,0.9245,0.9231,0.9315,0.1036,0.0665,0.0947,0.0106,0.0861,0.0294,0.4621,0.3368,0.6211,0.9329,0.061,0.7543,READ,9.95,2.9603465399999993
TCGA-AH-6903-01,0.9186,0.5951,0.9615,0.9531,0.942,0.9329,0.9454,0.3418,0.3382,0.2638,0.01,0.4407,0.6214,0.7721,0.5794,0.7511,0.9214,0.0538,0.9346,READ,8.395,2.605686739999999
TCGA-DC-6157-01,0.8852,0.6541,0.956,0.9498,0.9276,0.9462,0.9456,0.2349,0.1715,0.1093,0.0113,0.5496,0.744,0.8359,0.3816,0.6626,0.9371,0.0537,0.8844,READ,8.314,1.95214935
TCGA-AG-3592-01,0.8004,0.5654,0.9375,0.9294,0.9204,0.8925,0.9157,0.0863,0.0808,0.0837,0.0079,0.4668,0.6587,0.7289,0.478,0.7211,0.9316,0.0538,0.8769,READ,8.267,2.530956700000001
TCGA-AG-3591-01,0.8009,0.4137,0.5927,0.7299,0.626,0.5005,0.6242,0.1119,0.1511,0.0918,0.0098,0.1817,0.1821,0.2876,0.2281,0.441,0.9524,0.1173,0.6332,READ,7.398,2.34543125
TCGA-DT-5265-01,0.9181,0.3291,0.7944,0.8671,0.9167,0.9126,0.9392,0.0506,0.0832,0.0913,0.0082,0.4444,0.5169,0.6964,0.4939,0.6985,0.9096,0.0508,0.9177,READ,9.668,4.30321471
TCGA-EI-6506-01,0.8659,0.6888,0.9284,0.9277,0.8937,0.8999,0.9091,0.4084,0.4256,0.289,0.009,0.4533,0.6832,0.7931,0.4591,0.7439,0.9232,0.0447,0.8612,READ,8.265,2.48111693
TCGA-CI-6620-01,0.8677,0.4428,0.7733,0.7977,0.8447,0.8351,0.91,0.1458,0.1632,0.1674,0.0115,0.2706,0.2654,0.5078,0.4137,0.6279,0.9013,0.0579,0.9067,READ,9.019,3.0246725899999993
TCGA-AH-6549-01,0.8914,0.4286,0.4919,0.5728,0.6859,0.5737,0.5431,0.0646,0.0694,0.0899,0.0116,0.1133,0.0427,0.2707,0.1666,0.7033,0.9196,0.0765,0.8583,READ,9.452,3.2491461599999996
TCGA-EI-6514-01,0.8785,0.5065,0.9234,0.9131,0.8767,0.9071,0.8661,0.202,0.1017,0.0772,0.0085,0.5232,0.6944,0.6247,0.4857,0.5355,0.867,0.0683,0.8936,READ,8.502,3.3061944599999995
TCGA-DY-A1DE-01,0.8474,0.6952,0.9214,0.9139,0.8629,0.8672,0.8846,0.3862,0.4612,0.3356,0.0098,0.5298,0.6606,0.5713,0.4631,0.7087,0.7505,0.0735,0.6721,READ,8.008,2.0781234399999997
TCGA-AG-3731-01,0.8851,0.569,0.9447,0.9207,0.9109,0.8964,0.9146,0.1844,0.2165,0.1793,0.0073,0.3552,0.4203,0.6819,0.4355,0.6488,0.8567,0.0484,0.8839,READ,9.563,2.3030742500000008
TCGA-EI-6510-01,0.9018,0.6944,0.9486,0.9242,0.9208,0.9277,0.9389,0.1697,0.2034,0.0599,0.0067,0.5272,0.7059,0.9205,0.5251,0.839,0.9134,0.0507,0.8776,READ,6.963,1.86075198
TCGA-EI-6513-01,0.8089,0.1891,0.3932,0.4558,0.5397,0.5883,0.4917,0.0431,0.0587,0.036,0.0086,0.0872,0.0291,0.1996,0.1753,0.5095,0.834,0.0693,0.7924,READ,9.407,2.1505917399999994
TCGA-G5-6233-01,0.8788,0.5615,0.9356,0.9178,0.9249,0.9098,0.9181,0.2713,0.2896,0.2807,0.0088,0.3873,0.5772,0.7594,0.6068,0.7143,0.9045,0.039,0.8611,READ,8.555,3.080821929999999
TCGA-F5-6465-01,0.8724,0.5025,0.8988,0.8776,0.8654,0.848,0.8862,0.1122,0.1621,0.0549,0.0092,0.2026,0.3044,0.5636,0.3945,0.6258,0.9032,0.0523,0.8197,READ,9.777,2.8932263899999997
TCGA-DY-A1H8-01,0.8827,0.6018,0.9559,0.9339,0.9159,0.915,0.9462,0.0846,0.095,0.0717,0.0099,0.3003,0.2709,0.7293,0.239,0.8159,0.9272,0.0388,0.9035,READ,8.646,2.5494090499999995
TCGA-CL-5917-01,0.876,0.4414,0.667,0.7128,0.7626,0.6967,0.7524,0.0624,0.0682,0.0582,0.0128,0.0827,0.029,0.2905,0.2006,0.7627,0.943,0.0803,0.8428,READ,9.058,3.625210719999999
TCGA-AF-4110-01,0.8344,0.6565,0.9419,0.9182,0.9121,0.9164,0.9182,0.2205,0.2628,0.1952,0.0079,0.3359,0.3979,0.5669,0.5019,0.6726,0.9195,0.0507,0.8814,READ,8.685,2.5536475399999996
TCGA-EI-6511-01,0.8489,0.3279,0.8516,0.9176,0.8847,0.896,0.9264,0.087,0.1559,0.0854,0.0079,0.1029,0.0415,0.5032,0.5182,0.7123,0.9266,0.0511,0.8822,READ,8.879,2.36727007
TCGA-CI-6619-01,0.8884,0.5481,0.8579,0.9127,0.9183,0.868,0.8692,0.2503,0.3254,0.2541,0.0123,0.3831,0.4826,0.6661,0.4876,0.6725,0.8866,0.045,0.8724,READ,9.119,2.4729319600000004
TCGA-AH-6544-01,0.8801,0.6547,0.9503,0.9281,0.9289,0.9319,0.9238,0.4518,0.4601,0.3461,0.0111,0.508,0.6041,0.8194,0.6648,0.7089,0.9163,0.084,0.8995,READ,6.528,1.2769228
TCGA-AF-6136-01,0.8578,0.5201,0.9295,0.9307,0.8976,0.8985,0.9278,0.2819,0.2727,0.1888,0.0094,0.2946,0.3457,0.3891,0.3448,0.6169,0.9257,0.0671,0.9206,READ,8.666,2.7551538
TCGA-EI-7004-01,0.8867,0.6927,0.788,0.6305,0.7889,0.7501,0.8074,0.0829,0.1102,0.1239,0.0143,0.2367,0.1851,0.5459,0.5413,0.5835,0.911,0.0873,0.8842,READ,10.72,4.0171171800000005
TCGA-F5-6702-01,0.924,0.5666,0.7459,0.7322,0.8858,0.79,0.8487,0.1222,0.2043,0.1649,0.0166,0.2574,0.2461,0.3477,0.3494,0.6106,0.927,0.0765,0.8265,READ,11.09,3.81512036
TCGA-EI-6512-01,0.8332,0.4049,0.9126,0.9,0.8593,0.8863,0.9055,0.1456,0.1381,0.1344,0.0096,0.306,0.2808,0.6575,0.2887,0.7456,0.9203,0.0501,0.85,READ,8.866,2.49555567
TCGA-F5-6861-01,0.8714,0.6336,0.9551,0.9315,0.9379,0.9166,0.9482,0.1564,0.1375,0.0983,0.0108,0.4139,0.5419,0.7175,0.5956,0.6394,0.901,0.058,0.8982,READ,8.893,2.55968962
TCGA-F5-6810-01,0.9197,0.5744,0.8983,0.9256,0.927,0.9016,0.9455,0.1087,0.0826,0.0841,0.0115,0.3718,0.3055,0.4076,0.2262,0.7137,0.9321,0.0685,0.7869,READ,9.759,3.46152956
TCGA-AF-2690-01,0.727,0.5916,0.8782,0.8554,0.7877,0.7999,0.8447,0.0846,0.0856,0.0584,0.0098,0.0993,0.1266,0.6003,0.3932,0.5306,0.9048,0.0754,0.8131,READ,9.43,3.04773325
TCGA-EF-5830-01,0.8842,0.3343,0.3449,0.4364,0.5368,0.5016,0.4104,0.0558,0.0714,0.0584,0.0101,0.096,0.0356,0.2769,0.2485,0.688,0.9692,0.0856,0.8332,READ,7.969,2.9388902199999993
TCGA-EI-6881-01,0.8348,0.8659,0.9399,0.9305,0.8842,0.8949,0.9239,0.2274,0.1969,0.1681,0.0124,0.424,0.5771,0.8088,0.4337,0.7973,0.9323,0.1201,0.8973,READ,7.73,2.12559177
TCGA-AF-2693-01,0.8521,0.8003,0.9515,0.9331,0.9248,0.9238,0.923,0.2589,0.2682,0.1956,0.0083,0.3744,0.6665,0.8434,0.6385,0.7213,0.8987,0.0513,0.8432,READ,8.156,2.4330323199999992
TCGA-DY-A0XA-01,0.8212,0.6401,0.9399,0.8918,0.8939,0.8798,0.9134,0.1524,0.2421,0.0734,0.0116,0.568,0.7376,0.6126,0.2675,0.717,0.9253,0.0697,0.8864,READ,8.304,2.3815725199999997
TCGA-F5-6863-01,0.8719,0.5549,0.8026,0.8022,0.8832,0.8358,0.8479,0.0751,0.1052,0.0678,0.01,0.1948,0.2769,0.2449,0.209,0.6611,0.9325,0.0716,0.907,READ,9.544,3.6023015700000003
TCGA-AF-6655-01,0.8436,0.7284,0.9305,0.9352,0.9175,0.9037,0.9039,0.1679,0.0989,0.1038,0.0112,0.4073,0.5277,0.5431,0.366,0.6166,0.9293,0.1134,0.9039,READ,9.269,2.72928497
TCGA-CI-6624-01,0.9142,0.6547,0.9443,0.9365,0.9396,0.936,0.9491,0.3353,0.3994,0.318,0.0098,0.3871,0.4541,0.5833,0.4971,0.6577,0.8615,0.0584,0.9155,READ,9.33,2.8029002
TCGA-DC-4745-01,0.7553,0.7518,0.8951,0.8638,0.8021,0.8617,0.868,0.3226,0.1518,0.0903,0.009,0.5168,0.6943,0.7814,0.7227,0.759,0.9046,0.1305,0.8114,READ,7.307,2.2704227199999996
TCGA-EI-6883-01,0.8739,0.8401,0.9354,0.9332,0.8941,0.9273,0.9215,0.3352,0.4053,0.3122,0.0093,0.5778,0.7277,0.8199,0.8398,0.8068,0.9577,0.1079,0.891,READ,7.609,1.65961722
TCGA-EI-6507-01,0.9075,0.7517,0.9638,0.9404,0.9316,0.9274,0.9404,0.4798,0.5842,0.4283,0.0076,0.3719,0.5851,0.9316,0.6416,0.7157,0.8975,0.0419,0.9127,READ,9.576,3.258134329999999
TCGA-CI-6623-01,0.8907,0.6764,0.9513,0.9247,0.9221,0.9277,0.9448,0.1499,0.1063,0.0557,0.0119,0.2759,0.3735,0.5191,0.4622,0.6113,0.9252,0.0627,0.9178,READ,7.888,2.61607549
TCGA-DC-5337-01,0.9041,0.3348,0.9449,0.9469,0.9397,0.927,0.9455,0.0896,0.091,0.0773,0.0102,0.1063,0.0369,0.3286,0.2761,0.6778,0.916,0.053,0.8764,READ,7.673,0.9585486499999996
TCGA-CL-5918-01,0.9137,0.4734,0.9333,0.9512,0.9299,0.9371,0.9359,0.0866,0.081,0.0616,0.0102,0.2566,0.1854,0.6262,0.2884,0.7672,0.9247,0.061,0.8642,READ,7.221,1.81377116
TCGA-DC-6156-01,0.8705,0.6381,0.9431,0.9554,0.9161,0.9153,0.9071,0.1048,0.1097,0.0832,0.0122,0.1336,0.0714,0.375,0.4421,0.5645,0.8957,0.069,0.9135,READ,10.75,3.6428337699999993
TCGA-AG-3725-01,0.7404,0.3883,0.8247,0.7166,0.765,0.779,0.7674,0.072,0.1334,0.1065,0.0099,0.2164,0.1656,0.2349,0.2216,0.7764,0.9286,0.0952,0.8769,READ,8.429,2.190020179999999
TCGA-F5-6864-01,0.8475,0.6452,0.9214,0.9187,0.8965,0.8994,0.9099,0.0727,0.0707,0.0876,0.0079,0.0795,0.0429,0.5255,0.4338,0.6534,0.937,0.1068,0.8652,READ,10.08,3.2667841600000003
TCGA-DC-6160-01,0.9076,0.5224,0.9483,0.9368,0.9349,0.9089,0.9537,0.2097,0.2433,0.2028,0.0089,0.2875,0.5958,0.683,0.5253,0.6174,0.9084,0.0587,0.92,READ,8.658,2.5422112199999995
TCGA-AF-3911-01,0.739,0.571,0.9056,0.851,0.8233,0.8476,0.8609,0.1212,0.0831,0.0999,0.0124,0.2701,0.3399,0.383,0.351,0.6686,0.9114,0.1004,0.7925,READ,8.47,2.5677044799999997
TCGA-EI-6508-01,0.8867,0.4824,0.9409,0.9258,0.9124,0.9082,0.9195,0.1957,0.2052,0.1651,0.0093,0.4679,0.4728,0.7982,0.3787,0.7446,0.9171,0.0491,0.8031,READ,8.101,2.5045752999999995
TCGA-EI-6917-01,0.9035,0.7961,0.9559,0.9292,0.9189,0.9106,0.9536,0.2404,0.2596,0.1226,0.0091,0.454,0.6301,0.7227,0.6307,0.6866,0.9295,0.0712,0.9117,READ,9.88,2.7410463600000003
TCGA-DC-6681-01,0.8767,0.6421,0.9434,0.9317,0.9042,0.9148,0.9041,0.0853,0.0999,0.0694,0.0091,0.3702,0.4506,0.7339,0.4543,0.5353,0.916,0.089,0.9135,READ,8.962,3.5128296999999997
TCGA-F5-6814-01,0.9109,0.4147,0.7091,0.7076,0.8075,0.7405,0.7894,0.1382,0.1807,0.1411,0.0093,0.3523,0.3612,0.7704,0.5013,0.7644,0.9248,0.0444,0.8929,READ,9.783,2.7540011599999996
TCGA-F5-6464-01,0.894,0.6114,0.9499,0.9239,0.906,0.9177,0.9391,0.4149,0.263,0.1566,0.0084,0.3801,0.4931,0.5732,0.543,0.6349,0.8406,0.05,0.8928,READ,10.5,3.5576011899999993
TCGA-DC-6158-01,0.8649,0.4641,0.8135,0.7208,0.8473,0.8177,0.8375,0.1022,0.1714,0.118,0.011,0.1742,0.1145,0.3927,0.3518,0.6741,0.9094,0.0883,0.8758,READ,10.11,2.78829757
TCGA-DC-5869-01,0.8861,0.6703,0.9441,0.9358,0.9016,0.9219,0.9285,0.1174,0.1078,0.0786,0.0103,0.3445,0.3174,0.4839,0.2777,0.6645,0.9429,0.0775,0.9126,READ,8.091,2.1984435499999995
TCGA-AF-A56N-01,0.7806,0.5789,0.8501,0.8952,0.8273,0.7945,0.8695,0.0686,0.0834,0.0539,0.0118,0.2203,0.262,0.6191,0.2477,0.667,0.9173,0.1076,0.7942,READ,8.913,2.97114963
TCGA-AG-4022-01,0.7843,0.5894,0.9022,0.9014,0.8844,0.8864,0.8813,0.1619,0.246,0.1629,0.0096,0.3523,0.6008,0.5074,0.3557,0.6516,0.9216,0.0832,0.774,READ,8.764,2.3899712099999997
TCGA-DY-A1DG-01,0.679,0.7669,0.8933,0.8568,0.847,0.8187,0.8465,0.1033,0.1059,0.0568,0.0175,0.2426,0.2611,0.4784,0.4461,0.836,0.932,0.1783,0.8862,READ,6.645,1.17574948
TCGA-EF-5831-01,0.9038,0.7385,0.9607,0.9426,0.9222,0.9225,0.945,0.2494,0.2678,0.1358,0.0097,0.5729,0.6892,0.8816,0.6178,0.7333,0.939,0.0619,0.9174,READ,8.846,2.77466573
TCGA-AG-3732-01,0.8867,0.4355,0.6498,0.6516,0.7385,0.6181,0.6997,0.077,0.1091,0.1055,0.0104,0.1346,0.06,0.5316,0.3822,0.6564,0.8662,0.0878,0.8889,READ,8.527,2.132398219999999
TCGA-DY-A1DC-01,0.8344,0.771,0.936,0.9096,0.8813,0.8679,0.9037,0.0778,0.0811,0.0437,0.0126,0.3406,0.4034,0.6393,0.6279,0.715,0.9134,0.0784,0.7845,READ,8.113,2.06874254
TCGA-EI-6885-01,0.8847,0.5349,0.9276,0.9118,0.8961,0.9041,0.9335,0.1213,0.082,0.0706,0.0112,0.4909,0.616,0.7386,0.6467,0.7022,0.8993,0.0635,0.8287,READ,9.689,2.3412260299999996
TCGA-AF-A56L-01,0.8418,0.5354,0.864,0.8862,0.8632,0.8492,0.8722,0.0646,0.0592,0.057,0.0112,0.2369,0.246,0.6752,0.3344,0.591,0.8836,0.0644,0.7937,READ,8.741,2.3146083799999997
TCGA-AF-A56K-01,0.7659,0.5586,0.9131,0.9269,0.9076,0.8859,0.9182,0.1556,0.1401,0.0647,0.0128,0.3931,0.5123,0.7132,0.3916,0.5665,0.8309,0.0761,0.8115,READ,9.488,2.706822429999999
TCGA-DC-6683-01,0.9094,0.3853,0.835,0.9262,0.855,0.8589,0.925,0.0795,0.0805,0.068,0.0094,0.2512,0.1938,0.4626,0.2766,0.6967,0.8939,0.0539,0.8965,READ,8.955,2.7431477
TCGA-AH-6897-01,0.9003,0.7348,0.9522,0.9483,0.9237,0.9336,0.953,0.5022,0.5503,0.1742,0.0103,0.5007,0.5984,0.7116,0.22,0.5691,0.9476,0.0852,0.7567,READ,7.015,2.00964873
TCGA-AF-2687-01,0.8185,0.3863,0.5767,0.5957,0.7397,0.6085,0.6684,0.0648,0.075,0.0642,0.0088,0.0973,0.0414,0.2494,0.3033,0.5075,0.8763,0.0567,0.8137,READ,10.33,3.123731819999999
TCGA-EI-6882-01,0.9076,0.3624,0.9571,0.9508,0.9346,0.937,0.9394,0.2897,0.1539,0.142,0.0093,0.4355,0.3134,0.8322,0.6108,0.8302,0.9201,0.0733,0.904,READ,8.215,2.44594114
TCGA-AH-6643-01,0.8332,0.2709,0.8901,0.8526,0.8703,0.8297,0.8545,0.0774,0.0628,0.0478,0.0093,0.0879,0.0329,0.2445,0.2637,0.768,0.9425,0.0541,0.8566,READ,10.12,3.1123409399999993
TCGA-AF-6672-01,0.859,0.7563,0.9447,0.93,0.8978,0.9217,0.931,0.3819,0.2852,0.2065,0.0103,0.4238,0.5496,0.7161,0.6939,0.7296,0.9412,0.0673,0.7711,READ,7.76,2.21083449
TCGA-DY-A1DF-01,0.8217,0.335,0.9374,0.9314,0.9107,0.9126,0.9107,0.431,0.1659,0.064,0.0116,0.3149,0.1824,0.2674,0.4642,0.7695,0.8659,0.0748,0.7857,READ,8.157,3.15243608
TCGA-DC-6155-01,0.8938,0.3647,0.9297,0.9193,0.9056,0.9028,0.9362,0.0942,0.0916,0.098,0.0109,0.2887,0.2489,0.3672,0.2589,0.6644,0.8893,0.056,0.9201,READ,6.477,1.8031759699999992
TCGA-CL-4957-01,0.7331,0.572,0.9249,0.8901,0.8861,0.858,0.8684,0.2985,0.3137,0.2097,0.008,0.4146,0.5384,0.7079,0.3707,0.6748,0.9249,0.0875,0.7175,READ,7.821,2.7678705999999997
TCGA-G5-6641-01,0.929,0.5707,0.812,0.7888,0.8637,0.7971,0.7868,0.1501,0.1758,0.1407,0.0096,0.2346,0.2563,0.5871,0.4919,0.6263,0.9288,0.0489,0.8864,READ,8.065,2.44791245
TCGA-AG-3742-01,0.915,0.7817,0.9641,0.9407,0.9398,0.9381,0.9449,0.104,0.0637,0.0503,0.0117,0.5677,0.2859,0.473,0.2929,0.7159,0.9318,0.0533,0.9267,READ,8.697,2.877887699999999
TCGA-AG-4021-01,0.8247,0.3319,0.9261,0.8479,0.8608,0.8353,0.8826,0.0571,0.0403,0.03,0.0097,0.0529,0.0342,0.1599,0.1547,0.7003,0.9084,0.0682,0.8408,READ,9.785,3.816012769999999
TCGA-F5-6813-01,0.8921,0.6838,0.9576,0.9068,0.9095,0.93,0.9338,0.1453,0.1901,0.0946,0.0096,0.4697,0.5008,0.6443,0.4494,0.7211,0.8899,0.0631,0.8996,READ,8.748,2.3066804800000007
TCGA-F5-6571-01,0.8954,0.6528,0.9449,0.9196,0.9195,0.9192,0.9488,0.1106,0.0726,0.0969,0.0118,0.4169,0.4119,0.646,0.3189,0.4458,0.9211,0.0644,0.9359,READ,9.277,3.0576054800000003
TCGA-DC-6682-01,0.9112,0.668,0.9419,0.9342,0.9105,0.9162,0.9221,0.1068,0.108,0.0663,0.0091,0.3105,0.2853,0.6575,0.49,0.6589,0.9133,0.0692,0.9213,READ,8.396,2.0949335799999993
TCGA-EI-6509-01,0.8483,0.3341,0.2952,0.3169,0.4731,0.2995,0.3923,0.0303,0.0306,0.0425,0.008,0.0459,0.0189,0.157,0.1522,0.6231,0.919,0.0525,0.8474,READ,10.13,3.9298289399999993
TCGA-CI-6622-01,0.8896,0.6845,0.8987,0.9239,0.903,0.88,0.9338,0.3394,0.3839,0.341,0.0105,0.4036,0.4839,0.5528,0.3897,0.7821,0.9267,0.0611,0.9336,READ,8.397,2.5882427000000003
TCGA-G5-6572-01,0.88,0.8712,0.9464,0.9298,0.9148,0.9222,0.9271,0.1666,0.1289,0.0652,0.0095,0.5089,0.645,0.7318,0.5883,0.6217,0.9219,0.0877,0.915,READ,8.923,3.699176909999999
TCGA-CI-6621-01,0.9031,0.6642,0.9294,0.8951,0.9273,0.9214,0.9296,0.2323,0.2551,0.1869,0.011,0.3612,0.4638,0.787,0.4916,0.7126,0.8847,0.0672,0.9025,READ,9.058,2.54297259
TCGA-F5-6811-01,0.9065,0.7085,0.9528,0.9356,0.9164,0.9265,0.9305,0.0677,0.0925,0.09,0.0109,0.4044,0.6131,0.5395,0.5166,0.6886,0.9102,0.0631,0.9267,READ,9.735,2.88213941
TCGA-G5-6235-01,0.8653,0.7701,0.9544,0.935,0.8787,0.9035,0.8998,0.5322,0.6064,0.4541,0.0073,0.511,0.7498,0.8234,0.5969,0.6889,0.9212,0.0559,0.8787,READ,7.292,1.32609228
TCGA-DC-6154-01,0.8421,0.382,0.7433,0.7851,0.7875,0.8071,0.8403,0.0917,0.1091,0.0496,0.0135,0.1022,0.0583,0.4577,0.2072,0.4543,0.9363,0.1623,0.8374,READ,9.168,3.4361197299999997
TCGA-AH-6547-01,0.9338,0.6407,0.948,0.9128,0.9522,0.9225,0.9444,0.426,0.458,0.3511,0.0089,0.4398,0.53,0.8395,0.6435,0.6925,0.8986,0.0495,0.9251,READ,9.146,2.7448878799999994
TCGA-DY-A1DD-01,0.8017,0.643,0.9156,0.882,0.8849,0.8658,0.8925,0.1362,0.0738,0.0465,0.0096,0.4446,0.5055,0.416,0.1665,0.7599,0.9333,0.1089,0.8732,READ,8.095,2.7126404399999995
TCGA-EI-7002-01,0.8862,0.5479,0.9583,0.9366,0.9455,0.9032,0.9188,0.1033,0.0796,0.0708,0.013,0.5422,0.561,0.7825,0.3482,0.8043,0.935,0.0706,0.9016,READ,8.983,3.08091066
TCGA-EI-6884-01,0.9044,0.7549,0.961,0.9291,0.9178,0.923,0.9433,0.4587,0.507,0.3947,0.0091,0.4369,0.6308,0.807,0.7564,0.715,0.9305,0.0959,0.9178,READ,8.832,2.8836438099999997
TCGA-DC-4749-01,0.8637,0.5819,0.9112,0.9097,0.9083,0.8978,0.9279,0.0628,0.0608,0.046,0.0078,0.3651,0.5141,0.6814,0.3449,0.7363,0.9319,0.0688,0.8829,READ,7.499,1.5725852699999994
