,cg04625493,cg26561773,cg12124912,cg02811156,cg16786117,cg15166523,cohort,VSIG4,ARGscore
TCGA-AA-3663-01,0.8383,0.2145,0.843,0.9234,0.9537,0.3392,COAD,8.257,2.26197524
TCGA-D5-6530-01,0.8955,0.5793,0.8501,0.9033,0.9398,0.8852,COAD,7.918,1.9849881700000005
TCGA-NH-A8F7-01,0.7216,0.7949,0.8259,0.8995,0.7826,0.7484,COAD,5.26,2.9338066499999993
TCGA-CK-4948-01,0.4565,0.557,0.6566,0.671,0.7584,0.522,COAD,7.114,3.0941909
TCGA-3L-AA1B-01,0.7172,0.8228,0.828,0.799,0.9377,0.6028,COAD,7.029,3.3209084100000004
TCGA-AZ-4615-01,0.9101,0.7866,0.8101,0.8612,0.9208,0.7281,COAD,8.925,2.4015694199999995
TCGA-D5-5538-01,0.5784,0.5326,0.5678,0.6678,0.7926,0.6546,COAD,9.465,2.6499862199999997
TCGA-G4-6306-01,0.9025,0.957,0.8912,0.925,0.952,0.9457,COAD,3.128,0.6721170699999998
TCGA-AD-6964-01,0.8659,0.7195,0.8478,0.8772,0.9209,0.9115,COAD,10.14,2.7245681400000006
TCGA-AD-A5EJ-01,0.8524,0.6715,0.6885,0.8793,0.9463,0.7206,COAD,6.133,2.3955460199999994
TCGA-A6-6651-01,0.83,0.9133,0.7868,0.8812,0.9382,0.8207,COAD,9.848,3.61142358
TCGA-DM-A1HB-01,0.3943,0.8851,0.7818,0.5849,0.9311,0.8556,COAD,5.96,3.08996515
TCGA-D5-6535-01,0.5221,0.7351,0.7881,0.7036,0.9488,0.745,COAD,6.802,2.38478729
TCGA-AY-6197-01,0.7202,0.7903,0.804,0.8811,0.847,0.8611,COAD,6.275,2.62843074
TCGA-CA-5256-01,0.7426,0.5463,0.8192,0.589,0.9111,0.7591,COAD,6.155,1.3051777600000003
TCGA-T9-A92H-01,0.9214,0.8925,0.892,0.9195,0.936,0.9371,COAD,5.484,2.24880897
TCGA-AZ-6598-01,0.638,0.8085,0.8185,0.5397,0.9397,0.3533,COAD,8.059,2.59042228
TCGA-DM-A0X9-01,0.5939,0.4665,0.8475,0.6658,0.9472,0.7177,COAD,6.322,1.97974305
TCGA-AD-6963-01,0.5997,0.8629,0.781,0.8726,0.9241,0.7319,COAD,6.688,1.5728355599999997
TCGA-G4-6626-01,0.9032,0.9439,0.8496,0.9182,0.9552,0.9236,COAD,4.676,1.7006613000000002
TCGA-G4-6628-01,0.548,0.7286,0.4144,0.8878,0.8008,0.5689,COAD,9.325,2.625995219999999
TCGA-CA-6716-01,0.9326,0.795,0.8999,0.9162,0.9562,0.9395,COAD,5.455,3.2988191899999997
TCGA-A6-6653-01,0.9092,0.793,0.8597,0.923,0.9333,0.9303,COAD,6.222,2.818067339999999
TCGA-AA-3489-01,0.91,0.9324,0.7992,0.8909,0.948,0.8662,COAD,9.496,3.1424797200000008
TCGA-A6-2682-01,0.635,0.6984,0.6474,0.8423,0.9334,0.7553,COAD,8.156,3.5190439
TCGA-G4-6304-01,0.6452,0.8751,0.3951,0.8964,0.9166,0.8171,COAD,6.872,1.4822909199999998
TCGA-F4-6855-01,0.8326,0.7461,0.6304,0.7104,0.8255,0.819,COAD,8.705,3.86872048
TCGA-NH-A6GA-01,,0.9098,0.9009,0.8752,0.9318,0.9134,COAD,6.701,4.057253769999999
TCGA-NH-A50V-01,0.8961,0.8584,0.8624,0.8575,0.9349,0.8918,COAD,7.353,2.60339309
TCGA-CK-5912-01,0.8418,0.909,0.8471,0.8585,0.9402,0.7621,COAD,4.997,2.611547469999999
TCGA-DM-A288-01,0.9033,0.9197,0.8414,0.925,0.9589,0.9398,COAD,4.548,3.4187874
TCGA-AD-6548-01,0.4308,0.4563,0.7649,0.7582,0.8348,0.4547,COAD,7.555,2.304968089999999
TCGA-AD-6890-01,0.6338,0.6962,0.869,0.858,0.9154,0.8877,COAD,6.378,2.06722258
TCGA-G4-6293-01,0.633,0.6263,0.8176,0.7872,0.9541,0.6219,COAD,5.929,2.0471774600000003
TCGA-CK-5916-01,0.6094,0.7941,0.7132,0.8319,0.9489,0.8938,COAD,7.982,2.6894541499999995
TCGA-CK-6747-01,0.7495,0.7549,0.8582,0.6967,0.9467,0.3459,COAD,6.559,2.6282431299999995
TCGA-QL-A97D-01,0.4767,0.6725,0.7981,0.865,0.8897,0.5724,COAD,6.466,1.39513995
TCGA-A6-A56B-01,0.8166,0.9209,0.9063,0.9039,0.9515,0.928,COAD,6.246,3.615672299999999
TCGA-G4-6307-01,0.6944,0.7298,0.817,0.7012,0.6448,0.6759,COAD,2.927,1.5227502899999998
TCGA-AZ-6600-01,0.8866,0.9354,0.85,0.9291,0.9525,0.877,COAD,8.445,3.08437363
TCGA-F4-6808-01,0.6046,0.8727,0.7706,0.7986,0.902,0.795,COAD,3.927,2.3689558899999996
TCGA-G4-6309-01,0.9198,0.9255,0.8213,0.8123,0.9499,0.6977,COAD,5.731,1.80543712
TCGA-AA-3662-01,0.6313,0.8208,0.7754,0.763,0.8057,0.7522,COAD,8.565,2.519271379999999
TCGA-AY-A71X-01,0.4596,0.6523,0.8776,0.798,0.9344,0.603,COAD,2.276,2.3520838299999993
TCGA-CM-6169-01,0.7296,0.8948,0.8423,0.7731,0.935,0.8673,COAD,8.828,2.7154476199999995
TCGA-DM-A28K-01,0.9223,0.9029,0.8847,0.9229,0.9536,0.9426,COAD,5.391,2.540932709999999
TCGA-D5-6540-01,0.8511,0.4555,0.7794,0.8678,0.9064,0.4148,COAD,6.284,2.67676672
TCGA-CA-5254-01,0.4536,0.4444,0.8534,0.8821,0.9416,0.7794,COAD,6.352,3.6725914399999993
TCGA-AY-6386-01,0.5883,0.5191,0.6925,0.7009,0.9418,0.6536,COAD,6.111,1.85058495
TCGA-AA-3655-01,0.9157,0.9374,0.8482,0.924,0.9507,0.8292,COAD,6.787,2.52602704
TCGA-D5-6926-01,0.6124,0.5895,0.8553,0.5984,0.9242,0.382,COAD,8.501,3.0870406299999997
TCGA-AD-5900-01,0.6776,0.742,0.9104,0.6805,0.923,0.8147,COAD,8.855,2.7567582899999987
TCGA-A6-A5ZU-01,0.9283,0.9011,0.912,0.8723,0.9359,0.9125,COAD,8.104,2.85304935
TCGA-DM-A28C-01,0.921,0.918,0.8859,0.9227,0.9398,0.9184,COAD,4.565,2.78744536
TCGA-G4-6302-01,0.8071,0.7954,0.7047,0.765,0.9143,0.8576,COAD,9.331,4.059412050000001
TCGA-AZ-5403-01,0.7443,0.9205,0.7897,0.8869,0.9451,0.9054,COAD,6.971,2.7857657300000005
TCGA-D5-6923-01,0.7625,0.854,0.8369,0.8895,0.9321,0.8578,COAD,5.88,3.2098935999999996
TCGA-AA-3712-01,0.8721,0.9281,0.8709,0.8835,0.957,0.9347,COAD,7.247,2.8699300699999997
TCGA-AU-3779-01,0.6779,0.7167,0.7744,0.6451,0.9222,0.6231,COAD,7.249,2.62165028
TCGA-CM-6172-01,0.8436,0.89,0.8606,0.9068,0.9464,0.7957,COAD,6.396,3.61196783
TCGA-AZ-4614-01,0.3366,0.5428,0.7508,0.3936,0.7629,0.6595,COAD,4.626,2.53307911
TCGA-5M-AATE-01,0.8202,0.8481,0.8763,0.8867,0.9187,0.7683,COAD,5.224,2.83012404
TCGA-A6-5664-01,0.8763,0.9079,0.7938,0.8699,0.9432,0.9058,COAD,9.598,3.42965034
TCGA-CM-4744-01,0.5042,0.3513,0.7545,0.8544,0.9379,0.7131,COAD,5.657,1.4380128299999997
TCGA-CM-6166-01,0.5986,0.5875,0.8393,0.8861,0.9445,0.6643,COAD,4.835,2.7181881499999996
TCGA-DM-A280-01,0.742,0.8403,0.5612,0.6439,0.9072,0.6553,COAD,6.086,2.96143059
TCGA-AZ-6607-01,0.7801,0.7719,0.8622,0.5617,0.9092,0.8094,COAD,9.082,3.659378489999998
TCGA-CM-5862-01,0.8925,0.9323,0.906,0.915,0.9607,0.945,COAD,5.663,2.8228412799999996
TCGA-NH-A5IV-01,0.765,0.2711,0.8421,0.914,0.696,0.2525,COAD,9.358,2.5641822599999995
TCGA-AA-3511-01,0.8885,0.7313,0.8581,0.9154,0.952,0.929,COAD,6.973,2.8597170299999997
TCGA-AD-A5EK-01,0.6107,0.9314,0.8717,0.9113,0.9422,0.9339,COAD,5.752,2.7836913699999997
TCGA-QG-A5YX-01,0.6174,0.8993,0.8597,0.8889,0.9263,0.8457,COAD,4.698,1.61897851
TCGA-CM-6168-01,0.5879,0.6695,0.7152,0.7551,0.9137,0.6682,COAD,8.742,3.2451089400000006
TCGA-AM-5821-01,0.4265,0.6012,0.6076,0.5783,0.6941,0.4723,COAD,8.696,2.19982146
TCGA-F4-6570-01,0.4345,0.4484,0.76,0.7182,0.8433,0.5263,COAD,10.39,3.5098511099999987
TCGA-D5-6924-01,0.5872,0.9009,0.8544,0.9106,0.9453,0.916,COAD,8.219,2.61723991
TCGA-G4-6588-01,0.7848,0.8066,0.6992,0.896,0.9369,0.9143,COAD,7.416,2.7343439400000005
TCGA-AY-A54L-01,0.3881,0.5056,0.8268,0.1807,0.7357,0.6017,COAD,2.606,2.40536006
TCGA-CK-6746-01,0.2548,0.2653,0.8376,0.2497,0.6022,0.235,COAD,9.167,2.740621159999999
TCGA-G4-6298-01,,0.876,0.8358,0.8699,0.9332,0.8683,COAD,5.544,3.1620665100000003
TCGA-CK-5915-01,0.9223,0.9392,0.9234,0.9325,0.9565,0.7421,COAD,5.93,3.61947726
TCGA-CA-6718-01,0.8862,0.7088,0.793,0.8851,0.9143,0.7085,COAD,8.746,2.5450647299999996
TCGA-CM-6162-01,0.7969,0.8952,0.6801,0.8834,0.9359,0.8481,COAD,9.557,3.0191657099999993
TCGA-D5-5539-01,0.8676,0.9389,0.8246,0.9202,0.953,0.5706,COAD,9.13,3.2127569799999995
TCGA-QG-A5YV-01,0.6154,0.4855,0.8246,0.8793,0.9232,0.7,COAD,5.482,2.0547709999999997
TCGA-G4-6314-01,0.8569,0.8798,0.8233,0.8558,0.9314,0.8701,COAD,7.61,3.44236679
TCGA-AZ-4313-01,0.4935,0.569,0.5918,0.7469,0.8875,0.5887,COAD,4.094,1.2839903899999996
TCGA-CM-6676-01,0.8465,0.9114,0.849,0.9075,0.9368,0.9208,COAD,6.049,3.17883072
TCGA-NH-A6GC-01,0.894,0.8816,0.8447,0.8752,0.9187,0.8531,COAD,6.608,3.99352258
TCGA-A6-6654-01,0.8862,0.7704,0.6727,0.8937,0.952,0.8678,COAD,9.892,3.2181847900000005
TCGA-A6-2675-01,0.6676,0.9061,0.8095,0.8045,0.9461,0.9229,COAD,7.774,2.91258547
TCGA-F4-6460-01,0.7459,0.9254,0.8953,0.8049,0.9548,0.911,COAD,7.313,3.0697793399999997
TCGA-CA-6715-01,0.5555,0.8104,0.897,0.9369,0.957,0.9331,COAD,4.199,2.16811849
TCGA-F4-6703-01,0.8754,0.7875,0.6323,0.8347,0.9324,0.8781,COAD,10.82,2.97925047
TCGA-WS-AB45-01,0.6978,0.8739,0.5709,0.8338,0.9144,0.8567,COAD,11.05,4.1521487
TCGA-G4-6321-01,0.7462,0.8065,0.8595,0.872,0.9231,0.7134,COAD,5.14,1.83371727
TCGA-AZ-6608-01,0.4996,0.4177,0.8942,0.7982,0.8333,0.7651,COAD,4.364,2.39652004
TCGA-AA-3713-01,0.5351,0.5604,0.8895,0.8694,0.9195,0.5662,COAD,8.806,2.00662979
TCGA-CM-5864-01,0.7133,0.9276,0.8505,0.9368,0.957,0.9359,COAD,6.347,2.2935002300000003
TCGA-CK-5913-01,0.4426,0.4471,0.7557,0.6443,0.7295,0.4463,COAD,6.636,2.36734037
TCGA-CM-5863-01,0.6044,0.745,0.702,0.8558,0.9183,0.7365,COAD,8.66,3.4550632200000004
TCGA-AA-3495-01,0.8769,0.8433,0.8289,0.8503,0.9365,0.8755,COAD,7.078,2.0552558399999996
TCGA-F4-6857-01,0.7189,0.8689,0.7419,0.8158,0.927,0.7821,COAD,8.343,2.6643033499999995
TCGA-QG-A5YW-01,0.5617,0.3263,0.8222,0.6418,0.7572,0.3543,COAD,7.154,2.29053295
TCGA-A6-5665-01,0.6411,0.7938,0.761,0.7934,0.9007,0.6268,COAD,6.258,1.5739538399999995
TCGA-CA-5255-01,0.791,0.9008,0.8203,0.8701,0.9409,0.892,COAD,4.636,2.3050329799999996
TCGA-CM-5349-01,0.6507,0.81,0.8134,0.713,0.9452,0.5954,COAD,9.171,2.9486831999999996
TCGA-CK-4947-01,0.4696,0.7423,0.7801,0.921,0.9272,0.7256,COAD,7.259,2.389291089999999
TCGA-G4-6297-01,0.6624,0.8565,0.7694,0.8848,0.9439,0.8544,COAD,7.451,2.8308314300000004
TCGA-AZ-6606-01,0.9329,0.933,0.8709,0.9328,0.9598,0.9316,COAD,3.839,2.3558091799999996
TCGA-CM-6675-01,0.664,0.8481,0.9231,0.4562,0.9493,0.2124,COAD,5.749,2.79100846
TCGA-NH-A50U-01,0.8159,0.8334,0.896,0.8698,0.9167,0.8917,COAD,6.519,3.5678085100000003
TCGA-AD-6899-01,0.796,0.9146,0.8542,0.9161,0.9304,0.8956,COAD,8.722,3.1599384699999997
TCGA-AY-A8YK-01,0.6813,0.8011,0.8132,0.6757,0.9348,0.8469,COAD,6.162,2.3278600899999997
TCGA-AD-6895-01,0.8791,0.7176,0.8836,0.8719,0.9202,0.8917,COAD,6.378,2.04027742
TCGA-F4-6805-01,0.8515,0.8639,0.7019,0.7505,0.9345,0.7264,COAD,9.014,3.330284100000001
TCGA-AY-5543-01,0.7009,0.7223,0.8376,0.9093,0.9581,0.5248,COAD,5.51,1.4185111099999996
TCGA-D5-6931-01,0.8904,0.9145,0.8748,0.8822,0.938,0.9137,COAD,7.544,2.8797692799999997
TCGA-G4-6627-01,0.8903,0.9304,0.7986,0.9231,0.9288,0.9222,COAD,7.378,2.6595768899999994
TCGA-A6-5657-01,0.8207,0.8772,0.8292,0.8575,0.941,0.9213,COAD,6.461,2.263410310000001
TCGA-CM-6165-01,0.9307,0.8983,0.9327,0.9242,0.9417,0.9105,COAD,7.559,2.6464698400000004
TCGA-CM-5861-01,0.859,0.3443,0.7498,0.8274,0.9128,0.9099,COAD,6.387,2.75641633
TCGA-A6-6649-01,0.8416,0.9295,0.8913,0.9089,0.9474,0.9168,COAD,8.273,3.69199479
TCGA-CM-5348-01,0.8776,0.8868,0.8586,0.8648,0.9294,0.8838,COAD,10.16,4.46580427
TCGA-AY-A69D-01,0.824,0.8535,0.8583,0.9056,0.9395,0.792,COAD,5.312,2.297720559999999
TCGA-A6-5662-01,0.9541,0.9331,0.9012,0.9068,0.9556,0.9265,COAD,6.326,3.3832082399999996
TCGA-AA-3509-01,0.6641,0.6791,0.7863,0.6614,0.908,0.7427,COAD,7.634,2.164061859999999
TCGA-D5-6536-01,0.9086,0.7161,0.7022,0.7722,0.5574,0.3463,COAD,8.83,4.21978781
TCGA-D5-6539-01,0.8187,0.8852,0.8774,0.8882,0.9391,0.7341,COAD,7.466,2.82270195
TCGA-D5-6929-01,0.7805,0.7444,0.7883,0.8312,0.9248,0.8802,COAD,8.32,2.8446643399999996
TCGA-CM-6679-01,0.8469,0.932,0.8253,0.893,0.9566,0.8784,COAD,6.987,3.087887189999999
TCGA-A6-5666-01,0.4873,0.9319,0.8788,0.9021,0.9248,0.7628,COAD,6.038,2.5119820099999997
TCGA-A6-6140-01,0.945,0.9368,0.8729,0.9205,0.9597,0.9491,COAD,4.714,1.8813134499999995
TCGA-CA-5796-01,0.5768,0.8885,0.8559,0.9318,0.9587,0.5172,COAD,3.218,2.2832394299999996
TCGA-F4-6463-01,0.927,0.8559,0.8687,0.8723,0.9374,0.8347,COAD,7.17,3.09048531
TCGA-D5-6928-01,0.6629,0.8164,0.7671,0.787,0.9206,0.7997,COAD,9.191,2.3716216500000007
TCGA-A6-6648-01,0.8931,0.939,0.9188,0.9229,0.9523,0.9007,COAD,5.805,2.3214681399999995
TCGA-CA-6719-01,0.6266,0.8123,0.8587,0.8532,0.9436,0.7826,COAD,8.587,3.419751840000001
TCGA-AZ-4323-01,0.8064,0.8741,0.7785,0.8961,0.9364,0.85,COAD,5.8,2.53070389
TCGA-CM-6161-01,0.6517,0.7453,0.837,0.6375,0.7869,0.6637,COAD,6.372,2.9568010899999995
TCGA-F4-6856-01,0.9113,0.8571,0.7583,0.8722,0.9006,0.8066,COAD,6.442,2.1587783
TCGA-DM-A1D7-01,0.9231,0.9331,0.8573,0.9274,0.9578,0.9055,COAD,5.502,2.1129402299999995
TCGA-A6-5661-01,0.8153,0.9028,0.7998,0.845,0.9384,0.7001,COAD,6.27,2.2923648600000006
TCGA-DM-A1D6-01,0.9326,0.9027,0.8851,0.9446,0.9632,0.9413,COAD,3.06,3.00967228
TCGA-A6-2685-01,0.8168,0.7695,0.7243,0.6191,0.771,0.7077,COAD,9.704,3.5766837799999993
TCGA-AZ-4315-01,0.8659,0.5325,0.7526,0.8865,0.9264,0.5973,COAD,8.075,1.5529221599999994
TCGA-CM-6674-01,0.9012,0.9218,0.7245,0.8943,0.9479,0.9135,COAD,8.007,2.389816510000001
TCGA-CM-4743-01,0.8378,0.8418,0.621,0.8557,0.9189,0.8488,COAD,4.828,1.1781966799999994
TCGA-D5-5537-01,0.9177,0.9219,0.8963,0.9072,0.9334,0.9008,COAD,5.939,3.330920849999999
TCGA-CA-6717-01,0.9063,0.8867,0.8473,0.9156,0.9367,0.9125,COAD,9.381,2.91290859
TCGA-F4-6569-01,0.6924,0.9132,0.7837,0.8654,0.9343,0.8897,COAD,9.723,3.815321
TCGA-D5-6930-01,0.9116,0.8987,0.8564,0.8852,0.9202,0.8977,COAD,6.913,1.9523752699999992
TCGA-F4-6807-01,0.5482,0.6474,0.5418,0.6028,0.9352,0.587,COAD,8.421,2.74946483
TCGA-4T-AA8H-01,0.5946,0.2206,0.8558,0.8093,0.9271,0.7296,COAD,4.323,2.7854918
TCGA-CM-6164-01,0.545,0.638,0.6746,0.5829,0.8837,0.5074,COAD,5.631,2.1025555799999993
TCGA-A6-6782-01,0.6099,0.8925,0.873,0.9262,0.9405,0.8134,COAD,9.156,3.13939729
TCGA-A6-4105-01,0.6087,0.9326,0.8493,0.902,0.9537,0.9057,COAD,9.062,2.2229634199999997
TCGA-D5-5541-01,0.5595,0.7418,0.879,0.9009,0.9577,0.7252,COAD,8.84,2.4775976600000003
TCGA-AA-3506-01,0.7478,0.8336,0.8175,0.9039,0.9289,0.8941,COAD,8.399,2.738375469999999
TCGA-DM-A28E-01,0.4293,0.462,0.872,0.9399,0.476,0.7226,COAD,4.406,1.7885269699999995
TCGA-A6-6138-01,0.9352,0.9247,0.8761,0.8694,0.9355,0.9173,COAD,8.899,1.9265912500000009
TCGA-AZ-4682-01,0.8711,0.9256,0.8287,0.9128,0.9323,0.9267,COAD,6.477,2.84747898
TCGA-D5-6932-01,0.9377,0.9005,0.8737,0.8876,0.9166,0.9116,COAD,6.858,2.6206024099999996
TCGA-D5-6538-01,0.879,0.8174,0.9083,0.7972,0.92,0.7686,COAD,5.039,3.69584807
TCGA-AD-6888-01,0.6311,0.8971,0.8854,0.9096,0.9376,0.9169,COAD,3.918,1.7177031999999997
TCGA-CM-6678-01,0.8006,0.748,0.7717,0.7923,0.9389,0.7668,COAD,5.145,3.2222658899999996
TCGA-CM-5344-01,0.8508,0.8877,0.8774,0.8888,0.9295,0.8172,COAD,6.11,3.1425773799999996
TCGA-A6-5656-01,0.5297,0.8973,0.8469,0.8381,0.9533,0.8183,COAD,5.5,2.4239795500000003
TCGA-F4-6809-01,0.8681,0.8229,0.8071,0.8375,0.9225,0.7739,COAD,8.335,2.8947506599999997
TCGA-F4-6806-01,0.6509,0.9314,0.8231,0.752,0.9596,0.7095,COAD,5.477,2.36782294
TCGA-AA-3502-01,0.9146,0.8201,0.8748,0.8893,0.918,0.8912,COAD,5.161,1.8799024
TCGA-NH-A8F8-01,0.9104,0.8528,0.8657,0.8512,0.9191,0.86,COAD,7.259,3.16831506
TCGA-AY-6196-01,0.5119,0.6209,0.9003,0.5658,0.7463,0.5378,COAD,10.85,3.2240426600000003
TCGA-CM-5868-01,0.3795,0.6196,0.7575,0.5579,0.7628,0.386,COAD,6.226,2.808326950000001
TCGA-RU-A8FL-01,0.9049,0.875,0.9189,0.8737,0.921,0.7685,COAD,1.71,1.46969441
TCGA-CK-4951-01,0.8404,0.7403,0.5394,0.676,0.9077,0.5754,COAD,8.227,2.6819479499999983
TCGA-D5-6922-01,0.9123,0.8589,0.9289,0.8854,0.9105,0.9149,COAD,7.922,3.1120947599999993
TCGA-AA-3697-01,0.6864,0.7107,0.8733,0.8201,0.9466,0.8452,COAD,6.413,1.8787966599999997
TCGA-A6-6142-01,0.6587,0.806,0.6285,0.8161,0.9348,0.7384,COAD,7.666,3.11515258
TCGA-F4-6704-01,0.7228,0.7126,0.8889,0.7357,0.9235,0.5559,COAD,8.484,3.4780265899999994
TCGA-AZ-6599-01,0.915,0.9375,0.9508,0.9231,0.9403,0.935,COAD,3.194,1.77021467
TCGA-5M-AAT4-01,0.6355,0.5299,0.8374,0.8616,0.9305,0.6276,COAD,6.631,3.12995597
TCGA-CK-5914-01,0.9381,0.9385,0.8733,0.9098,0.9511,0.7228,COAD,6.223,1.9772516
TCGA-CM-5860-01,0.5169,0.5963,0.8797,0.8719,0.9544,0.5595,COAD,7.626,2.4358659799999995
TCGA-AD-6965-01,0.8601,0.8897,0.9218,0.883,0.9212,0.9066,COAD,6.395,3.02391084
TCGA-A6-6780-01,0.8753,0.5991,0.768,0.8626,0.946,0.9191,COAD,10.37,1.5589372299999995
TCGA-A6-2686-01,0.8669,0.851,0.774,0.8851,0.927,0.9342,COAD,10.05,2.53118747
TCGA-CM-6677-01,0.5322,0.4543,0.813,0.5716,0.8243,0.4035,COAD,6.53,2.172978529999999
TCGA-A6-A567-01,0.7356,0.8582,0.8347,0.8899,0.9349,0.8986,COAD,6.37,3.0037492699999997
TCGA-D5-5540-01,0.7745,0.9295,0.8635,0.8844,0.9215,0.9084,COAD,7.079,1.49811063
TCGA-DM-A1DB-01,0.9427,0.9573,0.8706,0.9435,0.962,0.9711,COAD,4.436,1.04619536
TCGA-QG-A5Z2-01,0.8677,0.9029,0.8642,0.9291,0.9448,0.9194,COAD,4.311,1.4245962999999993
TCGA-D5-6898-01,0.837,0.8019,0.849,0.8576,0.9468,0.6961,COAD,8.717,2.8973863299999993
TCGA-AZ-5407-01,0.7012,0.8076,0.877,0.7199,0.9501,0.8022,COAD,4.909,2.34053732
TCGA-A6-2684-01,0.6731,0.7576,0.7497,0.6282,0.7548,0.5854,COAD,9.353,3.201240709999999
TCGA-CM-6167-01,0.7074,0.8424,0.7704,0.8845,0.9529,0.7879,COAD,8.005,3.828590889999999
TCGA-DM-A28G-01,0.9295,0.9364,0.8747,0.8994,0.9312,0.9296,COAD,5.354,2.96225505
TCGA-AA-3492-01,0.8538,0.2567,0.8142,0.5725,0.9248,0.7102,COAD,8.782,2.3497055199999997
TCGA-G4-6322-01,0.9263,0.8298,0.9334,0.879,0.9347,0.8928,COAD,4.61,2.16252988
TCGA-AD-6889-01,0.9475,0.923,0.9221,0.9036,0.9255,0.9068,COAD,6.214,2.6269522399999996
TCGA-CM-6163-01,0.8987,0.9313,0.8286,0.9128,0.9535,0.9078,COAD,8.702,2.77880463
TCGA-G4-6586-01,0.8879,0.7283,0.7365,0.8691,0.9529,0.7854,COAD,6.324,1.5374904799999998
TCGA-G4-6323-01,0.9276,0.878,0.9284,0.8815,0.9316,0.8969,COAD,4.939,1.52578098
TCGA-CA-5797-01,0.7732,0.4525,0.8604,0.9137,0.9549,0.7877,COAD,6.279,2.207344439999999
TCGA-CK-4950-01,0.5992,0.6588,0.7636,0.8563,0.8176,0.7384,COAD,7.624,2.3469208299999993
TCGA-D5-6529-01,0.837,0.8544,0.8233,0.8825,0.9503,0.8952,COAD,7.841,2.94312309
TCGA-DM-A1D0-01,0.591,0.6076,0.7869,0.6295,0.9306,0.867,COAD,4.437,2.1264954100000004
TCGA-DM-A282-01,0.6639,0.7486,0.8816,0.9024,0.96,0.7092,COAD,5.695,2.658877079999999
TCGA-A6-5660-01,0.8484,0.7237,0.8496,0.8704,0.9616,0.9089,COAD,7.166,3.103961799999999
TCGA-G4-6299-01,0.899,0.6996,0.8757,0.6952,0.9388,0.7606,COAD,9.086,3.2780584
TCGA-DM-A1DA-01,0.5011,0.1042,0.8258,0.4888,0.5743,0.1221,COAD,6.629,1.5905401099999996
TCGA-D5-6920-01,0.8155,0.782,0.7767,0.7818,0.8205,0.7672,COAD,6.91,2.691435279999999
TCGA-DM-A1D8-01,0.445,0.2461,0.8446,0.4257,0.5669,0.1984,COAD,4.552,2.08815446
TCGA-DM-A1HA-01,0.1121,0.1065,0.9115,0.9437,0.9506,0.8565,COAD,4.051,2.55383435
TCGA-DM-A285-01,0.672,0.6865,0.7842,0.7637,0.9306,0.5917,COAD,6.468,3.70304467
TCGA-G4-6303-01,0.7886,0.7944,0.828,0.7982,0.9406,0.7522,COAD,7.046,3.07850993
TCGA-G4-6294-01,0.919,0.9528,0.8946,0.9271,0.956,0.9344,COAD,6.092,2.72184751
TCGA-AZ-6601-01,0.9025,0.8921,0.7678,0.9261,0.9466,0.9166,COAD,10.18,2.7316493799999995
TCGA-AZ-4684-01,0.4254,0.5323,0.7761,0.8632,0.9374,0.7982,COAD,6.504,2.3660139699999996
TCGA-D5-6532-01,0.9035,0.9201,0.8896,0.9174,0.9451,0.937,COAD,5.357,2.26005285
TCGA-A6-A565-01,0.729,0.7948,0.759,0.8415,0.877,0.7918,COAD,8.278,2.6948333799999995
TCGA-5M-AATA-01,0.905,0.759,0.8871,0.8368,0.8904,0.8022,COAD,6.877,3.05173259
TCGA-D5-6531-01,0.866,0.8679,0.8969,0.8977,0.9533,0.9112,COAD,8.359,2.4961873999999993
TCGA-5M-AAT5-01,0.5192,0.7009,0.8313,0.6375,0.9386,0.5687,COAD,4.916,2.5014431
TCGA-DM-A0XD-01,0.2872,0.7903,0.8361,0.7916,0.9413,0.8474,COAD,5.561,2.8488954099999995
TCGA-CK-6751-01,0.4505,0.3663,0.8058,0.7934,0.9526,0.6205,COAD,5.888,2.4157915500000007
TCGA-G4-6311-01,0.8784,0.819,0.8979,0.9264,0.9485,0.9112,COAD,7.354,2.77383757
TCGA-A6-6137-01,0.8321,0.9136,0.8454,0.9325,0.929,0.8895,COAD,6.951,2.79356426
TCGA-A6-A566-01,0.6373,0.5616,0.6052,0.4764,0.7798,0.5192,COAD,9.702,3.759162559999999
TCGA-G4-6625-01,0.7213,0.699,0.7448,0.7087,0.9441,0.6086,COAD,8.673,2.1153381599999994
TCGA-DM-A28F-01,0.3804,0.6165,0.8633,0.9255,0.9563,0.9375,COAD,3.518,1.49171208
TCGA-A6-6141-01,0.9008,0.9345,0.8765,0.9026,0.9447,0.9273,COAD,6.866,1.8339174500000004
TCGA-A6-5659-01,0.6171,0.5874,0.8612,0.6825,0.9352,0.4834,COAD,6.318,2.45457768
TCGA-AZ-6603-01,0.4433,0.7189,0.7639,0.8857,0.8875,0.4124,COAD,8.479,2.70008263
TCGA-D5-6927-01,0.8872,0.8934,0.754,0.8279,0.9158,0.8414,COAD,8.893,2.4440605099999995
TCGA-AU-6004-01,0.8496,0.6747,0.732,0.9083,0.9491,0.7843,COAD,9.257,2.5010100799999986
TCGA-F4-6854-01,0.8774,0.9115,0.8207,0.9085,0.9478,0.9148,COAD,6.624,2.496751179999999
TCGA-CK-4952-01,0.455,0.1514,0.8029,0.5438,0.7023,0.4845,COAD,6.736,2.72001406
TCGA-A6-5667-01,0.8637,0.8721,0.8314,0.8481,0.945,0.8807,COAD,6.888,2.97988524
TCGA-G4-6315-01,0.9089,0.8145,0.9041,0.9059,0.934,0.8815,COAD,4.739,1.96925307
TCGA-A6-6781-01,0.8307,0.8349,0.663,0.8429,0.916,0.9002,COAD,9.03,3.3542535499999993
TCGA-D5-6541-01,0.901,0.4813,0.8307,0.8497,0.9382,0.5831,COAD,8.047,2.74987436
TCGA-DM-A1D9-01,0.5508,0.6172,0.8247,0.6187,0.9274,0.5657,COAD,6.127,2.45576548
TCGA-AD-6901-01,0.9192,0.9133,0.8677,0.9217,0.9512,0.9286,COAD,8.988,3.150320629999998
TCGA-CK-6748-01,0.9491,0.9277,0.8427,0.9025,0.941,0.916,COAD,8.322,3.52601543
TCGA-AA-3496-01,0.8322,0.908,0.7857,0.9028,0.9487,0.8814,COAD,8.497,2.68523144
TCGA-CM-4751-01,0.5745,0.9152,0.8879,0.9017,0.9502,0.9071,COAD,6.996,2.089463139999999
TCGA-A6-6652-01,0.9457,0.9248,0.9329,0.9235,0.9395,0.9034,COAD,5.156,2.92505537
TCGA-F4-6459-01,0.8076,0.6559,0.8095,0.9212,0.9321,0.7632,COAD,8.299,3.7544122399999993
TCGA-SS-A7HO-01,0.2656,0.4465,0.8517,0.8513,0.9135,0.4091,COAD,6.824,3.19961994
TCGA-A6-6650-01,0.6551,0.7037,0.8378,0.9096,0.9447,0.6401,COAD,6.155,2.2985698599999997
TCGA-DM-A28A-01,0.9418,0.8902,0.8917,0.9089,0.9462,0.9051,COAD,6.622,2.57233902
TCGA-D5-6534-01,0.6541,0.8219,0.7252,0.8461,0.941,0.7008,COAD,10.26,3.5285953799999996
TCGA-AZ-4616-01,0.4835,0.6651,0.7298,0.8062,0.925,0.4413,COAD,6.511,1.51116661
TCGA-D5-6533-01,0.4405,0.517,0.5821,0.6256,0.9059,0.4364,COAD,6.65,1.8625436699999995
TCGA-QG-A5Z1-01,0.8496,0.9001,0.9034,0.9108,0.9428,0.9131,COAD,7.417,3.7326427399999993
TCGA-DM-A0XF-01,0.5797,0.7763,0.7114,0.7092,0.9194,0.7081,COAD,6.087,2.8852725699999997
TCGA-G4-6295-01,0.5198,0.5743,0.8274,0.49,0.7217,0.6328,COAD,6.954,1.9303967
TCGA-CM-6680-01,0.6043,0.7229,0.5839,0.6703,0.9576,0.6764,COAD,7.888,2.88541709
TCGA-CM-6171-01,0.5918,0.4651,0.7494,0.8205,0.9164,0.4864,COAD,6.882,2.9366999899999997
TCGA-AA-3660-01,0.543,0.6907,0.8147,0.7946,0.765,0.3421,COAD,6.482,3.0561574499999997
TCGA-F4-6461-01,0.7304,0.8382,0.8291,0.7382,0.9415,0.7276,COAD,7.594,2.6996372200000005
TCGA-CM-4747-01,0.8737,0.878,0.8051,0.8686,0.9302,0.7451,COAD,7.079,2.8942269699999996
TCGA-AM-5820-01,0.4552,0.7255,0.4862,0.5754,0.862,0.5955,COAD,7.624,3.3004107799999995
TCGA-DM-A28H-01,0.2533,0.9578,0.8468,0.9406,0.9653,0.9462,COAD,5.689,2.21151856
TCGA-D5-7000-01,0.5158,0.5211,0.7946,0.7423,0.9101,0.6814,COAD,7.167,2.7032302399999995
TCGA-G4-6320-01,0.7989,0.8703,0.9205,0.8666,0.9456,0.8637,COAD,4.547,1.87232971
TCGA-5M-AAT6-01,0.5642,0.7878,0.6494,0.6214,0.9151,0.6694,COAD,9.701,2.64623645
TCGA-AZ-6605-01,0.7296,0.8217,0.7476,0.8439,0.9316,0.8021,COAD,7.94,2.8662182499999997
TCGA-G4-6310-01,0.8707,0.8868,0.9304,0.9171,0.944,0.8948,COAD,4.88,3.744676179999999
TCGA-DM-A28M-01,0.9142,0.9299,0.8306,0.9168,0.9448,0.889,COAD,3.435,1.92051885
TCGA-G4-6317-01,0.6137,0.4276,0.5013,0.7972,0.9461,0.7186,COAD,1.899,0.9405784699999996
TCGA-DM-A1D4-01,0.951,0.9326,0.8717,0.9336,0.9636,0.9179,COAD,5.122,1.3618720499999997
TCGA-CM-6170-01,0.8587,0.7497,0.7963,0.9033,0.9349,0.644,COAD,7.332,2.61132164
TCGA-NH-A50T-01,0.5082,0.2664,0.8305,0.7981,0.9337,0.256,COAD,3.382,2.10070212
TCGA-NH-A6GB-01,0.6956,0.6539,0.7865,0.593,0.9521,0.8488,COAD,5.583,2.56787156
TCGA-D5-6537-01,0.8842,0.2096,0.8957,0.8862,0.9428,0.6593,COAD,5.188,1.5929408799999996
TCGA-4N-A93T-01,0.7805,0.8906,0.9251,0.9015,0.9004,0.581,COAD,1.554,1.32928211
TCGA-F5-6812-01,0.9187,0.9026,0.8336,0.8961,0.9416,0.8545,READ,7.664,2.8043319600000003
TCGA-BM-6198-01,0.9067,0.8727,0.6832,0.904,0.9382,0.8943,READ,7.705,1.7352762100000003
TCGA-AH-6644-01,0.793,0.8891,0.8825,0.7489,0.9474,0.9108,READ,7.479,2.9603465399999993
TCGA-AH-6903-01,0.8023,0.9328,0.8732,0.9387,0.9659,0.9112,READ,5.648,2.605686739999999
TCGA-DC-6157-01,0.7764,0.9055,0.8933,0.8976,0.949,0.9262,READ,5.108,1.95214935
TCGA-AG-3592-01,0.475,0.8905,0.8663,0.8994,0.9381,0.6803,READ,7.253,2.530956700000001
TCGA-AG-3591-01,0.5631,0.8986,0.8633,0.9372,0.9448,0.7654,READ,7.149,2.34543125
TCGA-DT-5265-01,0.8975,0.9183,0.8389,0.8775,0.9665,0.9465,READ,8.333,4.30321471
TCGA-EI-6506-01,0.747,0.8085,0.8338,0.7237,0.9173,0.6765,READ,6.966,2.48111693
TCGA-CI-6620-01,0.3864,0.5082,0.8248,0.4099,0.5501,0.3917,READ,5.803,3.0246725899999993
TCGA-AH-6549-01,0.8365,0.8964,0.9125,0.8926,0.9463,0.7705,READ,8.469,3.2491461599999996
TCGA-EI-6514-01,0.6109,0.7548,0.8705,0.901,0.9518,0.6461,READ,7.618,3.3061944599999995
TCGA-DY-A1DE-01,0.3814,0.3327,0.4324,0.3316,0.4576,0.2702,READ,6.503,2.0781234399999997
TCGA-AG-3731-01,0.7375,0.8106,0.8427,0.8023,0.9425,0.7357,READ,8.069,2.3030742500000008
TCGA-EI-6510-01,0.6153,0.8501,0.8605,0.8001,0.8766,0.6771,READ,3.994,1.86075198
TCGA-EI-6513-01,0.395,0.2867,0.8149,0.8032,0.9281,0.5663,READ,5.948,2.1505917399999994
TCGA-G5-6233-01,0.6929,0.886,0.8796,0.9024,0.9376,0.8946,READ,6.637,3.080821929999999
TCGA-F5-6465-01,0.7003,0.4536,0.7589,0.7204,0.9134,0.7483,READ,8.252,2.8932263899999997
TCGA-DY-A1H8-01,0.5625,0.9043,0.8557,0.9185,0.9469,0.5922,READ,4.685,2.5494090499999995
TCGA-CL-5917-01,0.6159,0.8002,0.8075,0.855,0.9515,0.6764,READ,5.367,3.625210719999999
TCGA-AF-4110-01,0.8932,0.8757,0.8239,0.8876,0.9386,0.9185,READ,7.653,2.5536475399999996
TCGA-EI-6511-01,0.8813,0.8685,0.8248,0.8876,0.9409,0.7611,READ,8.818,2.36727007
TCGA-CI-6619-01,0.8501,0.8694,0.8114,0.8806,0.9487,0.8681,READ,6.684,2.4729319600000004
TCGA-AH-6544-01,0.8946,0.9191,0.8592,0.8908,0.962,0.8907,READ,1.761,1.2769228
TCGA-AF-6136-01,0.872,0.7463,0.8373,0.676,0.95,0.6779,READ,6.182,2.7551538
TCGA-EI-7004-01,0.6901,0.7938,0.7886,0.7635,0.9267,0.8352,READ,8.893,4.0171171800000005
TCGA-F5-6702-01,0.6141,0.796,0.8863,0.6949,0.9469,0.667,READ,8.605,3.81512036
TCGA-EI-6512-01,0.7045,0.9035,0.7628,0.9019,0.9324,0.8725,READ,6.242,2.49555567
TCGA-F5-6861-01,0.8472,0.7698,0.7674,0.9171,0.8446,0.7127,READ,6.134,2.55968962
TCGA-F5-6810-01,0.3677,0.3506,0.8743,0.8147,0.9409,0.5308,READ,6.798,3.46152956
TCGA-AF-2690-01,0.8268,0.8717,0.7189,0.7913,0.9082,0.8086,READ,10.7,3.04773325
TCGA-EF-5830-01,0.4969,0.9244,0.8823,0.9143,0.9577,0.8253,READ,7.204,2.9388902199999993
TCGA-EI-6881-01,0.9399,0.9102,0.9182,0.9167,0.9231,0.8945,READ,5.123,2.12559177
TCGA-AF-2693-01,0.9122,0.9109,0.8711,0.9231,0.9313,0.9376,READ,6.948,2.4330323199999992
TCGA-DY-A0XA-01,0.5913,0.9182,0.8211,0.7092,0.9598,0.7343,READ,6.027,2.3815725199999997
TCGA-F5-6863-01,0.8806,0.7628,0.8521,0.7284,0.7736,0.6141,READ,3.883,3.6023015700000003
TCGA-AF-6655-01,0.8476,0.9017,0.7922,0.8974,0.9466,0.8843,READ,6.453,2.72928497
TCGA-CI-6624-01,0.6609,0.6448,0.6963,0.8147,0.9409,0.777,READ,7.555,2.8029002
TCGA-DC-4745-01,0.8082,0.8159,0.8608,0.8985,0.9144,0.7727,READ,6.806,2.2704227199999996
TCGA-EI-6883-01,0.9487,0.9121,0.9374,0.8786,0.9468,0.8988,READ,5.861,1.65961722
TCGA-EI-6507-01,0.8704,0.8811,0.5852,0.8835,0.9388,0.9032,READ,9.629,3.258134329999999
TCGA-CI-6623-01,0.8931,0.9216,0.8062,0.8506,0.9334,0.9296,READ,5.462,2.61607549
TCGA-DC-5337-01,0.8908,0.9469,0.8385,0.9383,0.9571,0.9389,READ,5.537,0.9585486499999996
TCGA-CL-5918-01,0.8145,0.9127,0.8972,0.8669,0.9654,0.8347,READ,4.033,1.81377116
TCGA-DC-6156-01,0.773,0.8771,0.8477,0.9178,0.9502,0.7991,READ,9.544,3.6428337699999993
TCGA-AG-3725-01,0.6495,0.8216,0.8402,0.7562,0.9318,0.5872,READ,5.317,2.190020179999999
TCGA-F5-6864-01,0.8874,0.8813,0.805,0.8829,0.9486,0.8384,READ,8.251,3.2667841600000003
TCGA-DC-6160-01,0.9127,0.9261,0.8444,0.914,0.9439,0.923,READ,6.331,2.5422112199999995
TCGA-AF-3911-01,0.5875,0.8861,0.8673,0.8888,0.9422,0.9161,READ,7.131,2.5677044799999997
TCGA-EI-6508-01,0.5895,0.2162,0.8709,0.8992,0.9325,0.3543,READ,5.965,2.5045752999999995
TCGA-EI-6917-01,0.6645,0.9,0.7498,0.8451,0.9325,0.703,READ,9.967,2.7410463600000003
TCGA-DC-6681-01,0.6316,0.697,0.8016,0.7645,0.9318,0.6571,READ,6.939,3.5128296999999997
TCGA-F5-6814-01,0.7092,0.8153,0.8779,0.8942,0.9581,0.6569,READ,8.259,2.7540011599999996
TCGA-F5-6464-01,0.6547,0.705,0.7752,0.6908,0.9022,0.6183,READ,9.318,3.5576011899999993
TCGA-DC-6158-01,0.4635,0.3123,0.8415,0.5645,0.89,0.4693,READ,7.697,2.78829757
TCGA-DC-5869-01,0.4694,0.6099,0.8411,0.764,0.9221,0.6383,READ,6.306,2.1984435499999995
TCGA-AF-A56N-01,0.9139,0.8183,0.8103,0.5237,0.9302,0.7475,READ,5.937,2.97114963
TCGA-AG-4022-01,0.5812,0.5777,0.7966,0.6402,0.942,0.6564,READ,7.752,2.3899712099999997
TCGA-DY-A1DG-01,0.2039,0.5972,0.8818,0.8627,0.9196,0.3279,READ,2.562,1.17574948
TCGA-EF-5831-01,0.912,0.926,0.8748,0.9267,0.9437,0.9266,READ,7.662,2.77466573
TCGA-AG-3732-01,0.4631,0.7389,0.8415,0.7108,0.9156,0.4687,READ,5.98,2.132398219999999
TCGA-DY-A1DC-01,0.862,0.874,0.7843,0.8807,0.9351,0.8729,READ,5.997,2.06874254
TCGA-EI-6885-01,0.5437,0.8235,0.7854,0.8062,0.9533,0.7324,READ,7.269,2.3412260299999996
TCGA-AF-A56L-01,0.7851,0.6629,0.7426,0.813,0.9352,0.7718,READ,6.425,2.3146083799999997
TCGA-AF-A56K-01,0.5494,0.7545,0.8034,0.633,0.926,0.7661,READ,6.607,2.706822429999999
TCGA-DC-6683-01,0.7219,0.9435,0.8692,0.8735,0.9597,0.7548,READ,6.943,2.7431477
TCGA-AH-6897-01,0.1113,0.1781,0.9185,0.8707,0.9468,0.2101,READ,5.104,2.00964873
TCGA-AF-2687-01,0.4594,0.7207,0.7691,0.8031,0.9421,0.8234,READ,10.28,3.123731819999999
TCGA-EI-6882-01,0.7417,0.8919,0.8907,0.9175,0.9417,0.872,READ,7.105,2.44594114
TCGA-AH-6643-01,0.7833,0.5564,0.8385,0.5475,0.9322,0.7525,READ,5.541,3.1123409399999993
TCGA-AF-6672-01,0.6349,0.9111,0.9225,0.9162,0.9619,0.8826,READ,5.066,2.21083449
TCGA-DY-A1DF-01,0.5167,0.7253,0.8362,0.5627,0.9118,0.3863,READ,5.337,3.15243608
TCGA-DC-6155-01,0.5054,0.4493,0.8325,0.6117,0.5857,0.467,READ,4.13,1.8031759699999992
TCGA-CL-4957-01,0.5463,0.6659,0.4854,0.6407,0.6985,0.5647,READ,5.547,2.7678705999999997
TCGA-G5-6641-01,0.6505,0.8844,0.9143,0.9335,0.943,0.8484,READ,2.847,2.44791245
TCGA-AG-3742-01,0.4759,0.5577,0.8668,0.7262,0.9552,0.7819,READ,6.949,2.877887699999999
TCGA-AG-4021-01,0.9067,0.8836,0.7392,0.884,0.9309,0.929,READ,8.764,3.816012769999999
TCGA-F5-6813-01,0.9461,0.8822,0.8776,0.9142,0.9409,0.9232,READ,7.177,2.3066804800000007
TCGA-F5-6571-01,0.8707,0.912,0.8742,0.9063,0.967,0.6962,READ,8.079,3.0576054800000003
TCGA-DC-6682-01,0.8911,0.8933,0.8033,0.9102,0.9362,0.913,READ,6.015,2.0949335799999993
TCGA-EI-6509-01,0.8846,0.8529,0.8848,0.8804,0.9289,0.8623,READ,6.336,3.9298289399999993
TCGA-CI-6622-01,0.7184,0.9231,0.9043,0.9315,0.9497,0.9432,READ,5.306,2.5882427000000003
TCGA-G5-6572-01,0.9364,0.8842,0.9165,0.8418,0.9333,0.8276,READ,6.829,3.699176909999999
TCGA-CI-6621-01,0.893,0.9031,0.7987,0.9095,0.9483,0.9044,READ,7.315,2.54297259
TCGA-F5-6811-01,0.5401,0.556,0.8033,0.7676,0.9035,0.4055,READ,7.325,2.88213941
TCGA-G5-6235-01,0.6912,0.8241,0.8858,0.8913,0.9441,0.8885,READ,3.63,1.32609228
TCGA-DC-6154-01,0.5086,0.782,0.6568,0.742,0.9275,0.3747,READ,7.074,3.4361197299999997
TCGA-AH-6547-01,0.7481,0.8638,0.8419,0.8688,0.9248,0.7522,READ,9.08,2.7448878799999994
TCGA-DY-A1DD-01,0.4303,0.8686,0.8724,0.455,0.9416,0.7184,READ,4.81,2.7126404399999995
TCGA-EI-7002-01,0.9515,0.9384,0.9126,0.9002,0.9609,0.8923,READ,7.515,3.08091066
TCGA-EI-6884-01,0.9206,0.9301,0.8932,0.911,0.9486,0.8909,READ,7.759,2.8836438099999997
TCGA-DC-4749-01,0.8559,0.7889,0.8696,0.9207,0.9495,0.9196,READ,3.742,1.5725852699999994
