,Bcell_TLS,CD8T,Endothelial,Epithelial,Fibroblast,Macrophage_TAM,Pericyte
TCGA-CA-5256-01,0.014161242595103934,0.22900406046244154,0.04378877153928796,0.46229299077591085,0.16184190447508373,0.08100791175819971,0.007903118393972196
TCGA-AZ-6599-01,0.023827923606792496,0.15161842019134017,0.20234741592457764,0.5599447452970162,0.0,0.024647354927081234,0.037614140053192247
TCGA-AA-3655-01,0.006935026265911597,0.09395462576303754,0.19050646038514676,0.3406048171619251,0.18098542450510566,0.12795552608766697,0.05905811983120626
TCGA-A6-6137-01,0.038407263500121656,0.14741719813660356,0.25324703023757916,0.37727405186586593,0.007304472038690508,0.11689436719468262,0.05945561702645666
TCGA-CK-4952-01,0.0,0.02316041025451121,0.16618961457676124,0.5898006844181307,0.022905615828670896,0.12580990082623209,0.0721337740956938
TCGA-A6-5657-01,0.2664830493438878,0.13248171704825296,0.16883943358400869,0.18036091224807116,0.12012000879896258,0.026065906123617744,0.10564897285319912
TCGA-AD-6963-01,0.0044835788245122694,0.20685416233694956,0.15069734119003103,0.4955249649023034,0.03028923037920004,0.0841393086062768,0.02801141376072696
TCGA-AA-3663-11,0.07747406807811011,0.103043873055857,0.23451203919482685,0.20641672110324683,0.12302975561357675,0.19991327203445564,0.055610270919926846
TCGA-A6-6138-01,0.02175486796989881,0.19005407706150204,0.20814652881858006,0.21943412704669227,0.03986273288329259,0.23603440360930297,0.08471326261073125
TCGA-A6-A567-01,0.01489628363756536,0.07278944625991494,0.13023670447586966,0.5618285323673718,0.09699695499341224,0.04148716727994636,0.08176491098591969
TCGA-AA-3712-11,0.0744799579066135,0.1008474703287418,0.17499067366763657,0.35690833303084346,0.06404689205852918,0.22571121174932585,0.0030154612583096286
TCGA-D5-6928-01,0.10696387981844223,0.41433637158694653,0.08836363239081203,0.10995299032705143,0.07910733101225277,0.17400447083732384,0.027271324027171327
TCGA-AZ-6598-01,0.0027753791181999443,0.1439423262201887,0.1163418122860389,0.3529879418138452,0.07921585110740792,0.25497321088776975,0.049763478566549474
TCGA-D5-6931-01,0.03955870849119424,0.12111213772905735,0.09095768910094655,0.46176254210078455,0.06041019489211336,0.14527766254948146,0.08092106513642254
TCGA-G4-6295-01,0.07829140746416734,0.33210762317027986,0.0950926536962729,0.29442001469018303,0.008600903499904769,0.1366428410167446,0.05484455646244775
TCGA-AA-A01X-01,0.058583188552732444,0.0886389707290502,0.2966272739271262,0.35803288571636244,0.060009908238376604,0.06839585356369686,0.06971191927265522
TCGA-AZ-4313-01,0.0,0.20799162582827715,0.10195226907860562,0.5418791326097936,0.07775988092367168,0.01742133482562142,0.05299575673403052
TCGA-DM-A0XD-01,0.012909747838196848,0.03498350830272892,0.059315403456220106,0.6880053544318615,0.12066093643406801,0.03185976442023863,0.0522652851166859
TCGA-D5-6535-01,0.022569969946798548,0.1439590568391721,0.1926164701795529,0.3427186403101216,0.11826988850360874,0.12266812833214398,0.057197845888602133
TCGA-AA-3509-01,0.017057920938248695,0.12259300146376992,0.19264196105341527,0.3533588438864988,0.06808024031259093,0.154376931054093,0.09189110129138323
TCGA-DM-A28E-01,0.0014539498267893524,0.038596955701122725,0.06979829947624953,0.8028215561503967,0.0,0.04149285884371127,0.045836380001730403
TCGA-A6-5667-11,0.14941949064666143,0.10356000347444871,0.1701803759619216,0.3981477282527702,0.06058587231229146,0.11494869628716173,0.0031578330647447726
TCGA-G4-6307-01,0.0653083703310104,0.050781001165678734,0.04769476989246968,0.7636695763065271,0.003798872623103714,0.022945026966417644,0.04580238271479262
TCGA-A6-2682-01,0.0062348192138244295,0.04819301294575739,0.21033534836249773,0.3552804047757926,0.23465131313190224,0.1080386376336576,0.037266463936568156
TCGA-CM-5868-01,0.0034525080981453295,0.0530074667477971,0.14955119228563687,0.46014184865225377,0.1705130931205382,0.06232016577101021,0.1010137253246184
TCGA-CK-4947-01,0.045623950656686854,0.1846977477203629,0.0970677553016655,0.32880472495688046,0.12068916397114118,0.16750867086900706,0.05560798652425598
TCGA-D5-5540-01,0.0,0.20616250035604192,0.03020281798449273,0.4855109621076554,0.2015891167342437,0.07653460281756633,0.0
TCGA-A6-4105-01,0.007091637611292255,0.22425328402741745,0.11420581236335325,0.270629520832454,0.13903362940732744,0.2005719802688581,0.04421413548929755
TCGA-A6-6651-01,0.10084860510458858,0.12603632829661018,0.2551129310149195,0.057772088995800615,0.15542696011041784,0.20679262841701773,0.09801045806064548
TCGA-G4-6625-01,0.10077020241234079,0.20954817881671148,0.18320721760748154,0.21864107203696692,0.05438037771158733,0.16895875584629655,0.0644941955686153
TCGA-CM-5860-01,0.0,0.053723305726485794,0.09450847390289216,0.2755290478009234,0.47129998271812007,0.10493918985157848,0.0
TCGA-DM-A28G-01,0.017679277423426714,0.16371908244381447,0.101193062273563,0.5511707195412637,0.0501150216527031,0.05412009537893336,0.062002741286295564
TCGA-A6-5666-01,0.0,0.010091634647653825,0.4795241989675462,0.47462032145586175,0.01835661202416205,0.017407232904776145,0.0
TCGA-A6-2675-11,0.017609239944212624,0.04874914524709433,0.2669310762689188,0.26789861305545015,0.16743650510705807,0.07251369211643013,0.15886172826083578
TCGA-AA-3516-11,0.05018518576345956,0.26359304477910717,0.08128536653386544,0.41443439179035474,0.022674685881983913,0.13614678665950938,0.031680538591719765
TCGA-AZ-6605-01,0.039654748180839805,0.12275149312330526,0.19787018515335217,0.19787137895294474,0.26388767083781733,0.0861347302401949,0.09182979351154573
TCGA-CA-5797-01,0.006764887568057575,0.19630924114711912,0.17225398919682053,0.3822842777885913,0.06858233814676655,0.1033194492591677,0.07048581689347722
TCGA-D5-6930-01,0.17899531293413168,0.2275440140823833,0.17532813475744038,0.18776632100980759,0.09518194817831885,0.08224414726446325,0.052940121773455105
TCGA-5M-AAT4-01,0.0019980725473634484,0.07934413701999413,0.17833727738601093,0.5114083728913152,0.0027662876999234097,0.08247965987810038,0.1436661925772923
TCGA-AA-3685-01,0.047106713278416715,0.26523695424727906,0.06952850067108292,0.324083186548345,0.12076757194193039,0.17202990277749514,0.0012471705354507117
TCGA-D5-6924-01,0.05284501756290416,0.11267175946722548,0.17253935691170155,0.19083628273487274,0.22479326203382258,0.14674633903623954,0.09956798225323375
TCGA-CA-6718-01,0.025929919975149145,0.2006907802214432,0.11169217413103137,0.3704153764286621,0.055704054762247615,0.17854903321494012,0.057018661266526494
TCGA-AZ-6603-01,0.010301812697597858,0.08943916099769858,0.2075670512648995,0.30067820703018955,0.09644753707134597,0.163498096278243,0.13206813466002554
TCGA-CM-5862-01,0.0,0.043828880783910014,0.20320091179642333,0.47874906398015216,0.1792966656940964,0.08262863091513668,0.012295846830281445
TCGA-AZ-6598-11,0.1273608536637257,0.1284541811963869,0.2560040400132761,0.24182764243043547,0.12417527094999095,0.05963164541343486,0.06254636633275003
TCGA-AA-A01Z-01,0.006339460735399394,0.027231683489261468,0.09493377099891631,0.6890656680893696,0.050904056164699264,0.028788902590956292,0.10273645793139759
TCGA-DM-A0X9-01,0.0020531914838102703,0.2023086904390995,0.10104076478638896,0.5226518211144945,0.05785609320105575,0.07038222344096065,0.04370721553419029
TCGA-A6-A566-01,0.0009178634730662895,0.0534870822696794,0.27827037594530685,0.09018591595759157,0.2817763460201191,0.19517202709854883,0.10019038923568784
TCGA-A6-5662-11,0.09974445740768358,0.18509313431023924,0.1948736578875542,0.2025761165158452,0.15859131775640742,0.08442501160633525,0.0746963045159352
TCGA-D5-6534-01,0.027735485860943366,0.1476676509375929,0.1822540822482778,0.11445042598147849,0.2057510236424154,0.2595757859028258,0.06256554542646636
TCGA-CK-6746-01,0.0,0.3816164837716455,0.06710116874623204,0.1605696621448472,0.0,0.3649910157851447,0.02572166955213064
TCGA-A6-5656-01,0.0,0.0633704155402169,0.047050169790068576,0.7304261840650761,0.024201865907599828,0.06422832756550989,0.0707230371315287
TCGA-5M-AAT6-01,0.024290505089571673,0.228043380845329,0.1984606113886414,0.12737320795962215,0.15604727419030764,0.20408691845271182,0.061698102073816354
TCGA-QG-A5Z1-01,0.0015789637032397452,0.02881262928190508,0.10256777665428617,0.4936810899358166,0.04930288252062461,0.14960822123214762,0.1744484366719803
TCGA-AZ-6605-11,0.0010369040466448086,0.028312806013329136,0.2691328375181308,0.0,0.10561598898383519,0.06489592100428739,0.5310055424337726
TCGA-CK-4951-01,0.0013689760627611615,0.12552039922279665,0.13985902999555344,0.32760165403089075,0.1740415399650783,0.15567217197533492,0.07593622874758477
TCGA-CM-6680-01,0.02122317505084873,0.16461615591541584,0.19538059792414214,0.23354181030633986,0.10278707512720987,0.1544346275646669,0.12801655811137647
TCGA-CK-5913-01,0.0,0.10969133955877258,0.12209939553007812,0.3899151613672638,0.16293940120817832,0.14390189200250336,0.07145281033320393
TCGA-CM-6172-01,0.02199883646303544,0.06120711908624432,0.22798740311902294,0.4126879251730275,0.10698772669023801,0.07854801572302045,0.09058297374541141
TCGA-G4-6309-01,0.026313920036253165,0.20162795754017745,0.06394199728349631,0.5323925236965131,0.042647213595457895,0.08713371236525894,0.04594267548284325
TCGA-F4-6461-01,0.261386066565629,0.05399562172865854,0.3178062742609853,0.16642914877220288,0.05507538289460956,0.05836694736055366,0.08694055841736109
TCGA-G4-6299-01,0.01558423281023868,0.20852888440409878,0.11062152384492957,0.2815130719025496,0.1384535050825958,0.20384995997756675,0.04144882197802085
TCGA-CM-6168-01,0.03178539062175177,0.08266651642006147,0.16865888221972344,0.1920411226886246,0.22617567224920448,0.19555232153697089,0.10312009426366338
TCGA-AD-A5EK-01,0.0,0.08855178848430872,0.17135574719871496,0.5382430143825185,0.06800843891070388,0.05142975575004918,0.08241125527370478
TCGA-AM-5820-01,0.0,0.02230861033502026,0.18235439341015447,0.46315779551381464,0.0295761153379855,0.13767619966101063,0.16492688574201447
TCGA-A6-2682-11,0.236545716760111,0.08842980516535774,0.1180280541773081,0.3539821648060327,0.032199362620998956,0.17081489647019146,0.0
TCGA-A6-6648-01,0.02585256572523622,0.11596932546926189,0.2068756893123763,0.47935673179179533,0.0,0.07740150185236597,0.09454418584896433
TCGA-CA-6717-01,0.10930317014775685,0.17799226106017624,0.20653466388310066,0.15689849238143386,0.09431892514991469,0.1737707041834367,0.08118178319418111
TCGA-AU-6004-01,0.060014286777343585,0.10366661642046994,0.11928233140624517,0.37176396656369254,0.12214698834737926,0.18462222433688755,0.03850358614798211
TCGA-A6-2684-01,0.014473107942600715,0.11048355462329597,0.1438222448224945,0.2624101659518039,0.15959424525459376,0.21839233151825913,0.09082434988695191
TCGA-AZ-6599-11,0.011641167677344437,0.05035301380882134,0.4098765175001514,0.2063883409653867,0.10545286436470759,0.17019569517157865,0.046092400512009864
TCGA-DM-A1HB-01,0.0027254935557570344,0.0141801486756427,0.12775652421345593,0.6385420165265366,0.11978633878339615,0.0872613232843448,0.009748154960866834
TCGA-A6-2685-01,0.0358715290563404,0.06124130673363609,0.19464655748444867,0.20027231371942325,0.2068097534870585,0.24485065829121982,0.05630788122787332
TCGA-F4-6704-11,0.04672462287251871,0.07207989944358408,0.17033357499555965,0.39745873286895184,0.12376496228027711,0.09943650357702656,0.09020170396208194
TCGA-F4-6856-01,0.010192938503685816,0.16129031423279802,0.184131020215075,0.44691089936052975,0.06385279398246696,0.07028709148439549,0.06333494222104896
TCGA-AA-3492-01,0.0047069295297772025,0.11970446650013929,0.09334431645196138,0.461459459736165,0.09954629765109786,0.19725805670945376,0.02398047342140544
TCGA-G4-6294-01,0.0,0.08498142345488664,0.06411716615068834,0.653092161416802,0.04699733590311309,0.10456272426405039,0.04624918881045948
TCGA-WS-AB45-01,0.0,0.028631241271828367,0.3339082463235998,0.0,0.25979131074042106,0.24942580547698698,0.12824339618716385
TCGA-CK-5916-01,0.012677120500346655,0.2706614725660625,0.09471289367861895,0.21914865470817452,0.10478227109024309,0.25741763234614695,0.040599955110407225
TCGA-NH-A50V-01,0.034375300682701136,0.1412272519273324,0.17480936463193397,0.2756086222033831,0.18912038995156608,0.10268975077305316,0.08216931983003009
TCGA-NH-A6GA-01,0.007311815676896948,0.11974217369354265,0.15558983363556161,0.518610894259491,0.03663845731926795,0.09414448627349614,0.06796233914174367
TCGA-F4-6460-01,0.04864735245937693,0.11205437288626982,0.25276706124909054,0.2306148718899424,0.0,0.09979101037340382,0.2561253311419165
TCGA-F4-6806-01,0.09095866036062672,0.1272352720274536,0.10930029989622923,0.4482563997152466,0.09578441125128638,0.04553920747171996,0.08292574927743761
TCGA-G4-6304-01,0.0,0.09609620328114077,0.03915060181057089,0.6948566438065004,0.01724343873569989,0.13708913820259608,0.015563974163492146
TCGA-QG-A5YW-01,0.04810288267965001,0.14991741073279974,0.14469877727571923,0.40714660772378874,0.03666842941179711,0.11757430715284714,0.09589158502339795
TCGA-AD-6965-01,0.018861395064028886,0.08534948540881632,0.1211648762359546,0.5674676878652091,0.050384391643586435,0.048456958541735866,0.10831520524066882
TCGA-D5-6920-01,0.04218812472392884,0.14996896811581423,0.16023900273199726,0.4169187756992879,0.04110473345764612,0.1271576239110017,0.062422771360323974
TCGA-DM-A280-01,0.0,0.011148995292001458,0.09653372800787423,0.6985802353186857,0.08514370294849388,0.07212679881588469,0.036466539617060145
TCGA-G4-6297-01,0.017215474128518597,0.07262537082778124,0.17169943258467774,0.30724245176232545,0.22308186118075418,0.10652766428399693,0.10160774523194592
TCGA-G4-6302-01,0.0062159325360865315,0.07599853668831641,0.3525289586738855,0.10913276925445013,0.15013719770540587,0.1037155722350441,0.20227103290681142
TCGA-QL-A97D-01,0.07516814764545905,0.2681966557237366,0.13423898369538967,0.38727973282297495,0.0023281435665078367,0.08144814399171307,0.051340192554218844
TCGA-CA-6716-01,0.0022946073406020133,0.0307077201140102,0.185691634904296,0.39639045855864097,0.15495620937161822,0.06972226487028987,0.16023710484054274
TCGA-AA-3518-11,0.05942171444362613,0.1450090554639919,0.2433479532034044,0.28769377068942914,0.0880492340080806,0.1667846140293929,0.009693658162074898
TCGA-AA-3531-11,0.1821733423626775,0.0905292417678414,0.12008009338311051,0.47479327370792274,0.05833046251596315,0.07409358626248476,0.0
TCGA-CA-6715-01,0.0,0.07247702651694567,0.09804626285548927,0.6769898648539174,0.03358393928337985,0.02881825348301522,0.09008465300725263
TCGA-CM-4743-01,0.00084267556678722,0.07857904660499516,0.10376286072328464,0.7012613662308382,0.006477834978016864,0.03749363299498453,0.07158258290109329
TCGA-A6-6654-01,0.011630580189107502,0.13179695918962966,0.18917364068774734,0.12186881451056962,0.22117577041954523,0.2406645843702857,0.083689650633115
TCGA-5M-AAT5-01,0.01181285012782194,0.07743060280029257,0.09055281021050937,0.6932531151748322,0.005648568032798604,0.03836648365987689,0.08293556999386849
TCGA-G4-6627-01,0.0787799410986045,0.1998581254322463,0.2089986727403067,0.2694982725745831,0.0884160514202797,0.08264972065017366,0.07179921608380618
TCGA-A6-5664-01,0.022914020729518706,0.24540410748229452,0.23009873975718395,0.14481173508055892,0.18507784621956644,0.13636723464216877,0.035326316088708565
TCGA-CM-6167-01,0.04077800959759897,0.08059615697010329,0.37283532811004527,0.04203796476310672,0.20169730931158886,0.08969048428628888,0.1723647469612681
TCGA-AA-3534-11,0.2170190207981111,0.14380327564478798,0.17023181387011332,0.24649711008356448,0.051992723583724344,0.16813744676915154,0.0023186092505471517
TCGA-AD-6548-01,0.019602235663257743,0.12229102033980437,0.14121882516027584,0.3599878418284848,0.14082176352283604,0.15585236186974621,0.06022595161559501
TCGA-F4-6805-01,0.019219352320270788,0.08197853237304473,0.19712574620247814,0.2108858428655282,0.229831535307382,0.1685101021217893,0.0924488888095069
TCGA-A6-6780-01,0.004043134834685268,0.200289782542583,0.06203803169078807,0.22223353940888424,0.01817241162950227,0.4796757443316386,0.01354735556191844
TCGA-DM-A1HA-01,0.00023331044622186428,0.06780957006509618,0.06725924929445493,0.7566838670143418,0.0,0.04775338630207006,0.060260616877815025
TCGA-CM-6676-01,0.0,0.04600254180895902,0.16021970229099317,0.5381720312619325,0.08246286662025037,0.04801789662468121,0.12512496139318383
TCGA-A6-6650-01,0.012943172111857089,0.044012020641851765,0.12316184441645522,0.6323748732188101,0.0,0.06839755512305612,0.11911053448796954
TCGA-AA-3713-11,0.04858557728562233,0.21146631324394508,0.08466524693430541,0.2768458566880883,0.14840807301452014,0.23002893283351875,0.0
TCGA-NH-A6GB-01,0.015465801383103368,0.13294390047359633,0.10146103250947382,0.5293257936711228,0.12879123924025143,0.062693236676355,0.029318996046097296
TCGA-A6-6652-01,0.0,0.07692665956853441,0.15051630246776745,0.6011298814005228,0.0283374152390349,0.048419159353757894,0.09467058197038257
TCGA-CM-6164-01,0.005576555572721713,0.13342634497805514,0.2541204689846461,0.4317378745167034,0.023615441063546357,0.059189268294693696,0.09233404658963378
TCGA-D5-6536-01,0.0,0.07387931746565438,0.2906319447912745,0.24714909026098647,0.15354661219811938,0.2056016923535035,0.029191342930461574
TCGA-G4-6588-01,0.0023961870972699292,0.07394600719081305,0.12455209674556698,0.49539805972388407,0.0971530031010633,0.1281502746496837,0.07840437149171878
TCGA-4N-A93T-01,0.05264596000513381,0.08986292144135266,0.05138411073595792,0.7388561430970609,0.0,0.01582186939168702,0.05142899532880765
TCGA-A6-2684-11,0.08283447003592186,0.13077701337697933,0.16207553619434498,0.39927562504489095,0.044152797556562276,0.18088455779130053,0.0
TCGA-F4-6459-01,0.0028890188859310674,0.10121283307320561,0.1944169586946918,0.2567278732090371,0.08416946016550482,0.16272952640786367,0.19785432956376586
TCGA-T9-A92H-01,0.005663809508044518,0.0509810571059556,0.07453724959899191,0.7398077209494177,0.02475837394474518,0.038331036167185764,0.06592075272565925
TCGA-D5-5538-01,0.02087236339491683,0.11216431757288,0.08554992405884101,0.278937083914105,0.1482758367383278,0.3270080112952115,0.027192463025717862
TCGA-CK-4948-01,0.0026573565991157154,0.08067647699576443,0.16323696879932315,0.4035875350636645,0.16867202503608406,0.08946301815988528,0.09170661934616273
TCGA-AA-3506-01,0.02686277451550614,0.1319987989874754,0.08792718880515665,0.5143476094990873,0.052556284444931003,0.12303697409953424,0.06327036964830923
TCGA-CM-6166-01,0.0,0.046549897240050826,0.07667085439249799,0.6852351736316491,0.0964060931691868,0.0123108506505516,0.08282713091606377
TCGA-CK-5914-01,0.0,0.1537509412676845,0.09292272002813451,0.5068981327510541,0.15223305475870733,0.05923416532670967,0.03496098586770989
TCGA-AY-6196-01,0.09515299917835723,0.20819100530507226,0.24207083112607136,0.0,0.16769623248068832,0.23169237935503045,0.05519655255478034
TCGA-F4-6809-01,0.08410408210385636,0.14974285751027425,0.3302827473594778,0.2026198507815313,0.08038998537266565,0.08546276167096971,0.06739771520122485
TCGA-CM-6171-01,0.0007379627798686162,0.06658526964156194,0.12550951255847495,0.5804196563387287,0.009891512221290989,0.1265003818373329,0.09035570462274185
TCGA-CM-5863-01,0.009370530153985618,0.0693032914232387,0.1612879007027784,0.3885620198426927,0.16786646933969332,0.1525138059011422,0.05109598263646924
TCGA-D5-6539-01,0.030924995299146465,0.0947286379863292,0.28022972437644966,0.40607708718216523,0.003803337163817312,0.1142896935388128,0.06994652445327919
TCGA-A6-5665-11,0.12723360349606394,0.11440926700104176,0.1402232108799443,0.42184794043571344,0.07918253376316783,0.11710344442406871,0.0
TCGA-NH-A8F7-01,0.001761411066498466,0.01324946811362968,0.07021093463084424,0.746967029112165,0.013812024275178447,0.09805700085268061,0.055942131949003555
TCGA-D5-5541-01,0.007437129205126423,0.1431554221423464,0.10968883185096927,0.33917581653535445,0.11233169935230392,0.24642462265933332,0.04178647825456617
TCGA-F4-6808-01,0.0,0.13263670817099957,0.13103246584000822,0.5649382458442276,0.04683029389760651,0.08198892314845342,0.04257336309870472
TCGA-A6-2680-11,0.013268984032251643,0.1935382222987526,0.16178221659019593,0.36319263049111666,0.04014191018347243,0.17096607047506798,0.057109965929142865
TCGA-AA-3511-11,0.49617975774797174,0.12832794176121945,0.0949314391145513,0.17451463308924567,0.04006996476387208,0.06597626352313975,0.0
TCGA-DM-A285-01,0.0,0.025518218962528677,0.12414955109352864,0.45867209069815623,0.20939789179911691,0.05930866575108,0.12295358169558948
TCGA-AA-3522-11,0.09607469179113053,0.10873206278306174,0.16595073959815299,0.36654323023373303,0.05876331289692437,0.2039359626969974,0.0
TCGA-G4-6314-01,0.005534382188119134,0.06951011519430428,0.2529775516401751,0.18530668153965435,0.21904251738062874,0.0709945027646074,0.19663424929251103
TCGA-A6-6781-01,0.0037535392746425793,0.11897865074994997,0.1758472759089178,0.07457480528273126,0.3475439688306211,0.19894425824154213,0.08035750171159532
TCGA-F4-6807-01,0.04327647246627263,0.23540948046484847,0.20131320599853222,0.1021843433587919,0.2319287019670247,0.12191341095788104,0.06397438478664907
TCGA-AY-A54L-01,0.004374482971458493,0.07105700496810938,0.06691814010003154,0.765805582692316,0.010214351481662063,0.06218049108059218,0.01944994670583035
TCGA-A6-5661-01,0.018095065345195015,0.09358565065799035,0.044327343492976734,0.6481518636584203,0.09764904759406079,0.08675100458042645,0.011440024670930292
TCGA-DM-A288-01,0.0014671003045889652,0.00487828097995188,0.06646576348300376,0.7560032244545984,0.027040051077599315,0.09047088935145264,0.05367469034880483
TCGA-QG-A5YX-01,0.007463824245474101,0.06283182139549283,0.051748020891290186,0.8220699216549819,0.013498327485216488,0.03298891047578451,0.009399173851759932
TCGA-A6-2679-11,0.08695247868324917,0.38956410813172526,0.13013819929476167,0.19147580924735005,0.032464571291643506,0.1694048333512704,0.0
TCGA-AD-A5EJ-01,0.007451434311526127,0.07011215569976002,0.12928826012868888,0.56515206733873,0.09479836684693989,0.07923804690735915,0.05395966876699598
TCGA-G4-6628-01,0.015942571299256556,0.3968104678536569,0.1738332242843491,0.09335200288941609,0.045145329475448026,0.24969559392464669,0.025220810273226712
TCGA-D5-6531-01,0.0024944552005106368,0.1256957749051988,0.08799543721404145,0.440618837053925,0.0691188202555599,0.19426181918333715,0.07981485618742706
TCGA-DM-A28M-01,0.0,0.10988177257861814,0.1023678669410711,0.7076699487446488,0.010120752231398602,0.015056389841295282,0.05490326966296804
TCGA-CK-6751-01,0.0,0.10324539933658299,0.19692406086573339,0.36588632333902216,0.16410872121181955,0.046300469980202784,0.12353502526663919
TCGA-F4-6854-01,0.011836523933528282,0.1213115828221178,0.2201045845859917,0.3569821704070799,0.037528118886096126,0.09621427801464016,0.15602274135054622
TCGA-A6-2683-11,0.08001523296028,0.1180865269524079,0.19031376954889265,0.3687091547683059,0.05432186678683874,0.18816986222686688,0.0003835867564080668
TCGA-A6-6142-01,0.0,0.035036657350767345,0.15546802053823225,0.3785525524306615,0.17781578527790634,0.12021313118715383,0.13291385321527874
TCGA-NH-A8F8-01,0.012976908938146726,0.038733809023736555,0.12002812066953841,0.5186000379569109,0.06888189980216555,0.12615690453702194,0.11462231907248016
TCGA-AM-5821-01,0.025997085458033423,0.10868258516591651,0.03621320644916357,0.6219181815185956,0.08778665108188181,0.09253166213029813,0.026870628196110982
TCGA-D5-5537-01,0.02078024157394981,0.08059544455104756,0.054033691789181694,0.5722875198473814,0.10298792100858106,0.05153566266150351,0.11777951856835513
TCGA-CM-6677-01,0.04071852720067922,0.12535102105358278,0.22767967907454525,0.2647558421931874,0.1574276230150091,0.09122689758567344,0.09284040987732278
TCGA-AD-6888-01,0.0012738878251647837,0.038645810099040785,0.08676372864466646,0.8325376032750823,0.008395509005937487,0.032383461150108095,0.0
TCGA-AZ-4615-01,0.0,0.3395728587071263,0.03505477741588188,0.3415186444748125,0.10832217589445228,0.15375104901847986,0.02178049448924722
TCGA-AA-3662-01,0.036806363002090774,0.10543266190879085,0.18602373246117704,0.3196484476471463,0.10432195044448322,0.19312286563123082,0.054643978905081034
TCGA-DM-A28C-01,0.0034069667201957745,0.029210048432537158,0.2645740155136699,0.554144298096973,0.027708909717466798,0.028073098377914926,0.09288266314124248
TCGA-NH-A8F7-06,0.0008468243976325811,0.0,0.057299522125294766,0.8556530159328134,0.0,0.03742256030658667,0.048778077237672544
TCGA-DM-A1DA-01,0.008069847341957289,0.05902940599429829,0.0662377858234968,0.660983791180533,0.016662046225471443,0.12619457786454388,0.06282254556969923
TCGA-F4-6569-01,0.014272899394070747,0.0692397470127023,0.20380645275844952,0.12229377255875339,0.40019001128433884,0.1237693575755509,0.06642775941613431
TCGA-AA-3660-11,0.09496082434133149,0.2104528223720437,0.14697235902591277,0.3407808632526447,0.09291422882811473,0.11391890217995249,0.0
TCGA-CM-6674-01,0.004223193122085723,0.1291813326192999,0.15540528803592796,0.41121689746239554,0.12852676233180688,0.10025134253808175,0.0711951838904022
TCGA-CK-4950-01,0.05652503831708655,0.13460660003804634,0.14433231504997698,0.4830473716515116,0.0452270730900661,0.09682105582228365,0.03944054603102858
TCGA-DM-A1D9-01,0.0019714045027028567,0.03980953717745955,0.0753809768518432,0.6902966792526672,0.11341877877831208,0.04008198458118167,0.03904063885583345
TCGA-CA-6719-01,0.010856228594041388,0.10069997560448032,0.15301706026949213,0.32213169952584303,0.11003803063571135,0.17974219291640087,0.12351481245403087
TCGA-CM-6675-01,0.0,0.08506977674511451,0.05883018396176053,0.5049275661731683,0.14005617521998975,0.13883142820221847,0.07228486969774829
TCGA-D5-6533-01,0.018135876857446213,0.09068096260718354,0.24381688877385976,0.34665734111256447,0.010889630805222624,0.1074618304481488,0.1823574693955746
TCGA-A6-6782-01,0.02406833952417648,0.1327508083557932,0.22155641504514081,0.21435411023975343,0.1763472978650469,0.1507053087834158,0.08021772018667327
TCGA-D5-5539-01,0.02352156054739911,0.06471941616421312,0.18618674579351752,0.2541225732028026,0.19655583334478227,0.2052778988458615,0.06961597210142388
TCGA-CK-5912-01,0.007850375035024362,0.0412400050070917,0.2789935096751184,0.4544026781207476,0.0,0.05813816107178601,0.15937527109023192
TCGA-CM-4751-01,0.046867406145804175,0.20409061561163697,0.15293900001239846,0.3658212467549399,0.0788532362235679,0.07597494447942034,0.07545355077223236
TCGA-AZ-4614-01,0.00707669457312006,0.13952899953088793,0.10527525426007217,0.6126133163079872,0.0,0.04544463145287466,0.0900611038750579
TCGA-A6-6140-01,0.009199125500388266,0.17151713337436197,0.17992047933977587,0.5135734416983404,0.014057208159576604,0.0552023830359081,0.0565302288916488
TCGA-NH-A6GC-01,0.04556016457552255,0.06015294769904823,0.12377979831241995,0.38609271100263204,0.22786117404342918,0.06570098780710186,0.09085221655984609
TCGA-AA-3495-01,0.05413712755573084,0.19215245865938582,0.121456102513818,0.40473105322037206,0.036279195366172384,0.12154780677333205,0.06969625591118882
TCGA-CM-4744-01,0.009960044017661969,0.23966930874045828,0.023082684115276163,0.6363674499508521,0.00627645648166294,0.06534388912231405,0.019300167571774433
TCGA-AD-6895-01,0.0038179067558204846,0.12547587417768144,0.10683403731101257,0.5994537638194092,0.0582776729553163,0.05972984161042557,0.046410903370334496
TCGA-AD-6889-01,0.0,0.04196019210465543,0.0387247285014243,0.8419601175433921,0.030944214951815797,0.027504569187350503,0.018906177711362045
TCGA-AD-5900-01,0.04199709518259771,0.1569821775317248,0.07812619764355833,0.4861678096637403,0.06218964482663882,0.129851289424444,0.04468578572729621
TCGA-D5-6540-01,0.0013679183522740247,0.12147638724442832,0.16875062990574496,0.377622936490561,0.16617749053854877,0.09263164071866298,0.07197299674978001
TCGA-AZ-5407-01,0.03804089641058571,0.33411481896550177,0.07924946080007954,0.418746663748242,0.0051617887601440315,0.08374803565161332,0.04093833566383352
TCGA-A6-2685-11,0.03389875554218747,0.2586503473815188,0.11978922586965761,0.42867454373676345,0.04101795397776936,0.11698892784470154,0.0009802456474016941
TCGA-G4-6311-01,0.14636706176887704,0.060937138955073716,0.09724227027985133,0.22970381413067745,0.2625085444776159,0.127260517398749,0.07598065298915567
TCGA-D5-6923-01,0.0,0.030069289819560443,0.2147739794372348,0.2744420615106341,0.2870273362102183,0.04857668601434861,0.14511064700800375
TCGA-DM-A1D7-01,0.01014904937229074,0.10582561048736373,0.11536432940978703,0.6087775936444778,0.00519557334736337,0.06656753711943383,0.08812030661928347
TCGA-A6-5659-11,0.17014900370634048,0.08967482851305902,0.10758546966037537,0.43950391571481007,0.048624745606842684,0.12136507777502943,0.02309695902354317
TCGA-AY-A71X-01,0.00034701708358014267,0.05469385627508154,0.04876066288369952,0.8144809558789854,0.0,0.06140155510494535,0.020315952773708106
TCGA-AZ-6600-11,0.09662889804748781,0.08362211831110158,0.30665090414214463,0.3042871345969661,0.14650548093555174,0.06059107669824794,0.0017143872685001491
TCGA-AA-3655-11,0.0905923406255072,0.24163775548298372,0.09207531646584538,0.30339242860066085,0.09984111052262348,0.14778050912770685,0.02468053917467242
TCGA-CA-5254-01,0.019505069854029358,0.06887515398818633,0.047768833276021404,0.544836074021697,0.18376902824868588,0.07699726692168085,0.05824857368969924
TCGA-CM-5349-01,0.05608981021633524,0.0389763792600866,0.14819239514611693,0.37421147474125993,0.07226546969473548,0.1483880945030814,0.16187637643838446
TCGA-A6-2686-11,0.038391409828052614,0.11179523118244754,0.1884317709824703,0.40111229931804987,0.0880599901442,0.1697084048594756,0.0025008936853040415
TCGA-AZ-4682-01,0.00776966901664293,0.08527287340676412,0.12083559122692018,0.6139392192204439,0.044353349610309,0.05715225596461141,0.07067704155430844
TCGA-CM-5344-01,0.0014762413063240212,0.03337401519086347,0.09301711051501421,0.5522279622382607,0.15583988808253044,0.04367984834544233,0.12038493432156486
TCGA-NH-A50T-01,0.0021046581960601435,0.023815062394826208,0.06525116870158242,0.7273091436573508,0.05192873916334885,0.04231785541924781,0.08727337246758393
TCGA-AY-6386-01,0.017247696535751558,0.11270369266409717,0.10399706052067087,0.5954561154427348,0.02288400293777811,0.0874756631074144,0.060235768791553124
TCGA-CA-5255-01,0.00029571178542071126,0.047901538955508194,0.07085219064799744,0.781459446165813,0.017373240468226428,0.055566665192264005,0.02655120678477016
TCGA-AA-3662-11,0.07256479276535552,0.16012000200328647,0.18528167502419804,0.24347158228018184,0.12587987888844426,0.21268206903853376,0.0
TCGA-DM-A1DB-01,0.002931464769857654,0.34180055678617965,0.08282998303408336,0.5100748664794281,0.0008773123911821409,0.033183496770840946,0.028302319768428195
TCGA-DM-A28F-01,0.039776705536720004,0.09756781262454568,0.042761191903335535,0.6824840037025673,0.05898649972885881,0.03512107680874071,0.043302709695231964
TCGA-AA-A02Y-01,0.0,0.17305143637367745,0.05892085277412977,0.6937177624823873,0.0,0.069074837617678,0.005235110752127558
TCGA-D5-6932-01,0.0,0.07451373962786081,0.20252016488774768,0.4172696961004016,0.10169596822244853,0.09632749963322074,0.10767293152832066
TCGA-AD-6899-01,0.03360951863637066,0.16012956566822428,0.16330302727773027,0.18875909444435598,0.1384389811480262,0.22575570724095845,0.09000410558433414
TCGA-AY-6197-01,0.012549673486138035,0.0885190336836251,0.1135999478602637,0.6074687689254289,0.004386803946858291,0.09625805040233375,0.07721772169535217
TCGA-AA-3660-01,0.03132708834909126,0.09368910388742394,0.13126376916838695,0.41678542267452867,0.1387521821193784,0.11801168480094523,0.07017074900024563
TCGA-A6-5660-01,0.0,0.04454964952379495,0.08663283797566138,0.5369134191148894,0.15378327275278342,0.12999631760968294,0.04812450302318789
TCGA-D5-6541-01,0.013011492937327913,0.11571324057062823,0.08882254034966475,0.24575259392902077,0.2396400086773565,0.2387219913089211,0.05833813222708081
TCGA-CM-4747-01,0.010758233637040432,0.0789430781208738,0.10338073728719509,0.5193665140776061,0.09901723056350566,0.08920619081555324,0.09932801549822569
TCGA-AA-3511-01,0.01102991313032732,0.05714138279134244,0.20767767019873534,0.35833636340033215,0.17201142529310368,0.09063241009279675,0.10317083509336235
TCGA-DM-A28H-01,0.013203129162219435,0.05888426354091362,0.08038350988467553,0.6718908020338152,0.00494146140453841,0.07330665360331942,0.0973901803705182
TCGA-G4-6303-01,0.01015290682013625,0.12798011264130443,0.2021982450097402,0.28272841111350755,0.11826850818711201,0.14102499891239859,0.11764681731580094
TCGA-CM-5861-01,0.0,0.13686688361716925,0.21367454802069547,0.42393718346054765,0.03852706421385078,0.11398243518659469,0.07301188550114196
TCGA-AA-3525-11,0.26537729804173754,0.24017730406208446,0.07033383785388068,0.24338636625071838,0.021608422015347146,0.1591167717762317,0.0
TCGA-CM-6161-01,0.011133238497554328,0.23686792644017932,0.09248714644524222,0.33455352883809514,0.04498388407794822,0.15670332990494992,0.12327094579603105
TCGA-NH-A50U-01,0.0,0.027859803886717018,0.11714526199965455,0.5861490102615542,0.01088928849791537,0.11435470253606617,0.14360193281809272
TCGA-AZ-6607-01,0.002397919493930973,0.07476765037694345,0.09162153715831614,0.23716648720021627,0.3861736395756496,0.1062838076542738,0.1015889585406697
TCGA-G4-6298-01,0.00371183330746959,0.03189080970747158,0.1228009899320966,0.503697996947298,0.18393761844645465,0.02155002406096086,0.13241072759824857
TCGA-D5-6538-01,0.0,0.062280498080987984,0.1581027908309103,0.5454375338596982,0.0,0.08304989365765462,0.151129283570749
TCGA-CM-6679-01,0.07247005937443853,0.09774368387985936,0.1673347686395195,0.24009731585421373,0.2384000321121757,0.06947976878590464,0.11447437135388869
TCGA-AZ-4323-01,0.3928766852486307,0.3515838515588407,0.11818066587083043,0.008294771436625503,0.007441019005674213,0.03278988571020533,0.08883312116919324
TCGA-G4-6322-01,0.012415452797483044,0.10787454711856781,0.3007454561987595,0.4137430160028802,0.0,0.04596815040217859,0.11925337748013073
TCGA-CM-5864-01,0.025065072506821856,0.12470972658645722,0.15124976561734146,0.48346810872242846,0.0507727276523481,0.09685329815860977,0.06788130075599313
TCGA-CK-6747-01,0.010195438204521838,0.11383366399054133,0.16019429487885378,0.4706548799013929,0.05625863229912855,0.10170087497668752,0.08716221574887408
TCGA-CM-6163-01,0.05727053441940757,0.24726473589199452,0.14523735386861106,0.20723028181043016,0.1512728734899805,0.1568408378324541,0.03488338268712213
TCGA-AA-3713-01,0.054439894688565825,0.18911622411423462,0.11939089807731124,0.393763607659989,0.028119021674791266,0.17597998339872448,0.03919037038638361
TCGA-A6-A56B-01,0.0,0.013009091377116519,0.13047428064649508,0.35822901740439733,0.26601906135249964,0.06492758210725783,0.1673409671122337
TCGA-CM-5348-01,0.0,0.050561097698924695,0.13327056217846947,0.1701579339161468,0.15144515518195326,0.35991966767621075,0.13464558334829504
TCGA-AY-5543-01,0.035607648215407996,0.13938192718777173,0.062162232297565304,0.6427961573039457,0.019477876968984228,0.06229094414417873,0.03828321388214628
TCGA-CM-6169-01,0.016532478665082076,0.14555129239722406,0.23271296884936152,0.1779517533692991,0.139511676631529,0.20253408665618602,0.0852057434313181
TCGA-AZ-6606-01,0.02026906090965483,0.07001900405661246,0.16302889481013574,0.5900978757344729,0.0,0.07418210200164671,0.08240306248747738
TCGA-RU-A8FL-01,0.010074224949713627,0.035169603139702424,0.03674251429058824,0.8677359404565047,0.0,0.01776894525200652,0.03250877191148447
TCGA-CM-6678-01,0.002834323267012549,0.05210952330979195,0.17034343684691197,0.5972928713850495,0.03377870799971698,0.047729253843959575,0.0959118833475574
TCGA-A6-6649-01,0.04131958423091732,0.10135123551314033,0.35214637949282984,0.2869956887036364,0.01800493476396826,0.08664009174108701,0.11354208555442089
TCGA-AA-3517-11,0.31226088330567303,0.15522832814859283,0.1764114277324039,0.2133189435875177,0.05530612754105589,0.08747428968475661,0.0
TCGA-AA-3675-01,0.008869367722726944,0.12652311799384022,0.12384727312198132,0.38734254656065203,0.2024832891798741,0.08821426792033198,0.06272013750059337
TCGA-A6-5665-01,0.036709274149818304,0.23558398677172987,0.018307488420418634,0.5852004823099975,0.031731501645646004,0.08363081885471108,0.008836447847678518
TCGA-DM-A0XF-01,0.00807762989370555,0.08549493461852484,0.03364809240959848,0.5931335505554541,0.16596407303388785,0.08249997567806068,0.03118174381076851
TCGA-F4-6855-01,0.0,0.030125347101150723,0.15366680445846667,0.1790447276851616,0.4615214114289535,0.11726232889388012,0.058379380432387384
TCGA-AA-3496-11,0.04960632517097493,0.09314230419200417,0.23731988077913183,0.1530107673672835,0.18492574374886178,0.175482182103019,0.10651279663872487
TCGA-QG-A5Z2-01,0.30518784819949224,0.24991395501559313,0.03298401696612793,0.3464640762583421,0.009432163662404056,0.0489498918315694,0.00706804806647131
TCGA-AA-3489-01,0.21653535710922073,0.15575297682929126,0.17784000910711478,0.04829017334724241,0.18406401114659207,0.1563280224226665,0.061189450037872115
TCGA-A6-5662-01,0.0,0.045072775951123654,0.0730261072675206,0.7410007550570783,0.05025642163674923,0.04511099583739454,0.04553294425013372
TCGA-DM-A1D6-01,0.009595515603339554,0.047140808683231596,0.030250275455799877,0.7985875781290825,0.04013320199559274,0.042496822765197284,0.031795797367756305
TCGA-AY-A69D-01,0.05871580308514198,0.0810743375444947,0.08716321837675144,0.5399802588863432,0.08179425740902471,0.07867227615031998,0.07259984854792402
TCGA-D5-6898-01,0.013673715897415879,0.11324459342973325,0.18893251250026988,0.27339738919945455,0.05230972517089464,0.21362255563446284,0.14481950816776895
TCGA-D5-6530-01,0.033348553060214496,0.24020331821394414,0.09497976627414666,0.28261291899364954,0.07351200272115155,0.24693228714543874,0.02841115359145484
TCGA-DM-A28A-01,0.0008913236057479034,0.04186449090966347,0.1079738258518375,0.48690047343695225,0.19354259024075124,0.08075233264609293,0.08807496330895481
TCGA-D5-6532-01,0.01238244917621895,0.05690390871259267,0.094914946016644,0.6756047006337815,0.05518775859240786,0.030803481342928634,0.07420275552542631
TCGA-F4-6703-01,0.015349625982364633,0.10758273043681969,0.22606773405618247,0.06522842031387074,0.2922574649404052,0.26068093708458817,0.03283308718576908
TCGA-DM-A1D0-01,0.0001897696936863447,0.009974817355041727,0.07201106828646807,0.8313640178871913,0.010726346397736128,0.033712943083318195,0.04202103729655842
TCGA-D5-6929-01,0.07872924110984574,0.07520247594414103,0.07608286667565532,0.46657024949203435,0.1858461300036183,0.07473641182055747,0.04283262495414776
TCGA-F4-6704-01,0.027455366701149633,0.09252070646973272,0.29222008262671384,0.08565717777829598,0.2163892172488442,0.13783724421967974,0.1479202049555839
TCGA-D5-7000-01,0.004108788530616765,0.09241787498463344,0.16453295425925535,0.4460002243574934,0.12076377959622915,0.11104461195852498,0.06113176631324669
TCGA-AZ-6601-01,0.06553925611851286,0.1250223274428827,0.11644821820651159,0.3531520133212272,0.05338307130426252,0.23596885535782816,0.050486258248775
TCGA-AZ-4684-01,0.03188820658770814,0.12149453476943771,0.1514519692258709,0.36032505006512394,0.20567122860551518,0.0793344948256543,0.04983451592068971
TCGA-G4-6317-02,0.0,0.0,0.09181159807956099,0.688210820591833,0.005544688269978589,0.08323610723039236,0.13119678582823505
TCGA-AA-3697-11,0.12222305946271331,0.10256980475875463,0.16291446045625252,0.37485690996567045,0.06968727633453654,0.1597688069616205,0.007979682060452124
TCGA-CM-6165-01,0.010731301010617582,0.09980586868198336,0.1772893419604949,0.3091446187495291,0.11604855967715189,0.16808381551851884,0.11889649440170431
TCGA-AZ-5403-01,0.0,0.05369852052058433,0.18276968720369596,0.40387050201098407,0.26473821039063866,0.0800187248962043,0.014904354977892734
TCGA-AY-A8YK-01,0.029264584637122285,0.05054679191132668,0.1820537526623737,0.5651762907424415,0.02416155506533994,0.08567543459723531,0.06312159038416079
TCGA-AZ-6603-11,0.010666696840884575,0.09996889819007158,0.25081444898807653,0.10136616745003348,0.08696552525963559,0.3792696530406378,0.07094861023066046
TCGA-A6-6653-01,0.0,0.04360120057746095,0.1160113774544961,0.5862131271328346,0.09724023785839056,0.08288616614611286,0.07404789083070495
TCGA-G4-6586-01,0.004517797455049012,0.28915901341104927,0.052086459362988766,0.5449544347979047,0.0033748984944775616,0.09278836739156393,0.013119029086966674
TCGA-AA-A01P-01,0.049755966297091204,0.263446628557517,0.16238565525701057,0.22726515470500694,0.1085919949464652,0.13475439883794094,0.053800201398968295
TCGA-AA-3502-01,0.03632341004522252,0.2422239682399652,0.036106643740622,0.47953645750195606,0.009572931438010433,0.18385986520493797,0.012376723829285771
TCGA-AA-3697-01,0.03600930857652014,0.1316010955791654,0.14348891068614897,0.46275807727186274,0.024577384809881038,0.1334014044341845,0.06816381864223718
TCGA-AD-6890-01,0.017166804707220883,0.09346465856903818,0.1372188460740013,0.5604162247572643,0.07170369270374366,0.049313741683432215,0.07071603150529938
TCGA-AZ-4315-01,0.017288002873917935,0.0894158557619653,0.036084610694583664,0.5613508038267891,0.150003852586479,0.12758252917674254,0.018274345079522497
TCGA-A6-5667-01,0.00012223064573465824,0.09141911882180535,0.13149661920759073,0.48680392098157704,0.07592316757560551,0.09759574177609047,0.11663920099159623
TCGA-G4-6293-01,0.059760005434778454,0.19968941270159818,0.13067135629942941,0.4362756294831208,0.008808302530382447,0.0893159988913471,0.07547929465934373
TCGA-AA-3712-01,0.0,0.059906914323246414,0.14642461825941436,0.3915368166248653,0.19386960824644975,0.09108476794047778,0.11717727460554632
TCGA-AZ-4616-01,0.0010988946528529594,0.16340234862760353,0.09581514394221852,0.5500581080299081,0.04610931863799757,0.07217718007661865,0.07133900603280066
TCGA-AA-A02K-01,0.01765042578691648,0.03581841397053824,0.14932668091053858,0.5973347607159661,0.0,0.09315865621314645,0.10671106240289409
TCGA-G4-6323-01,0.49372297886515437,0.15835467773249218,0.03593888240965016,0.27124813367105766,0.0029740649249050924,0.02231356083390949,0.015447701562831016
TCGA-F4-6857-01,0.43327247632736826,0.23516897097442974,0.09086923471212374,0.10301229358379206,0.05022839357391261,0.04622299326485246,0.04122563756352123
TCGA-DM-A282-01,0.0013323919949214196,0.04353902933905,0.07354836725460812,0.656365016090113,0.09548526415641952,0.03792970314687566,0.09180022801801227
TCGA-DM-A1D8-01,0.0,0.12467768012030218,0.1628788409056048,0.5505706157129104,0.06882370621706702,0.035598171163849966,0.057450985880265745
TCGA-NH-A5IV-01,0.008558426320617272,0.19192225581112535,0.13922473496242932,0.2416426295533561,0.04682202836831746,0.31969325033023044,0.052136674653924034
TCGA-AZ-6601-11,0.14907046919148634,0.14433575596053835,0.2264752945189981,0.25467597009843557,0.060055685957589415,0.06293704429594808,0.10244977997700404
TCGA-AD-6901-01,0.0009084467017316217,0.10042219382067603,0.190721898654791,0.2948598505741504,0.22687585161020213,0.13828617589731543,0.04792558274113343
TCGA-CK-6748-01,0.0,0.025437496857617394,0.13091829745840758,0.4205942453070902,0.1635202013379761,0.1452855691221281,0.11424418991678058
TCGA-A6-6141-01,0.08160702134827476,0.3165693582617662,0.1468541994865976,0.2964438045998736,0.05981365782959766,0.06350384294845815,0.03520811552543215
TCGA-3L-AA1B-01,0.08685978163665022,0.12866537197408445,0.17997295341045114,0.4010412728600643,0.043193699463832225,0.07295652793494327,0.08731039271997441
TCGA-AA-3496-01,0.024083503268463608,0.14388886018534053,0.1986902382094092,0.22194000574040082,0.09497273198943143,0.21447209858379804,0.10195256202315646
TCGA-A6-2678-11,0.07084411707312548,0.09648069608672041,0.2070905664525488,0.2633459986662586,0.08501105759120768,0.262474003785952,0.014753560344187176
TCGA-CM-6170-01,0.025485976246705663,0.09943355601910919,0.11003474900284642,0.410620455945786,0.17702666497408115,0.10988585507948714,0.06751274273198454
TCGA-AU-3779-01,0.045836338110511195,0.20089210300528393,0.0850952677064187,0.4082496123481843,0.10770364749869862,0.0975056487374482,0.054717382593455044
TCGA-G4-6315-01,0.06683356727186801,0.04969785838966046,0.24620196579487394,0.5408162523865215,0.0,0.037939783603434314,0.05851057255364163
TCGA-G4-6310-01,0.0,0.027066775948164968,0.152951916191251,0.4045068046144929,0.0,0.01928845104604166,0.3961860522000494
TCGA-5M-AATA-01,0.011108278555318376,0.14958911431147934,0.3449647958271105,0.31160894878343726,0.0,0.05617419805948109,0.12655466446317348
TCGA-A6-5659-01,0.014376462986749454,0.05268225743887711,0.16661456127745872,0.46251227654177957,0.11512923943547669,0.08832094782014567,0.10036425449951274
TCGA-D5-6537-01,0.0,0.11619909478762133,0.028113716718335575,0.7558049533336524,0.07156853228231572,0.027331917145518754,0.0009817857325560208
TCGA-AA-3663-01,0.002468745746573423,0.06509794025723414,0.15914048287431934,0.5349035117589145,0.031031545428334525,0.1722482946854259,0.0351094792491983
TCGA-D5-6529-01,0.08095371303287746,0.13295411892847817,0.09183181122849299,0.28732874378465156,0.20227751317978068,0.12812089424640882,0.0765332055993102
TCGA-AA-3514-11,0.05205073013693522,0.27032529604521804,0.07719266408055815,0.3851469227269749,0.023872850354503292,0.18725874298573503,0.004152793670075274
TCGA-D5-6927-01,0.008783379002496596,0.19238637571884423,0.10731544996861829,0.26057084526425767,0.14960623357528868,0.22429711983400152,0.05704059663649302
TCGA-AA-3520-11,0.09989626986070113,0.14975720324392372,0.16188099435718425,0.34685623088193,0.07389763778859663,0.16771166386766423,0.0
TCGA-A6-A565-01,0.16164878037351219,0.2379613298562494,0.22692109555938597,0.2090385394509136,0.025346296918038292,0.08164728288367976,0.057436674958220656
TCGA-A6-2675-01,0.01726890004490998,0.0672085107769754,0.12249629039910452,0.264205912061781,0.23955328449775287,0.20792461198927598,0.08134249023020017
TCGA-G4-6306-01,0.008201470474872729,0.12623605248404135,0.023361899164363535,0.7987663757493191,0.0026464520293322277,0.03340669733054084,0.007381052767530303
TCGA-G4-6320-01,0.08815841035720358,0.08549528064901916,0.03860636392462679,0.6884077311462057,0.031615182654344584,0.049906120273672576,0.01781091099492761
TCGA-DM-A28K-01,0.0,0.03793497575898966,0.169726119938537,0.6426740383516032,0.027437849267278578,0.06754329546226304,0.054683721221328564
TCGA-A6-2671-11,0.05835479991330671,0.11686654602232904,0.24827288523794236,0.3958855552276985,0.06649275110763109,0.09703818738553105,0.017089275105561068
TCGA-AZ-6600-01,0.07944008312851739,0.08158241337172153,0.19608245371360922,0.280017766983385,0.10358427762433388,0.14284769261428557,0.11644531256414742
TCGA-D5-6926-01,0.012699147111025598,0.05726008767426144,0.11729568199092723,0.30873630664127294,0.2715399650313527,0.1308886442003206,0.1015801673508394
TCGA-AD-6964-01,0.027634635664639584,0.28426956658074926,0.12704169811799396,0.05949297659487886,0.15132993623639798,0.30472548166674945,0.04550570513859095
TCGA-A6-2686-01,0.03222030628693603,0.3311068080419603,0.08601718826082833,0.19699577815316247,0.08336272165080254,0.25544551835124885,0.014851679255061543
TCGA-AZ-6608-01,0.010858659960394347,0.03924944589523035,0.0575967715649391,0.8305930185539683,0.0,0.02825093000483538,0.033451174020632565
TCGA-5M-AATE-01,0.015770002825282025,0.10627383286120631,0.18323099271965265,0.4783500620163651,0.055919925063285976,0.06434764773563956,0.09610753677856833
TCGA-CK-5915-01,0.0,0.016654656450713113,0.12039311459886089,0.6713719839641191,0.0,0.07534045937240172,0.11623978561390517
TCGA-D5-6922-01,0.004816132003595672,0.10067886657129611,0.19279257694612148,0.24656807048943202,0.13393082684858582,0.15285073735259203,0.16836278978837688
TCGA-G4-6321-01,0.06688713893040324,0.15628559584117002,0.05162803018372904,0.6528409453169324,0.00950812556814693,0.06285016415961855,0.0
TCGA-A6-A5ZU-01,0.04664744210806872,0.0775864858556292,0.09814267632854418,0.289655688341309,0.14990406391596892,0.25414726158250206,0.08391638186797785
TCGA-F4-6463-01,0.010233064619239484,0.15571480038729035,0.25776870232476357,0.28322845798654217,0.10203476821529354,0.06662534081141391,0.12439486565545699
TCGA-AA-3526-01,0.01177814047796572,0.2487268402201485,0.08602487388036992,0.32828429456295755,0.1962984346833071,0.12502444129574142,0.003862974879509982
TCGA-AA-3527-11,0.0654774535726443,0.1445621618118967,0.1476165173985933,0.3600603091601774,0.06807219128767575,0.19551423213519167,0.01869713463382096
TCGA-F4-6570-01,0.008603254961146004,0.16104786499539384,0.11424345250858124,0.1915401852675675,0.09396422279927119,0.3225625583158033,0.1080384611522368
TCGA-G4-6317-01,0.0014379006477773099,0.1034465930608621,0.01673696978211698,0.7999754931116938,0.04343189318994534,0.021567906178593887,0.013403244029010731
TCGA-SS-A7HO-01,0.000627084251937417,0.08447947587267184,0.1804874866796458,0.5462448666601275,0.0,0.03796428976893434,0.15019679676668327
TCGA-4T-AA8H-01,0.011499171753229556,0.042743817120347374,0.03884238879867408,0.8534689194235494,0.0,0.027666120450725487,0.025779582453474236
TCGA-CM-6162-01,0.015242758694490788,0.11732471686099939,0.16569561550161074,0.1148083084503952,0.26699495585601635,0.24659969700196221,0.07333394763452525
TCGA-AA-3489-11,0.03989587069313773,0.2287987335882083,0.09356378162660761,0.15449068866284887,0.16604120259096355,0.24960830361927167,0.06760141921896214
TCGA-DM-A1D4-01,0.0,0.16809048917612607,0.09598890447343848,0.6634360171461517,0.0045071432706786305,0.02805655501572007,0.039920890917884935
TCGA-QG-A5YV-01,0.013029203226764876,0.11401939678758516,0.11311523313858299,0.5883490960254116,0.04407247909725078,0.08139297983017468,0.04602161189423005
TCGA-CA-5796-01,0.020669633354340106,0.1335826914997594,0.13145963686122283,0.5819245581281066,0.0,0.08640642076589786,0.045957059390673176
TCGA-G4-6626-01,0.01406574295486993,0.08631491928237636,0.11923247555875889,0.6213549815915895,0.04277172629331561,0.034139182660147066,0.08212097165894233
TCGA-DC-6156-01,0.0,0.22653162264004142,0.12342807391176178,0.15098358550599672,0.19697397220210403,0.20585993372888178,0.0962228120112142
TCGA-DC-6160-01,0.050077812795098826,0.18141322963304732,0.18532530649702744,0.3830470962094733,0.01665937140549118,0.11053775591347458,0.07293942754638735
TCGA-EI-6512-01,0.0012494705914577486,0.06102473441689489,0.11963268106127779,0.5422371050074336,0.09910426658061511,0.1419405772446434,0.03481116509767741
TCGA-DC-5869-01,0.009430048133272436,0.10128379793957677,0.12436891422772588,0.40857813837308915,0.2926847466933773,0.06365435463295846,0.0
TCGA-EI-6507-01,0.0030501409030893978,0.18831406292393998,0.08308845062029184,0.32710563519446706,0.14424030582283356,0.19152547517800955,0.06267592935736885
TCGA-AF-3911-01,0.00515361342819082,0.09914849504275645,0.11539506616031756,0.44662678918744214,0.15429872867734826,0.11573847647102636,0.06363883103291827
TCGA-EI-7004-01,0.010836914598533583,0.02651828782199126,0.449309196509518,0.042699487499121606,0.1778553270119363,0.12005160603764549,0.17272918052125366
TCGA-G5-6572-01,0.0,0.07163340819166088,0.1568642679382778,0.29794904036408226,0.34071938407260993,0.06761627558024393,0.06521762385312542
TCGA-EF-5830-01,0.0005030760859626426,0.09441730994650786,0.08091529191844583,0.5750709751141658,0.028098216666066395,0.17040916666626926,0.05058596360258234
TCGA-F5-6812-01,0.06808960912102317,0.15392817673676384,0.1769437866449421,0.21658690666423783,0.07357764579655875,0.12263880319617909,0.1882350718402953
TCGA-CI-6624-01,0.038116862593536596,0.16048048200357104,0.1512932930721996,0.4033894668235553,0.08282108490364233,0.10002555984876443,0.06387325075473059
TCGA-AG-3902-01,0.02525020524249804,0.2910875958133426,0.08336639499775884,0.3355454868786568,0.021735226620637395,0.2156405983172204,0.027374492129886033
TCGA-EF-5831-01,0.012094913298914154,0.06016973206043139,0.07772254865485201,0.4194307238783551,0.23427520419582398,0.14067117182453892,0.05563570608708446
TCGA-AG-3731-01,0.04487504162777043,0.12660959704511823,0.21263213002262507,0.2422273596840777,0.13085273161491442,0.14600006326090542,0.09680307674458874
TCGA-AF-A56L-01,0.010531480428674727,0.06232496912411323,0.09167229262662395,0.6332341557480553,0.08734502135742182,0.05478913116351924,0.06010294955159166
TCGA-DT-5265-01,0.0,0.025167026967023214,0.08218034134913811,0.3801820188899768,0.2048954988223953,0.20128541331951663,0.10628970065194988
TCGA-F5-6465-01,0.035370111303164385,0.1516390849297544,0.13007770957183268,0.22027582963045758,0.22367498581204334,0.1367638047778669,0.10219847397488073
TCGA-AH-6547-01,0.21297112697129564,0.17835427712237972,0.09596744929483486,0.23535595286131303,0.08121136409454618,0.16250368072534796,0.03363614893028261
TCGA-F5-6811-01,0.009953218802670194,0.106751919055155,0.0711691448811234,0.24267980887093152,0.4247891716121973,0.103566288410252,0.041090448367670666
TCGA-F5-6571-01,0.013037679575160842,0.17453289783139178,0.09901747769396557,0.23984127180467768,0.16664655510594287,0.19933175335528042,0.10759236463358082
TCGA-AH-6903-01,0.011625450214448512,0.0964667250180656,0.20099940070965733,0.5599665228151326,0.03252520229387395,0.04526276590926614,0.053153933039555845
TCGA-DC-6682-01,0.07167904037961638,0.17429395367012607,0.08875313499872332,0.5339262010932925,0.019880043017936343,0.044297930217359754,0.06716969662294572
TCGA-AF-6672-01,0.09397963074673871,0.20342103958312907,0.16474813351348086,0.3580956432980169,0.04724168167668219,0.055556634265634966,0.07695723691631724
TCGA-EI-7002-01,0.0055501663343828925,0.09419381495076525,0.12680036440510656,0.42436079684026584,0.10273135877865118,0.12741246868866793,0.11895103000216019
TCGA-BM-6198-01,0.026382773034839175,0.18865239480950993,0.17071159293800608,0.2977785015641504,0.17460989923177433,0.13071776722250855,0.01114707119921163
TCGA-F5-6864-01,0.01137917634963326,0.12302521370527988,0.19622845489892904,0.13327345290309864,0.19468212940931673,0.1288029782399714,0.212608594493771
TCGA-EI-6881-01,0.016335429940446105,0.09762279748110142,0.17188801238223128,0.5564328556169612,0.0,0.0764859239485846,0.08123498063067526
TCGA-DC-5337-01,0.0034280685517808413,0.18886078644082885,0.07315753543450987,0.5192914484176455,0.13379867320849406,0.07628631917257626,0.005177168774164635
TCGA-G5-6235-01,0.04073610220259774,0.11705884981801128,0.043420836488548074,0.7503361436777886,0.00463122807418935,0.019052795929247114,0.024764043809617903
TCGA-G5-6572-02,0.015080960784441749,0.1821377608345109,0.15542219144045152,0.16204657014902002,0.1600554930940468,0.2872627668290117,0.037994256868517304
TCGA-DC-6681-01,0.00560989877625854,0.07734951493565136,0.21906385839369785,0.3799116902532011,0.08572330763362068,0.07066706201137414,0.16167466799619615
TCGA-EI-6511-01,0.05645435098775732,0.2914417625400963,0.1251179310452609,0.1864278595734933,0.0774761263049442,0.1942730001007383,0.0688089694477098
TCGA-F5-6464-01,0.003912337693568287,0.1400787503733731,0.1771510360751037,0.1546943760668077,0.15321171361546232,0.2080805678708206,0.16287121830486423
TCGA-EI-6509-01,0.0,0.004675426394596912,0.1606734260764208,0.41449235526408434,0.12191883581502078,0.12020760870606394,0.17803234774381327
TCGA-AH-6897-01,0.009175679238342189,0.11731526333981063,0.08085992538789664,0.6709717355280007,0.0,0.025541396897526582,0.09613599960842323
TCGA-EI-6508-01,0.011511819627096437,0.053085377466498974,0.11712776461574423,0.5689023143248406,0.04061315562851562,0.09074625561540017,0.11801331272190399
TCGA-AH-6544-01,0.06463083627004342,0.012574301434373858,0.11871537286604962,0.6980682336435378,0.06308349772345818,0.014261177957595421,0.028666580104941723
TCGA-DY-A1H8-01,0.0,0.08945014545861235,0.1513271394938255,0.702969321153848,0.0,0.01411331249154951,0.042140081402164666
TCGA-AF-2693-01,0.02993003845700248,0.09460067437064111,0.11985220283977238,0.565692590212294,0.023872950238552283,0.0855787186057973,0.08047282527594032
TCGA-AF-5654-11,0.03182932616430337,0.04778022256959676,0.1908122698901457,0.5909326168351233,0.07494112067991783,0.06370444386091301,0.0
TCGA-CI-6622-01,0.007624310759331831,0.028100638952861457,0.12573083007229865,0.6993107741461979,0.03921011132082431,0.04971415828062481,0.05030917646786114
TCGA-EI-6882-01,0.028799387745882074,0.14064821937605715,0.2231600731318056,0.3264396813966723,0.06451347292891184,0.14413843299914575,0.07230073242152527
TCGA-AH-6643-11,0.4208650650719824,0.17091151313775924,0.07665155894883288,0.15459667940930483,0.07040400556670107,0.06203751281003666,0.04453366505538279
TCGA-DY-A1DC-01,0.030516043082952457,0.0912746237773436,0.09447796808743883,0.5188179096223111,0.12465885383472762,0.06964867536420796,0.0706059262310185
TCGA-EI-6884-01,0.04279044475934205,0.139237921215976,0.1985510359548561,0.31360957484804297,0.10330153724321225,0.12554030753152728,0.07696917844704335
TCGA-AF-5654-01,0.002714706776255241,0.038396860760409296,0.07600061153712886,0.7762863693633771,0.0011456312039596827,0.028324436672090152,0.07713138368677959
TCGA-AG-3725-11,0.054090925179107414,0.14663853966425064,0.07481601846586992,0.2589837893952176,0.2593312243451521,0.2061395029504022,0.0
TCGA-AG-4021-01,0.0005448168284218306,0.022770838857066624,0.11556486086214783,0.4448088374411676,0.14496085163853684,0.15386243610891367,0.11748735826374555
TCGA-CL-5917-01,0.0,0.09029907515671011,0.07913710838581169,0.5536121787850616,0.13448540061368391,0.06637572272272801,0.07609051433600447
TCGA-AF-6136-01,0.052154424461308566,0.09582797713482187,0.2771596031021402,0.3679591226572877,0.04176348405900394,0.07949831153731639,0.0856370770481212
TCGA-AG-3742-01,0.0,0.04866596928631164,0.20249483152777856,0.4233603349944715,0.11577577764603873,0.0843639247237474,0.12533916182165217
TCGA-DC-6155-01,0.029269425959581884,0.04482645704426227,0.27596756086126134,0.5498403208746424,0.03586516134302139,0.04638900232087126,0.017842071596359498
TCGA-F5-6814-01,0.007539629019261209,0.22086862821265585,0.14806767675416144,0.3151233968846009,0.0,0.18520096393401744,0.12319970519530309
TCGA-F5-6702-01,0.0027198586693262215,0.0400145282795822,0.10509049731759103,0.15295332101552955,0.5321829304365802,0.1021205551114539,0.0649183091699369
TCGA-CI-6623-01,0.0028452940730941964,0.0741457349719615,0.24010317080315235,0.45155691001890386,0.09027210502086537,0.0753409561516622,0.06573582896036034
TCGA-AF-A56N-01,0.00482722502948312,0.09778999271929005,0.1643095389496364,0.36487054855050033,0.1590202328986059,0.05660003930456067,0.1525824225479236
TCGA-G5-6641-01,0.010238511448427301,0.03172324503393912,0.11422818919007992,0.8129552311404465,0.0,0.010612554332448098,0.02024226885465912
TCGA-AF-2690-01,0.05764089966128514,0.19386977264820165,0.18860441950119156,0.06687039525822362,0.2022323653001026,0.25743184433839733,0.03335030329259804
TCGA-F5-6861-01,0.002499601854680707,0.08254490329309061,0.1480282790191389,0.5177546858609078,0.05423044011294038,0.07421190140479585,0.1207301884544457
TCGA-AH-6549-01,0.01459349710438236,0.056863226977824054,0.2135912562682749,0.3705533980003016,0.04392421472060935,0.12749640113879715,0.1729780057898106
TCGA-EI-6510-01,0.09551838199716366,0.227231170102539,0.12322801116152694,0.48641399398016183,0.0,0.04044305670973603,0.027165386048872545
TCGA-AF-6655-01,0.0,0.039465547189398,0.18815798250290153,0.236404443393181,0.40356601478666654,0.05467809485239874,0.07772791727545413
TCGA-AH-6644-01,0.017363342951664414,0.11658089801769286,0.20372339191006128,0.22433947109108737,0.20334816072901665,0.10188346289778495,0.1327612724026924
TCGA-DY-A1DG-01,0.0008733049549292533,0.06702995614862844,0.053325016859661824,0.8006476549694971,0.0,0.04788330913875976,0.03024075792852378
TCGA-DC-6158-01,0.011180968929879454,0.10686157320178576,0.13834655923367148,0.14570152548233573,0.33120977609178476,0.16491123478844963,0.10178836227209324
TCGA-CL-4957-01,0.010503549077688589,0.12934089149600297,0.2145940967248842,0.39619862494284525,0.07585562776844165,0.047652730934819074,0.1258544790553183
TCGA-CL-5918-01,0.0,0.12750340795082482,0.14319610901094762,0.627168058015648,0.009490566058915526,0.029697219030964898,0.062944639932699
TCGA-CI-6621-01,0.004588032264915438,0.15169052080759152,0.2779380709132825,0.24712855986156293,0.07822240465790238,0.1350588714784843,0.10537354001626083
TCGA-AG-3742-11,0.06343732830194031,0.12298718589292783,0.10611186794902534,0.16784299456655064,0.23862452519900432,0.20898601663459548,0.09201008145595618
TCGA-DC-4749-01,0.01653003594466912,0.12338281477161597,0.0609127274538568,0.5446716947042948,0.1643802924688945,0.06227469705035723,0.027847737606311446
TCGA-DC-6683-01,0.02210700594669859,0.04803667492696988,0.0610684333783371,0.5509873400570227,0.13150024193758428,0.13519073595041203,0.051109567802975264
TCGA-DC-4745-01,0.011927947480766905,0.09979730967702163,0.15178221482448367,0.4862240583015553,0.041342018159930806,0.09021543433688546,0.11871101721935638
TCGA-CI-6619-01,0.018353721402063428,0.1372027135308022,0.3589635022381381,0.28088508280044866,0.0,0.09024413560303216,0.1143508444255153
TCGA-DY-A1DE-01,0.006447213882219568,0.10260286547667388,0.12625791066004458,0.5062509319826093,0.030117640511129997,0.13771983402624943,0.09060360346107309
TCGA-EI-6885-01,0.005284922012867788,0.11554634060543305,0.2246134209071817,0.25147869008510126,0.15908439984135206,0.15361198785333965,0.09038023869472435
TCGA-G5-6233-01,0.005085165839119542,0.03619438550656698,0.20664947417323157,0.5839307832342812,0.024674226911484066,0.08113501756418605,0.06233094677113072
TCGA-AG-3732-11,0.04521862075663481,0.062117266858450974,0.20731565595250356,0.08939945427158195,0.2739458506123338,0.12492662707858673,0.1970765244699081
TCGA-AG-3731-11,0.14268226054969305,0.13516815726957299,0.144106787939322,0.20341603339744302,0.18214369909427264,0.19248306174969623,0.0
TCGA-DC-6157-01,0.008537589383404187,0.09292989990021767,0.1571908334279722,0.5040070266956389,0.06271810645197123,0.0696006870737185,0.10501585706707743
TCGA-DY-A1DF-01,0.0,0.006729991150178627,0.2226941641517691,0.5018215071029333,0.0,0.05646494093885147,0.21228939665626767
TCGA-F5-6813-01,0.06312249499194578,0.18636046880693607,0.13095279790047104,0.3257237472133856,0.07710955225213974,0.10867073714523791,0.10806020168988383
TCGA-AF-4110-01,0.11912494324339643,0.18327290737831753,0.20643140935347667,0.22117316755181374,0.09876718910157439,0.12329906196848324,0.04793132140293818
TCGA-EI-6514-01,0.0008244397942341504,0.04337343046016521,0.14716639061193887,0.48728160711203705,0.0,0.11952721244830253,0.20182691957332222
TCGA-EI-6513-01,0.0061914532815726285,0.1610188984754612,0.14014830618942847,0.41758279108746876,0.10712840831488118,0.10554191384404475,0.062388228807142954
TCGA-AF-2689-11,0.22149700445913162,0.15345114024358922,0.15431950732204788,0.24998107193254365,0.08118963313714438,0.0804837398844464,0.059077903021096834
TCGA-AF-2687-01,0.010402605494132078,0.1053941660358824,0.1378578213380516,0.1581950240148416,0.280694379240283,0.24610412747319607,0.06135187640361329
TCGA-DY-A1DD-01,0.001052987646167559,0.10776413299555514,0.15525000157964325,0.4543079948173126,0.0,0.08640512265073255,0.1952197603105889
TCGA-F5-6863-01,0.0,0.052089279558297716,0.20642761245594113,0.4542874338893071,0.0,0.016713254939766282,0.27048241915668775
TCGA-F5-6810-01,0.0001742571395852457,0.06761677015491846,0.25183291623129395,0.28422003545516455,0.13813993517682177,0.056568368664350166,0.20144771717786572
TCGA-AG-3591-01,0.021293683466730485,0.14948974405411022,0.10735558984855602,0.5238034786892511,0.0,0.1175253576527011,0.08053214628865112
TCGA-EI-6917-01,0.006969978767811582,0.1150986912063724,0.1080852339808912,0.2649624940722585,0.10413633570869674,0.31916387550504566,0.08158339075892382
TCGA-AF-2691-11,0.161559575137967,0.0965428452360368,0.12838169596602625,0.3739951791367925,0.08537476909637078,0.11067115702430141,0.043474778402505326
TCGA-EI-6883-01,0.03943132890046533,0.16848492414665597,0.08098328222861184,0.4723180950688679,0.05802619507092323,0.134108710533399,0.046647464051076684
TCGA-AG-4022-01,0.046018100634000726,0.11826151348769375,0.10092118443324077,0.31279567872579844,0.19813135629082815,0.18461323762002285,0.039258928808415375
TCGA-AG-3732-01,0.29880609451912055,0.24664111191864763,0.08419055408902011,0.2523422185245194,0.01051934878184355,0.06729932219017017,0.04020134997667868
TCGA-CI-6620-01,0.02847756319732511,0.057874865543092596,0.30897001024220344,0.38394468536238,0.0013224910738228104,0.054000075431046325,0.16541030915012955
TCGA-AG-3725-01,0.013444178578138847,0.1415798383269578,0.06994482714046174,0.6596999220839174,0.002535717994232713,0.07011574795081246,0.04267976792547914
TCGA-AH-6643-01,0.0,0.02646180066459571,0.28518207467268203,0.4233010451983465,0.017356300595500817,0.07067439048979843,0.17702438837907647
TCGA-DY-A0XA-01,0.013113402842031956,0.14450770028560592,0.07356889784700571,0.48896098677992,0.17620777123977677,0.0734790999347419,0.03016214107091776
TCGA-AF-3400-11,0.02221180245826189,0.06931629545323287,0.13775028863564015,0.6516418542213286,0.05607928294574557,0.06300047628579089,0.0
TCGA-EI-6506-01,0.042509325967987,0.1198547831093072,0.1968719388621591,0.4038784897611909,0.0,0.14078598769674208,0.0960994746026138
TCGA-AF-2692-11,0.04768238283710395,0.11574326375241226,0.23592432839190258,0.22252851471426618,0.16038497375419472,0.1136546467732498,0.10408188977687055
TCGA-AF-A56K-01,0.015012775308448183,0.09177025402817292,0.3093693309638267,0.2456196222853808,0.08738031805580794,0.0923431806800671,0.15850451867829654
TCGA-DC-6154-01,0.0025673443855340258,0.03585831324679386,0.12817860303890777,0.5745892794490892,0.015078589710243163,0.10270463838426548,0.14102323178516643
TCGA-AG-3592-01,0.020273510288971935,0.13194765202745723,0.19916389170915907,0.3923097169056014,0.04445001946405752,0.10764747670784885,0.10420773289690406
