,Epi,Endo,Fibro,Peri,SmoothMuscle,Macro,Mono,DC,TCD4,TCD8,Tgd,NK,B,Plasma,Mast,Granulo
APOH,0.001846854375813297,0.0,0.0004360728666671201,0.0,0.0,4.3112196984458994e-05,0.0,0.00020201274587759922,7.733935483826658e-05,4.02614532094209e-05,0.0,0.0,2.669994480196303e-05,1.8028338630690272e-05,0.0,0.0
APP,0.7464600997612402,1.5499726035382786,1.1397850312845967,0.9237601295901455,0.7118070905442562,0.3161109008947727,0.2321039036662746,0.3216739340811252,0.06071616833868206,0.0371999092396245,0.021279100045325343,0.0241643059955944,0.06860801081302192,0.03609221077448901,0.007688841329720778,0.02053496051298344
CCND2,0.4212768850840079,0.1934352952317984,0.37944632241749304,0.5206691753421099,0.16163534724460776,0.1592414597313963,0.12225994364668566,0.23183327307830134,0.38692841829363045,0.4870499113772389,0.5831815529352593,0.39820465658473575,0.05606000334009263,0.13571880057489716,0.11187852566581738,0.13823637276001233
COL3A1,0.007251056614744835,0.1846933604965795,3.057869527585215,2.5137045014549195,0.3521313891792218,0.016140187269569065,0.009744328568183084,0.006965805123962335,0.006482775002582544,0.007558308437725304,0.003299860751506159,0.013673565403889578,0.004658940780848539,0.00420013134913651,0.0045193390689618985,0.018868768292059707
COL5A2,0.0033735924546128716,0.1636889960862698,1.087335383120515,1.245608639004418,0.10541805511362236,0.002879485190705399,0.00191133746657276,0.001750948379134772,0.0016952681732184235,0.0016991971974257,0.0007953291719734085,0.0006640636160842949,0.0009724179817435381,0.0011836264417490238,0.0012412331614120597,0.0
CXCL6,0.0014876742015872526,5.80197593954731e-05,0.17621614695126464,0.0058330524671709625,0.0,0.014759144305649386,0.020332923428353643,0.0014148787540932772,0.0009181212505253985,0.0002973367215385318,0.0004179311441108921,0.0003684777207165033,0.00014993018418240384,9.98996181381649e-05,0.0,0.012731128697554984
FGFR1,0.007981741551032168,0.23919365657892983,0.6374294890481388,0.1165061917233545,0.26128902523951436,0.031358158623344325,0.015197952520220258,0.005350074970870965,0.021017281155935524,0.006514758854991187,0.0035685271898659105,0.016597568353858342,0.006049164754511716,0.0027238393497560367,0.015344359086464733,0.0026015868082025916
FSTL1,0.007154180397703192,0.8114182466162629,1.4324247223991304,1.0443430364654476,0.2090484760116777,0.004207381095023282,0.002976268576765466,0.009813202845762696,0.0019774630444255666,0.001756383718599154,0.00151894838486543,0.0010099938518614232,0.0014155415985111863,0.0017470979485716023,0.001757613140172125,0.003972451698171813
ITGAV,0.1193648991883334,0.35557314522875116,0.4397845488940318,0.5693182017495342,0.24177411002269122,0.329417902479887,0.21563183071308065,0.04806555338719556,0.02498909462700832,0.028173357243875773,0.023368545954060786,0.014333334523141774,0.008021122918772208,0.013215225563769124,0.07079060270809998,0.00922511377441173
JAG1,0.15025846387669087,0.4876430415254464,0.14624456316229942,0.8788863604449397,0.6272118822090824,0.04391605984396975,0.06196269065274362,0.01846604718696262,0.00537391439484823,0.005439632205301035,0.00591266323557272,0.013831494783708567,0.002447670036215454,0.003980002507427191,0.015284179762726804,0.012384214559789617
JAG2,0.03418145144955242,0.37720233002531917,0.0028506381498692537,0.004860506309886877,0.002145430831143055,0.0040374693912365,0.0033484586415033226,0.004522801196837275,0.008177924302604906,0.0176858303545281,0.025452479859247007,0.01627083288273273,0.0010887290583851265,0.001590105803346677,0.004859186813448786,0.0023864416415968004
KCNJ8,0.0005323924293173721,0.03995644555219799,0.03759495489733848,0.762411731834511,0.07072474375425515,0.00018268686134644628,0.00021064121900073936,0.0001510244862274456,0.00023570546884294055,0.0,0.00015281537714618385,0.00044370785620025045,0.0,0.00016002286328409325,0.0,0.0
LPL,0.010537947970428601,0.0321705801845471,0.02699288930350006,0.32343118189207243,0.0019177468572401549,0.12241932743266246,0.0417468835010076,0.0046370421024231525,0.0008555404702596331,0.000664955350971079,0.0001429736268078915,0.0,0.0003102376293238158,0.0003655956855815574,0.00018909816035502435,0.0062320920121057164
LRPAP1,0.32850710582852755,0.40221663670445923,0.6592176028502468,0.44744849743291076,0.38143305282801687,0.5829275958080423,0.2852788926861888,0.27751391813618076,0.23696464815540078,0.2598224323612746,0.2192271133378988,0.2520756046847533,0.14839462136473391,0.31061411414902923,0.21209556751898861,0.15063112164942596
LUM,0.0064367437737593465,0.024740510859449814,3.0655577636406086,0.41809522058591003,0.026295014366453866,0.010386293277509102,0.007375608764209754,0.004196666130587067,0.004210071029726488,0.003468618699912926,0.003595967592479307,0.005482449470878798,0.0032313384621420397,0.0032930281185252364,0.018537326049273127,0.006525552499408567
MSX1,0.025701625311380382,0.13859975214409742,0.021750843740352615,0.027601921262676868,0.0006803163517035533,0.0013858812004328102,0.001082148409525148,0.001301705461854381,0.0014930206177549822,0.0008859856753841984,0.0005956795705124673,0.0015947338434681901,0.000587745806215937,0.0012234189526478642,0.0006428694518308327,0.0009164720427033012
NRP1,0.012832998366510005,0.774942471893096,0.20707267555595002,0.476459124830871,0.18819052138539719,0.6410883586756488,0.18675733369290523,0.06946062992728817,0.002950295017218379,0.0022592380070734133,0.0006111508222593672,0.002503716935498408,0.0016746528030022463,0.0017895932378251718,0.0066490912734972945,0.007125314843602255
OLR1,0.0018371565828416148,0.0052718160240845064,0.011308361773816866,0.004972405964606774,0.002687471636220184,0.39212354752046025,0.808849988047685,0.05749706905541515,0.0035700906891701126,0.005330527813005027,0.0004126714683339901,0.006058627744980679,0.0026601117987544347,0.0013220832657947208,0.0028989123364792668,1.007622522249929
PDGFA,0.12913216617837212,0.13379953122155028,0.053933512882029196,0.6678085064379895,0.29509574601990424,0.019227031322999508,0.006634194784416259,0.010660041486941286,0.022613129207825784,0.013505935436372817,0.00951487404949699,0.006912344792857986,0.0029311377091145842,0.0029963137308095756,0.009018181890174202,0.002321018439999138
PF4,0.022575461987891825,0.001969044460237122,0.0050732665441762526,0.003350747952272373,0.0,0.0018440818622176057,0.002945787022016344,0.0007294958408873067,0.00029777695003941544,0.0007021961129686126,0.0003430721645980837,0.0,0.0005512047899260332,0.00027473066777611706,0.0010088233753058036,0.0034009291233280175
PGLYRP1,9.479415406820339e-05,0.00024872438580634924,0.0,0.0,0.0,0.0,9.394394611112e-05,0.0002955270626526941,0.00025153634664734935,0.00020245898098916417,0.00022560053360765829,0.0,6.45595570642926e-05,8.292352222991321e-05,0.0,0.02510043681628895
POSTN,0.0013258554910734182,0.30308628721391373,1.0242101671123849,0.587904359473116,0.013450076551994913,0.0031430284388631394,0.0018641335411513258,0.0004080342042916506,0.0016661026111491567,0.0015021326561500457,0.001375213591976125,0.0020355549077124085,0.0009814740476163306,0.0008300696309015217,0.0,0.0
PRG2,1.8192238229191156e-05,0.00016709044947515943,0.0003841298980506448,0.0,0.0,2.6191727049864293e-05,3.639012413784057e-05,0.0,0.0,6.636456722455211e-05,0.0,0.0,0.0,5.139150222999894e-06,0.027167153047515564,0.0
PTK2,0.15702222749289074,0.36543042150039784,0.16962484173404654,0.8422768828829629,0.6104405318518702,0.02554733891726788,0.023141926587860625,0.042054604280078275,0.010232665977427412,0.005146551576538297,0.003587939206380885,0.011226889327448914,0.0875948419475908,0.003950821579507698,0.051622048898171194,0.0057145372597381455
S100A4,0.2589303172377873,0.4184569010952927,2.033149724878293,1.815339207247032,2.300277526788208,1.9108219458098425,2.8598601046829053,1.2776358667949326,2.392546966347559,2.35185277102361,1.5869725734576943,1.7531807753560305,0.3074536513451394,0.32947883545942125,2.705902304533285,0.8263811658734683
SERPINA5,0.00018306354315053135,0.005804131701430995,0.020162512624452355,0.0003238024813804447,0.0,9.933004450689023e-06,0.0,0.0,0.0,0.0,0.0,0.0,7.099127849350872e-05,5.384336466412154e-05,0.0,0.0
SLCO2A1,0.037287615000144256,0.8614185966088873,0.004075791935336531,0.0063184635873545555,0.0010116590104414702,0.0010611046756784136,0.0014999429341931152,0.0016781659029770036,0.0014789687005352138,0.0006066472352509601,0.0009990903096837984,0.0,0.0010143868208318699,0.0012085243323722219,0.0029131615211974377,0.0
SPP1,0.04095228719773068,0.17025998206067272,0.058734457081906936,0.1037113898386735,0.02910504566766804,2.0713604698339014,1.2237458692907144,0.10981055493870887,0.07062013326646877,0.08840337369415517,0.04422330714000763,0.09446001088595556,0.044880086533190956,0.01892277727626312,0.05749731689723233,0.7661698032364558
STC1,0.0023061534017563222,0.5252677194261571,0.0966736956564032,0.013545439673881693,0.0,0.0012066640018578154,0.0016772963931916155,0.0003831011512663804,0.00076404303778169,0.0007100969318730914,0.0,0.000409095526330648,0.00027665024238833627,0.0006470230259649967,0.00018889789073558988,0.0
THBD,0.0020760005772770427,0.6624431441748728,0.11121848120662191,0.059670188865475184,0.03529705146237702,0.3641729177185038,0.7267862240601509,0.1859928001079407,0.002789886056886144,0.0034175623434463415,0.0014250568655563916,0.004152787291915344,0.001184390356870205,0.002161090446443183,0.0006837527025960852,0.17080496994480568
TIMP1,0.6151682974180839,1.361334730330403,2.814401344345114,2.7360676083722035,0.9468157785519599,1.1745566408179529,2.730914454310404,0.919858496202264,0.2510618556653082,0.1068211138139721,0.20499693685984766,0.22874504320189165,0.048813034277055065,0.4879222264485807,1.5928879960718387,0.35952812549307156
TNFRSF21,0.1916389310356028,0.029955213378294654,0.12832229486014643,0.1388963890494033,0.00974826497618828,0.26298669199962227,0.06838315894451232,0.1341230387406487,0.004221351945320998,0.0032023138137441103,0.005122319365819257,0.003054034023242841,0.004064150859198904,0.0031370870469970115,0.07934484821973746,0.0025317111492373177
VAV2,0.059980651078595966,0.04393507238943892,0.048200422630249755,0.05515752986320191,0.02394058876607179,0.02867632655417371,0.02501784961135733,0.03864315547580541,0.005401922753922143,0.010904020529254748,0.010555292190916757,0.005042237415370956,0.034911569377942334,0.008243862443333664,0.0010855277300021934,0.005857422696762013
VCAN,0.005590793983207296,0.07093897696047423,1.282468288569836,0.2890791973977626,0.02253843166181715,0.2065533194062283,1.5805066888233419,0.04345054618457364,0.003858906799742075,0.004726141973133944,0.0017595858282395155,0.004585593839720271,0.0013753973781247993,0.0027866018660085527,0.002718578204015374,0.002417744205693626
VEGFA,0.29630530761335055,0.0349207196942125,0.2889951427264802,0.09825983697869652,0.08029686033321418,0.2742504082229137,0.9473812338251435,0.14166841813598208,0.013596693568045107,0.015234581352572753,0.011642430511388285,0.019181192369676348,0.0083918358011497,0.027609625723928676,0.2011776527937603,1.0024646363472278
VTN,0.002264918940336691,0.0003828397191933543,0.006220050322036092,0.005162340547434891,0.004491492475903049,0.010365769272049003,0.0006799089536761966,0.014218907135611084,5.440194580822655e-05,8.093506764373005e-05,0.0,0.0,0.0,5.843522834254775e-05,0.0,0.0
VSIG4,0.0012627944922852092,0.002330826728129663,0.0017433940211742834,0.0014993782202888518,0.0,0.7084131266038042,0.17271944575361992,0.12596830744880516,0.0017212071179676775,0.001692125316733463,0.0016220970867471178,0.0026766366099369417,0.001455249624295797,0.0013357633917241481,0.0022994767055916276,0.001407160954039195
CXCL10,0.01765031758195832,0.025480213496130572,0.05496648182776312,0.05089890536312911,0.008342418216894626,0.3374854476189754,0.23316682366663177,0.099658186099959,0.006437922113819087,0.0097655725910241,0.004088957387832729,0.004472467192767766,0.004512927014616326,0.004833765177495093,0.00539541235505135,0.009523846099054855
CXCL13,0.004673818605614027,0.0033285805038417216,0.026068725300565664,0.002138631835790433,0.0011175877301747962,0.03296893978104436,0.03551159430991725,0.04309005051488827,0.3456146411688319,1.2706295079540213,0.11626821976765805,0.012624137774979269,0.008253319681738496,0.012489346869487971,0.010026278434707317,0.006226479135773477
MEIS2,0.021528341769471254,0.21920918503455908,0.22863873003794175,0.1854296583782705,0.1270039012412604,0.0010479997394944752,0.0007489223732878901,0.0008809653482745524,0.0002780667722272211,0.0005612399139588931,0.0008419448536849303,0.0008303538985615066,0.002618241299124219,0.0031716560485636476,0.18957102959135358,0.00108180517972204
ZNF532,0.009926428751533484,0.15084734921657494,0.13134922773350427,0.2089215107435383,0.09119754366418097,0.03534342635919895,0.014911664371774899,0.026384397449731496,0.005388736048936842,0.004742406733999262,0.0013683058817797163,0.004180459647055192,0.038120510925326034,0.016711309800709097,0.0016966224614285166,0.0017830514463720133
FLT1,0.003992703483471768,1.0829166547333808,0.029995206578483282,0.07279443951049723,0.00565386310551552,0.04804774180968648,0.18796020452750087,0.03986249216033249,0.007069405438039445,0.007448474634179359,0.0030285833270459845,0.005143430792870818,0.005428622201853158,0.001880901680914975,0.001244157555343107,0.09630064967529135
KDR,0.0005268209168252674,0.6913879018476673,0.0035211972789145835,0.005198498943631361,0.0,0.000535729214726132,0.00044079697694174254,0.0007289839739053642,0.000550559963678779,5.152018511798421e-05,0.0006243285477288812,0.0010908924327553864,0.0004221939280115784,0.0004101297156192624,0.00043759817592158295,0.0
NOTCH4,0.006459963686284544,0.7972917615794192,0.016548460632655426,0.049891095480422906,0.017543855561443233,0.015613032445635118,0.013952895418770407,0.07664271446334267,0.0032865402650084875,0.002763960491911084,0.0033836638033052724,0.00443925555919955,0.019166101182692897,0.0038135728909704605,0.008404831775167784,0.002547891297363031
PDGFRB,0.0024061677826598235,0.11818229614338832,0.5763032471966297,1.793781807365724,1.0388991348082965,0.003617569670240536,0.003154904703743173,0.01897625568800652,0.001324403196569339,0.013904154291574938,0.02424119804662604,0.04214430345600739,0.0019478519488186302,0.0010589744498073284,0.0005805854729804733,0.0
CXCR3,0.014964750361859906,0.001191804026980038,0.0008734968676254446,0.0010226029955987864,0.0,0.006862746763564772,0.005611446381555041,0.2737068315870822,0.1627438112691738,0.28027754401294425,0.1670444436358253,0.1493834182142555,0.02070455572023134,0.021794263042980426,0.002683354600569523,0.0
CXCR5,0.0004217767851513577,0.0009145210972329891,0.001687135976082521,0.0015763121731732605,0.0012789878984149272,0.0011943375610633192,0.001823548957043077,0.003973062343697198,0.026446701226733458,0.008960875921690953,0.0026210307786685683,0.0015933593800112424,0.1584163965027112,0.0028077156603236713,0.002402855028629129,0.0006233484030229239
NOTCH1,0.09754289751185191,0.37719728410812414,0.07537947266241031,0.20274810226288664,0.0339099468131432,0.07900175548202375,0.06915392644121555,0.03606321815630495,0.044315053290747496,0.07976145967921415,0.06835076127935118,0.10180723050835751,0.032507841694872336,0.010958708111267753,0.018085713144510022,0.08367219185078209
NOTCH2,0.07558082673767955,0.01353126397560831,0.22784719488128072,0.1805077966176803,0.149123893361949,0.1481726808996433,0.23361289098861404,0.15983825543082109,0.06045687974918812,0.06283658599822729,0.04196064253077062,0.05678770956479112,0.05972160003269662,0.029241695233467386,0.07567020873804008,0.11889442895224016
NOTCH3,0.0036538413558005263,0.11042354518648742,0.13766724255317506,1.7388919545725876,1.4227515613317405,0.006705402517464717,0.006851091565208437,0.005767475850830701,0.0014128958192998534,0.0010779541176607565,0.000776787167308635,0.002741647502479939,0.0009090833586285523,0.000712483873381281,0.001335266754172293,0.0010850016580171724
