,BCL3,CXCL10,CXCL13,E2F1,FOSL1,IKBKB,IRF1,IRF3,IRF7,MEIS2,MYC,NFKB1,RELA,SMAD2,SMAD3,STAT1,TFAP2A,UBTF,VSIG4,ZNF532
TCGA-CA-5256-01,9.152,8.685,6.61,9.131,6.751,9.405,10.92,10.16,7.351,3.319,13.17,9.519,10.33,8.649,9.039,11.27,1.638,10.77,6.155,6.737
TCGA-AZ-6599-01,11.3,4.754,4.807,8.426,7.088,9.678,10.01,10.35,9.158,5.135,11.7,10.87,11.34,11.03,9.634,11.08,8.241,11.61,3.194,6.236
TCGA-AA-3655-01,10.47,8.588,5.7,9.48,9.213,9.409,11.26,10.51,9.2,6.606,12.17,11.04,11.16,9.897,10.4,12.66,5.8,11.11,6.787,8.383
TCGA-A6-6137-01,10.55,7.243,3.068,8.856,7.47,10.32,10.79,10.02,8.555,4.888,13.52,10.95,11.24,10.21,10.45,11.67,4.413,11.65,6.951,8.29
TCGA-CK-4952-01,10.9,6.674,3.591,9.605,8.329,9.981,10.8,10.0,7.74,6.753,12.44,11.36,10.86,10.78,10.05,11.03,9.432,11.57,6.736,6.98
TCGA-A6-5657-01,10.58,9.466,9.382,9.411,9.14,10.24,10.74,11.03,8.96,7.128,12.91,10.99,11.29,9.672,10.28,11.99,8.15,11.45,6.461,9.483
TCGA-AD-6963-01,9.771,8.573,7.679,10.38,10.31,10.04,11.9,10.86,8.142,3.527,13.52,10.52,10.93,9.895,9.582,13.44,6.277,11.42,6.688,7.639
TCGA-AA-3663-11,10.34,5.676,7.933,7.73,3.478,9.333,10.75,9.943,8.507,9.146,10.92,10.83,11.03,10.63,10.5,11.0,4.529,11.47,9.967,9.457
TCGA-A6-6138-01,9.961,11.44,8.694,9.664,6.398,9.325,12.37,10.45,8.507,5.4,12.61,11.35,11.18,10.77,9.837,13.79,5.936,11.31,8.899,8.5
TCGA-A6-A567-01,9.564,6.406,4.133,8.943,8.162,10.9,10.44,10.53,7.238,5.135,11.92,9.754,11.25,10.24,9.866,11.89,3.853,11.25,6.37,9.275
TCGA-AA-3712-11,10.38,5.499,7.011,7.568,3.622,9.934,10.64,10.1,8.548,6.288,10.77,10.72,10.78,10.51,10.71,10.87,4.082,11.22,9.745,8.52
TCGA-D5-6928-01,10.4,12.16,10.96,9.026,6.519,10.52,13.65,11.27,10.3,7.836,11.85,10.97,11.12,10.83,10.73,14.1,6.955,11.5,9.191,9.927
TCGA-AZ-6598-01,10.21,8.792,7.754,8.99,8.389,9.863,11.07,9.744,9.069,7.198,12.59,10.27,11.16,10.56,9.825,11.14,9.098,11.48,8.059,8.453
TCGA-D5-6931-01,10.33,8.345,7.356,8.95,9.708,9.574,11.34,10.56,8.307,5.056,12.24,10.67,11.02,10.51,9.859,12.49,8.347,11.36,7.544,10.65
TCGA-G4-6295-01,10.07,9.145,8.716,10.41,9.624,10.7,11.8,10.06,9.342,3.606,13.89,9.728,11.32,10.08,10.52,13.18,6.767,11.8,6.954,9.509
TCGA-AA-A01X-01,8.981,4.905,6.113,8.768,6.569,9.8,9.991,10.13,8.45,4.739,12.02,10.12,11.14,10.35,9.879,11.71,2.618,11.44,6.152,8.944
TCGA-AZ-4313-01,10.18,8.719,5.261,9.978,9.163,8.76,11.11,10.36,7.379,3.969,11.54,10.18,10.89,10.71,9.436,11.17,8.026,10.39,4.094,7.08
TCGA-DM-A0XD-01,10.55,6.716,4.332,9.811,10.3,9.211,10.75,10.61,8.75,5.244,12.43,9.779,10.94,9.607,9.763,11.72,5.279,11.39,5.561,9.458
TCGA-D5-6535-01,10.74,8.677,6.201,9.282,8.446,9.28,11.6,10.36,8.492,6.577,12.64,10.61,11.22,10.91,10.18,12.49,4.25,11.47,6.802,8.15
TCGA-AA-3509-01,9.837,8.819,5.895,8.939,7.029,10.15,10.26,10.03,8.764,3.455,13.35,10.47,11.22,9.756,9.733,12.05,4.054,10.99,7.634,8.556
TCGA-DM-A28E-01,9.972,6.949,1.885,9.799,6.37,10.1,10.62,10.42,8.469,3.11,11.96,10.78,11.06,9.864,10.72,11.28,5.116,11.41,4.406,6.673
TCGA-A6-5667-11,10.73,5.037,8.365,7.785,7.504,9.887,10.28,10.25,8.786,6.938,11.4,10.83,11.07,10.31,10.52,10.92,1.945,11.61,8.355,8.493
TCGA-G4-6307-01,9.865,5.126,5.866,10.15,8.101,9.422,10.17,10.81,8.979,3.279,12.71,10.01,11.6,9.494,9.494,10.16,1.486,12.0,2.927,7.279
TCGA-A6-2682-01,10.97,6.588,3.037,8.812,8.698,9.53,10.16,10.33,8.655,6.201,12.46,10.53,11.38,9.777,10.02,10.72,7.678,10.7,8.156,8.962
TCGA-CM-5868-01,9.703,7.985,3.681,9.532,8.341,9.066,10.19,10.57,9.632,5.867,12.34,9.96,11.11,10.07,9.479,11.43,4.665,11.35,6.226,8.966
TCGA-CK-4947-01,9.524,8.725,7.147,8.336,7.683,9.434,11.0,9.814,8.203,6.397,12.92,10.8,10.82,10.71,9.905,12.5,4.974,11.24,7.259,8.413
TCGA-D5-5540-01,8.087,10.25,8.434,9.929,5.88,8.288,10.17,10.07,7.131,3.863,12.6,9.425,10.53,9.835,9.6,11.65,2.958,10.53,7.079,8.23
TCGA-A6-4105-01,10.54,10.55,8.163,10.33,8.075,9.432,11.6,10.78,8.834,5.665,13.33,10.84,11.29,9.973,10.37,12.59,4.121,11.46,9.062,8.556
TCGA-A6-6651-01,10.19,8.174,9.42,9.63,7.685,9.694,10.57,10.31,8.546,9.075,12.46,10.68,11.26,10.51,10.56,12.35,4.115,11.82,9.848,10.25
TCGA-G4-6625-01,10.55,10.37,9.127,9.943,7.399,9.654,12.24,10.54,8.952,6.128,12.74,10.66,11.05,10.17,10.07,13.2,6.061,11.53,8.673,8.472
TCGA-CM-5860-01,10.69,10.48,6.392,9.212,7.71,9.523,11.66,10.74,8.59,6.114,12.56,10.59,10.92,10.36,9.97,12.27,7.289,10.95,7.626,9.198
TCGA-DM-A28G-01,9.645,5.448,2.978,8.78,6.477,9.512,9.591,10.21,7.427,4.902,12.18,10.07,10.92,10.73,9.821,10.97,7.68,11.31,5.354,8.863
TCGA-A6-5666-01,9.116,7.004,2.607,9.182,8.552,9.59,10.05,10.07,6.581,3.417,13.36,10.35,10.86,9.701,10.0,11.37,6.103,11.46,6.038,8.387
TCGA-A6-2675-11,10.09,4.907,3.73,7.332,5.01,9.351,10.74,9.582,8.541,10.05,10.19,10.83,11.16,10.83,11.17,11.06,4.577,11.73,7.843,10.16
TCGA-AA-3516-11,10.25,7.823,8.554,6.661,3.924,9.148,12.58,9.791,9.504,8.064,9.633,10.82,10.99,10.48,11.17,12.68,3.319,11.54,9.001,8.343
TCGA-AZ-6605-01,10.14,9.306,8.313,9.238,8.946,10.07,10.99,10.33,9.466,7.258,12.63,10.58,11.12,10.15,10.14,12.32,3.933,11.55,7.94,10.05
TCGA-CA-5797-01,10.62,9.76,6.039,9.582,8.26,12.43,10.8,10.13,9.071,5.525,13.29,10.93,11.21,10.05,10.27,12.03,3.312,11.28,6.279,9.03
TCGA-D5-6930-01,10.12,10.25,9.972,9.884,7.59,9.238,12.45,10.43,9.056,7.272,12.07,11.23,11.27,10.56,9.423,12.41,7.24,11.82,6.913,8.691
TCGA-5M-AAT4-01,9.967,4.96,2.285,10.11,9.989,9.09,9.897,10.56,8.444,3.607,13.46,9.763,11.1,9.731,9.345,10.89,4.649,11.37,6.631,8.781
TCGA-AA-3685-01,10.17,11.31,8.129,10.38,8.592,9.753,12.65,10.89,8.603,4.654,13.17,9.971,11.15,10.1,9.046,12.83,4.276,10.78,8.633,7.251
TCGA-D5-6924-01,9.186,9.818,8.72,9.948,6.432,10.26,11.22,10.4,8.321,6.647,13.04,10.38,10.77,9.95,10.33,12.5,3.762,11.63,8.219,9.792
TCGA-CA-6718-01,9.385,13.8,8.618,10.06,9.446,9.601,13.11,10.72,9.803,8.248,11.27,10.45,10.97,10.64,9.658,14.84,9.058,11.18,8.746,10.55
TCGA-AZ-6603-01,10.08,10.4,5.231,9.833,6.795,9.46,11.72,10.42,8.927,6.006,13.23,10.74,11.47,9.948,10.38,12.64,3.289,11.73,8.479,9.097
TCGA-CM-5862-01,9.312,6.562,1.566,8.752,6.914,9.937,9.918,9.739,7.361,5.587,12.31,10.51,10.51,9.568,10.06,10.75,3.674,10.86,5.663,7.785
TCGA-AZ-6598-11,10.3,6.921,9.682,8.138,6.037,9.631,10.83,10.24,10.0,8.129,11.19,10.69,10.85,10.58,10.21,11.99,3.971,11.41,8.358,9.347
TCGA-AA-A01Z-01,10.65,4.831,2.718,9.848,8.882,9.712,10.21,10.65,8.439,3.442,13.54,10.36,11.25,9.419,6.2,10.64,6.503,10.77,4.543,7.639
TCGA-DM-A0X9-01,10.15,8.123,7.107,9.416,7.002,10.04,10.96,11.43,7.848,4.756,12.4,10.78,10.85,10.5,9.828,12.0,2.181,11.75,6.322,8.13
TCGA-A6-A566-01,10.4,7.683,6.673,8.719,7.399,9.558,10.05,9.951,8.837,6.923,11.25,10.51,10.71,10.58,9.684,12.29,7.425,11.09,9.702,10.63
TCGA-A6-5662-11,9.728,4.397,8.949,7.044,6.725,9.306,10.33,9.668,7.941,9.767,11.08,10.65,10.98,10.82,10.49,11.06,2.834,11.37,8.351,9.697
TCGA-D5-6534-01,10.05,10.03,8.736,7.743,8.148,10.36,12.08,10.46,8.96,8.619,10.39,10.66,11.28,10.69,11.02,13.11,4.204,11.56,10.26,10.73
TCGA-CK-6746-01,9.293,10.47,6.617,9.018,8.815,10.71,13.14,10.37,9.219,7.843,12.79,10.79,11.15,10.52,9.618,14.53,7.008,11.42,9.167,8.37
TCGA-A6-5656-01,10.15,6.965,3.217,10.34,8.696,10.12,10.8,10.92,7.893,4.999,13.3,10.16,10.35,9.358,10.69,11.43,6.121,11.12,5.5,7.752
TCGA-5M-AAT6-01,9.513,9.903,9.352,9.518,9.86,9.215,11.87,10.57,9.237,6.127,13.23,10.95,11.01,10.6,9.685,13.29,9.876,11.66,9.701,9.541
TCGA-QG-A5Z1-01,10.01,5.686,2.126,9.296,8.124,10.37,9.622,10.37,8.546,6.964,13.0,10.58,11.22,9.936,7.548,10.95,5.286,11.39,7.417,8.854
TCGA-AZ-6605-11,8.955,4.79,4.972,5.643,4.044,9.443,9.802,9.295,6.907,11.39,9.451,10.58,11.36,11.1,10.18,11.42,4.723,11.9,9.146,11.35
TCGA-CK-4951-01,10.28,10.43,7.703,8.999,9.366,9.288,12.47,10.41,9.769,7.685,11.9,10.98,11.2,10.56,9.86,13.55,7.653,11.07,8.227,9.332
TCGA-CM-6680-01,11.07,9.608,5.607,8.231,6.585,9.604,11.61,10.34,9.121,6.941,12.2,10.93,11.19,10.03,9.984,12.37,7.538,11.24,7.888,9.319
TCGA-CK-5913-01,10.64,8.734,6.819,9.137,9.527,9.381,11.14,9.685,8.651,6.308,13.01,10.86,11.06,10.6,10.09,12.01,7.348,11.39,6.636,8.66
TCGA-CM-6172-01,9.499,5.264,1.916,9.275,4.214,10.43,9.977,9.819,7.642,7.292,11.4,10.44,10.29,10.16,10.16,11.38,5.795,11.52,6.396,8.564
TCGA-G4-6309-01,10.4,7.223,6.143,9.576,10.13,9.554,10.2,10.46,8.687,3.484,12.27,10.85,11.09,10.6,9.963,11.17,5.081,11.28,5.731,7.674
TCGA-F4-6461-01,9.651,7.513,9.203,8.629,5.738,9.675,11.06,10.04,8.603,7.226,11.27,10.78,11.1,10.93,10.24,12.36,8.389,11.5,7.594,9.029
TCGA-G4-6299-01,9.023,8.713,8.748,8.804,9.684,9.26,10.72,10.13,9.867,8.484,12.61,10.39,11.12,10.25,10.87,13.85,6.926,11.16,9.086,9.911
TCGA-CM-6168-01,9.674,9.27,7.506,8.483,9.081,10.2,10.37,9.796,8.666,7.593,12.47,11.04,10.93,10.73,10.09,12.08,7.809,11.33,8.742,10.32
TCGA-AD-A5EK-01,10.43,6.625,1.88,9.801,6.748,10.05,10.84,10.55,8.879,5.225,13.14,10.89,10.87,9.418,10.48,11.83,9.033,11.35,5.752,7.97
TCGA-AM-5820-01,9.479,6.971,2.372,8.839,8.127,9.196,9.691,9.692,7.898,6.211,13.23,11.12,10.94,7.407,6.927,11.21,3.225,11.11,7.624,8.448
TCGA-A6-2682-11,10.67,6.196,8.814,7.618,6.854,9.523,10.97,9.981,9.024,5.785,11.19,11.12,11.18,10.51,10.44,11.07,3.524,11.5,8.923,7.805
TCGA-A6-6648-01,9.902,8.107,2.411,9.749,8.596,9.755,10.24,9.96,7.788,4.088,13.71,11.1,11.15,10.32,10.13,11.09,1.924,11.76,5.805,8.022
TCGA-CA-6717-01,9.833,9.356,9.369,8.73,6.751,9.392,10.55,10.09,7.939,7.91,12.09,10.94,11.52,11.04,10.06,12.26,9.4,11.43,9.381,9.373
TCGA-AU-6004-01,10.13,10.66,9.551,9.03,8.585,10.3,11.82,10.2,9.869,6.911,12.58,10.76,11.14,10.63,10.61,13.15,7.83,11.2,9.257,9.389
TCGA-A6-2684-01,10.04,9.752,5.566,8.834,8.517,9.714,11.22,10.54,9.492,6.712,12.44,10.23,11.29,10.13,10.74,12.25,5.675,11.11,9.353,9.69
TCGA-AZ-6599-11,10.63,5.479,2.347,7.798,5.15,9.491,10.46,9.865,8.723,7.757,11.58,10.9,10.99,10.62,10.31,11.23,3.573,11.35,10.88,8.921
TCGA-DM-A1HB-01,11.32,4.828,5.072,9.395,9.494,9.394,10.74,10.23,9.112,8.039,11.57,10.29,10.92,11.1,10.31,11.13,9.536,10.95,5.96,7.662
TCGA-A6-2685-01,9.613,7.169,6.966,9.111,8.76,9.564,10.32,10.22,9.916,7.455,12.99,9.991,11.32,10.01,10.28,11.45,3.856,10.95,9.704,9.489
TCGA-F4-6704-11,10.54,4.177,7.848,8.641,8.416,9.284,10.37,9.912,7.999,8.604,11.51,10.99,10.91,10.67,9.889,11.23,3.859,11.3,8.578,9.538
TCGA-F4-6856-01,9.862,8.447,6.962,8.848,7.635,9.124,11.37,9.952,9.244,6.862,11.87,11.28,11.18,10.81,9.868,11.99,8.444,11.69,6.442,7.604
TCGA-AA-3492-01,10.76,9.512,6.618,9.11,7.162,9.412,12.26,10.0,9.268,4.749,12.77,10.56,11.01,10.56,9.537,12.29,6.443,10.75,8.782,8.441
TCGA-G4-6294-01,9.1,4.981,3.36,9.05,5.607,10.01,10.27,10.2,8.181,3.805,12.02,10.63,10.81,10.02,10.74,11.46,3.073,11.02,6.092,8.03
TCGA-WS-AB45-01,10.53,7.682,7.764,8.727,7.317,9.628,10.25,9.394,8.263,8.263,10.63,10.7,10.93,10.84,9.972,12.35,6.117,11.12,11.05,10.87
TCGA-CK-5916-01,9.884,10.67,7.533,8.498,9.366,8.994,11.67,9.567,9.156,7.509,12.72,10.49,10.92,11.07,9.356,13.22,6.94,11.56,7.982,9.691
TCGA-NH-A50V-01,11.0,9.28,5.634,8.396,7.905,9.99,10.72,10.91,10.12,5.686,11.49,10.57,11.44,9.906,9.5,12.24,8.429,10.74,7.353,9.198
TCGA-NH-A6GA-01,9.451,5.877,2.372,9.415,7.483,10.02,10.25,10.24,8.212,8.171,12.71,9.872,11.17,10.72,10.36,11.54,8.134,11.55,6.701,10.03
TCGA-F4-6460-01,10.24,7.303,7.482,9.382,5.451,9.617,10.75,10.32,10.08,7.927,11.32,10.25,11.48,9.851,10.46,11.61,4.011,11.45,7.313,9.271
TCGA-F4-6806-01,10.51,6.926,7.213,8.398,7.803,9.82,11.43,10.09,8.375,5.292,12.0,10.57,11.34,10.05,10.52,11.62,5.477,11.33,5.477,9.133
TCGA-G4-6304-01,9.076,9.886,6.147,9.129,7.527,9.96,11.25,11.15,9.684,2.424,13.02,10.56,10.69,10.27,9.575,12.58,8.715,11.67,6.872,7.924
TCGA-QG-A5YW-01,12.0,8.218,6.02,8.408,8.984,10.04,11.39,10.94,9.2,4.152,12.76,9.774,11.41,10.54,8.918,12.88,4.522,11.35,7.154,8.632
TCGA-AD-6965-01,8.68,5.489,5.675,9.801,7.835,9.194,10.18,11.23,9.215,6.473,13.0,10.46,10.86,9.978,10.5,11.89,5.827,11.68,6.395,8.696
TCGA-D5-6920-01,10.74,7.071,4.066,9.086,7.133,9.722,11.01,10.33,9.103,5.349,12.79,10.84,11.02,10.7,10.44,11.5,2.184,11.28,6.91,8.018
TCGA-DM-A280-01,10.22,4.634,2.61,8.396,9.016,8.727,10.36,9.743,7.85,6.379,11.31,10.1,11.02,10.9,10.36,10.91,8.253,11.16,6.086,6.874
TCGA-G4-6297-01,10.53,9.57,7.439,8.969,8.997,10.08,11.12,10.31,9.601,7.315,11.19,10.99,11.17,10.47,10.81,12.5,5.985,11.54,7.451,9.98
TCGA-G4-6302-01,10.3,8.11,7.065,8.035,7.827,9.832,11.04,9.554,9.484,9.908,11.01,10.43,11.26,11.06,10.49,12.65,7.859,11.38,9.331,10.66
TCGA-QL-A97D-01,10.98,8.638,7.492,9.722,8.74,9.798,11.63,10.83,8.103,3.175,12.22,10.45,11.1,10.11,9.475,12.42,4.875,10.74,6.466,7.302
TCGA-CA-6716-01,9.316,4.58,2.503,7.536,5.441,9.74,9.729,9.946,8.13,5.562,12.12,10.81,11.01,10.35,10.73,11.32,4.726,11.75,5.455,8.915
TCGA-AA-3518-11,10.08,6.589,7.037,6.494,2.11,9.347,11.09,9.726,8.519,7.678,10.46,10.81,11.15,10.61,10.76,11.44,3.179,11.51,8.84,8.407
TCGA-AA-3531-11,10.84,5.495,10.44,7.072,2.073,9.356,11.75,9.944,9.515,6.695,9.475,10.85,11.19,10.58,10.82,11.48,3.871,11.34,7.702,7.973
TCGA-CA-6715-01,9.514,5.232,4.58,9.931,5.892,9.883,9.786,10.18,7.291,4.17,13.01,10.61,11.28,9.516,10.83,11.39,4.014,11.49,4.199,7.753
TCGA-CM-4743-01,10.72,12.42,6.289,9.062,10.38,9.712,13.17,10.76,10.47,5.285,11.34,9.82,10.67,10.31,11.06,13.93,9.419,10.6,4.828,8.073
TCGA-A6-6654-01,10.5,10.54,8.467,9.109,8.254,9.366,10.94,10.51,9.863,8.284,12.31,10.87,11.18,10.57,10.77,12.82,5.127,11.8,9.892,10.22
TCGA-5M-AAT5-01,11.28,5.818,3.94,10.5,9.016,9.959,10.89,10.79,7.632,5.699,12.91,9.911,11.3,9.852,10.19,11.29,4.477,11.34,4.916,7.66
TCGA-G4-6627-01,11.43,9.14,8.902,8.526,10.33,9.764,11.94,10.31,9.375,7.638,12.59,10.69,11.05,10.38,10.26,12.9,5.124,10.98,7.378,9.613
TCGA-A6-5664-01,11.34,6.61,7.457,8.431,9.767,9.349,10.16,9.893,8.143,7.273,12.4,10.8,11.1,10.59,10.55,11.43,5.533,11.24,9.598,9.018
TCGA-CM-6167-01,10.05,7.884,6.884,8.751,7.155,10.18,10.38,9.939,8.092,9.589,11.52,10.61,10.9,10.9,10.2,11.79,4.753,11.56,8.005,10.68
TCGA-AA-3534-11,10.39,5.161,8.008,7.639,2.693,9.667,11.24,10.09,9.255,6.671,10.52,11.03,11.03,10.46,10.67,11.17,2.315,11.48,8.776,8.304
TCGA-AD-6548-01,10.25,10.26,7.699,9.912,10.39,9.562,12.12,10.53,8.304,5.903,13.65,10.81,11.03,10.27,10.29,12.99,5.832,11.37,7.555,9.344
TCGA-F4-6805-01,9.715,9.346,6.705,8.677,8.776,9.915,10.49,9.622,8.976,7.725,13.0,10.92,11.18,10.22,10.58,12.0,7.189,11.51,9.014,10.06
TCGA-A6-6780-01,10.64,11.91,9.381,9.119,8.066,9.6,12.57,10.94,9.922,4.114,13.04,10.77,10.93,9.822,9.136,13.8,7.393,11.3,10.37,7.507
TCGA-DM-A1HA-01,8.996,7.328,5.747,9.33,11.03,9.028,11.68,11.41,8.485,6.739,11.48,8.832,11.6,9.987,9.686,13.39,8.852,11.11,4.051,9.508
TCGA-CM-6676-01,9.646,6.847,1.838,9.912,8.009,11.25,10.05,10.46,8.262,6.344,13.82,10.14,11.36,9.817,9.841,11.01,3.498,11.77,6.049,8.669
TCGA-A6-6650-01,10.12,6.762,3.569,10.19,7.858,9.41,10.46,10.18,6.959,3.42,12.22,10.53,10.91,10.16,9.646,11.28,1.352,10.94,6.155,7.814
TCGA-AA-3713-11,9.551,8.304,6.123,7.963,7.184,9.399,10.7,9.777,8.754,5.674,10.8,10.24,10.74,10.2,9.523,11.22,2.343,10.87,10.62,7.694
TCGA-NH-A6GB-01,10.35,6.42,4.613,10.49,9.834,9.129,11.24,10.54,7.704,4.785,12.6,10.05,10.98,10.44,10.09,11.7,6.231,11.51,5.583,8.639
TCGA-A6-6652-01,10.23,4.344,1.212,9.613,8.098,9.798,10.66,10.12,7.317,4.464,13.13,10.84,11.01,10.61,10.87,11.57,4.144,11.33,5.156,7.686
TCGA-CM-6164-01,10.18,9.389,6.796,10.03,9.769,9.95,11.38,10.64,8.044,5.95,13.68,10.28,11.31,10.11,10.15,12.49,5.103,11.62,5.631,8.95
TCGA-D5-6536-01,10.76,4.848,2.116,8.788,7.041,9.37,10.71,10.71,9.964,7.077,11.29,10.71,10.56,10.53,10.08,11.08,4.573,11.19,8.83,9.12
TCGA-G4-6588-01,10.63,8.482,5.602,9.25,8.934,9.358,10.76,10.14,10.11,8.118,12.2,10.78,11.02,10.68,10.08,11.97,9.029,11.33,7.416,7.737
TCGA-4N-A93T-01,10.51,4.598,6.113,9.024,8.097,9.575,9.8,11.03,10.05,4.446,11.53,9.239,11.32,9.778,10.13,11.1,5.786,10.98,1.554,6.611
TCGA-A6-2684-11,10.93,6.279,7.814,7.293,2.786,9.372,11.48,10.15,9.093,6.105,10.76,10.75,11.1,10.5,10.8,11.11,2.679,11.34,9.202,7.53
TCGA-F4-6459-01,10.04,7.123,4.21,8.168,7.536,9.577,9.493,10.51,8.012,7.813,12.14,10.5,10.95,9.786,10.11,11.52,2.97,11.25,8.299,9.618
TCGA-T9-A92H-01,10.05,6.246,4.804,9.765,9.748,9.793,11.33,10.85,8.395,3.526,13.03,10.27,11.25,9.486,9.13,11.95,5.766,11.36,5.484,8.259
TCGA-D5-5538-01,10.08,10.17,7.68,8.855,7.758,8.899,11.28,9.975,8.455,5.341,12.44,10.97,11.33,10.14,10.65,12.83,6.866,10.9,9.465,9.589
TCGA-CK-4948-01,10.06,5.763,5.745,9.776,10.21,9.811,10.36,9.838,9.817,5.771,12.81,10.38,11.24,8.546,9.96,11.65,5.303,11.66,7.114,9.072
TCGA-AA-3506-01,11.15,8.519,6.134,9.735,7.027,9.575,11.6,10.9,8.723,6.534,12.32,10.52,11.24,10.11,10.27,11.81,5.826,11.27,8.399,8.273
TCGA-CM-6166-01,9.736,6.781,3.033,9.965,7.651,8.688,9.416,10.45,9.413,5.664,12.34,9.915,11.4,10.17,10.03,11.39,5.033,11.58,4.835,8.688
TCGA-CK-5914-01,10.04,10.24,6.135,10.28,8.415,9.626,12.12,10.48,7.108,5.644,13.38,10.73,10.85,9.92,9.547,12.97,6.481,11.45,6.223,8.488
TCGA-AY-6196-01,10.44,10.09,10.57,7.624,7.328,9.98,11.69,10.1,9.394,8.021,11.21,10.46,11.17,10.76,10.32,13.51,8.379,11.26,10.85,10.43
TCGA-F4-6809-01,10.6,8.545,8.026,9.54,8.78,9.812,10.79,10.97,9.571,7.414,12.01,10.43,11.4,9.982,9.972,11.51,4.472,11.32,8.335,9.223
TCGA-CM-6171-01,10.4,8.418,6.172,8.84,6.216,9.401,10.87,9.794,9.224,8.812,11.43,10.72,10.58,10.95,9.886,12.46,7.249,11.59,6.882,8.638
TCGA-CM-5863-01,10.37,7.491,5.933,7.938,8.139,9.672,10.32,10.03,8.5,7.924,12.35,10.56,11.18,10.87,10.76,11.54,7.57,11.34,8.66,9.202
TCGA-D5-6539-01,9.876,6.973,3.298,8.993,6.925,9.524,10.9,9.752,8.998,4.655,10.74,10.63,11.11,10.26,10.22,11.68,5.964,11.19,7.466,8.132
TCGA-A6-5665-11,10.63,5.869,9.116,7.263,5.611,9.411,11.06,9.864,9.2,6.706,10.16,10.71,10.89,10.52,11.09,11.29,3.313,11.33,8.711,8.348
TCGA-NH-A8F7-01,8.918,3.715,0.9508,10.32,6.425,10.29,10.45,10.48,7.408,3.493,13.09,10.43,11.15,10.3,10.45,11.13,3.081,11.72,5.26,7.727
TCGA-D5-5541-01,9.052,9.676,6.524,9.933,8.543,10.84,11.06,9.949,7.984,5.359,14.0,10.64,11.37,9.664,10.54,12.57,5.347,11.81,8.84,8.568
TCGA-F4-6808-01,10.05,5.648,2.909,10.06,9.406,9.387,10.26,10.04,8.098,4.275,11.47,10.55,11.2,9.962,9.83,10.65,3.305,11.74,3.927,8.11
TCGA-A6-2680-11,11.44,4.892,6.37,6.885,5.818,9.257,11.6,10.1,9.06,7.978,9.49,10.11,10.92,10.61,11.13,11.04,3.288,11.04,8.725,7.978
TCGA-AA-3511-11,9.57,5.388,10.68,8.482,3.282,9.759,10.42,9.953,8.474,6.263,10.45,11.0,11.0,10.58,10.54,11.24,3.588,11.8,8.126,8.659
TCGA-DM-A285-01,9.639,5.79,1.673,9.612,7.262,10.37,9.196,10.02,8.596,6.801,11.9,9.945,11.18,9.837,9.769,11.13,6.285,11.5,6.468,9.334
TCGA-AA-3522-11,10.23,5.517,8.006,7.926,3.071,9.595,11.04,9.704,8.628,6.758,10.56,11.12,10.91,10.69,11.02,11.25,3.242,11.54,9.291,8.172
TCGA-G4-6314-01,10.53,7.565,5.831,10.03,7.435,8.815,10.2,10.64,8.273,7.726,12.68,10.33,11.3,9.954,10.53,11.55,4.812,11.88,7.61,9.968
TCGA-A6-6781-01,9.976,8.777,7.267,8.599,6.744,9.286,11.29,10.15,9.428,7.718,11.07,10.77,10.88,10.92,9.326,12.22,6.444,11.59,9.03,10.05
TCGA-F4-6807-01,10.01,9.835,8.434,8.769,7.696,9.84,11.12,10.09,8.985,7.406,12.45,10.88,11.35,10.19,9.962,12.98,6.315,11.56,8.421,9.582
TCGA-AY-A54L-01,10.15,4.836,2.135,9.532,9.898,10.01,9.939,10.19,8.13,5.307,12.11,10.13,10.89,10.01,9.983,10.51,5.562,10.96,2.606,7.703
TCGA-A6-5661-01,10.18,8.69,7.284,8.542,9.012,9.224,10.88,9.604,7.847,7.229,12.25,10.55,10.79,11.0,10.53,11.28,8.346,10.99,6.27,8.275
TCGA-DM-A288-01,9.769,3.144,0.0,8.557,7.382,10.22,9.295,10.15,7.502,7.134,11.81,9.413,10.39,5.981,8.702,10.77,5.309,11.19,4.548,7.093
TCGA-QG-A5YX-01,10.16,5.647,3.817,9.345,6.608,10.14,9.539,10.13,7.649,2.227,11.77,10.73,10.61,9.404,10.06,11.77,4.084,11.57,4.698,6.462
TCGA-A6-2679-11,10.64,8.77,7.834,7.815,4.843,9.521,12.6,10.08,9.536,6.233,10.55,10.8,11.02,10.46,10.6,13.19,4.6,11.52,9.789,8.199
TCGA-AD-A5EJ-01,10.62,6.958,5.472,9.787,8.841,9.624,10.23,10.52,9.43,4.519,11.62,10.89,11.13,10.87,10.5,11.19,8.496,11.5,6.133,8.496
TCGA-G4-6628-01,10.51,11.4,8.186,9.012,10.52,9.319,12.39,10.49,10.3,8.032,12.54,11.27,11.18,10.72,10.61,13.95,6.603,11.83,9.325,8.976
TCGA-D5-6531-01,10.23,9.944,7.506,9.68,6.553,9.1,12.37,10.17,9.504,6.018,12.4,10.6,11.95,10.85,10.58,13.74,6.844,11.65,8.359,9.163
TCGA-DM-A28M-01,10.42,6.116,1.67,9.349,7.031,9.156,10.7,9.845,7.823,3.617,12.49,10.11,10.73,10.25,9.213,11.15,7.191,10.95,3.435,6.919
TCGA-CK-6751-01,10.18,8.227,5.375,9.167,9.115,8.905,10.79,10.19,8.561,6.197,12.89,10.57,10.96,10.96,10.3,11.66,9.307,11.39,5.888,8.463
TCGA-F4-6854-01,9.849,8.627,5.796,10.37,8.131,9.562,11.45,10.33,7.911,6.339,12.37,10.6,11.22,9.876,9.389,12.0,6.147,11.37,6.624,8.606
TCGA-A6-2683-11,9.951,4.698,7.47,7.706,2.506,9.201,10.91,9.528,8.432,6.253,10.63,11.05,10.84,10.72,10.73,11.29,2.506,11.44,9.329,8.048
TCGA-A6-6142-01,10.65,8.322,4.739,9.158,8.528,9.535,10.71,10.44,9.981,6.221,12.07,10.65,11.39,10.6,10.11,11.82,4.423,11.5,7.666,9.58
TCGA-NH-A8F8-01,9.648,8.018,5.116,9.77,7.419,10.34,10.23,10.88,10.4,7.39,12.83,9.569,11.27,9.928,10.46,12.08,4.746,11.23,7.259,9.353
TCGA-AM-5821-01,10.13,12.17,9.332,8.825,12.21,9.849,12.87,10.68,9.154,6.255,11.5,10.47,11.03,10.56,10.53,13.8,6.817,10.9,8.696,9.837
TCGA-D5-5537-01,9.276,5.78,1.575,9.12,7.33,9.765,10.42,9.96,7.33,5.175,12.27,10.32,10.71,9.309,10.5,11.28,0.58,11.35,5.939,9.229
TCGA-CM-6677-01,10.11,9.14,6.53,10.08,7.099,10.11,10.79,10.75,8.24,5.821,12.75,10.29,11.26,9.994,8.912,12.36,3.862,11.38,6.53,8.419
TCGA-AD-6888-01,9.361,5.738,2.87,9.994,6.887,9.459,10.74,10.55,9.393,2.237,12.08,10.34,10.89,9.891,10.44,11.43,4.446,11.69,3.918,6.97
TCGA-AZ-4615-01,9.981,10.59,9.64,8.789,8.628,9.996,12.61,10.29,10.26,7.848,10.7,10.25,11.21,10.73,9.96,14.03,7.797,10.85,8.925,8.704
TCGA-AA-3662-01,10.02,8.257,7.44,8.925,7.885,10.29,11.14,10.38,8.404,4.477,12.52,10.08,10.68,9.382,10.46,11.97,6.237,10.92,8.565,8.984
TCGA-DM-A28C-01,9.229,4.195,2.468,8.423,5.803,9.393,8.608,9.939,8.636,3.985,11.89,10.64,10.89,10.89,10.33,11.02,4.565,11.71,4.565,8.324
TCGA-NH-A8F7-06,9.141,0.4887,0.0,9.881,7.332,8.494,9.202,10.44,7.642,3.666,12.31,10.14,10.72,9.929,10.04,11.47,3.361,11.94,4.43,8.37
TCGA-DM-A1DA-01,9.622,9.68,3.812,10.24,9.293,10.2,10.83,10.15,9.145,3.163,13.08,10.16,10.44,8.262,9.282,11.44,7.48,11.25,6.629,6.899
TCGA-F4-6569-01,9.924,7.724,6.244,8.325,7.112,9.664,10.5,9.708,8.902,7.539,12.47,10.71,11.24,10.25,10.15,11.93,9.319,11.49,9.723,10.3
TCGA-AA-3660-11,10.24,6.614,7.332,7.494,2.067,9.306,11.17,9.969,8.88,5.945,10.83,10.56,10.86,10.62,10.23,11.25,2.753,10.99,8.764,7.504
TCGA-CM-6674-01,10.21,10.32,7.818,9.023,8.692,9.084,11.75,10.16,9.416,7.436,12.6,10.99,10.89,10.81,9.643,12.67,7.261,11.19,8.007,8.547
TCGA-CK-4950-01,11.03,8.193,7.323,9.408,8.578,8.874,11.17,10.7,8.733,6.422,12.52,10.67,10.86,10.42,9.938,12.44,5.399,11.32,7.624,7.766
TCGA-DM-A1D9-01,9.91,7.883,3.214,9.308,9.151,8.937,10.34,10.35,8.081,4.161,11.76,9.612,11.12,10.06,9.302,11.71,6.14,11.19,6.127,8.476
TCGA-CA-6719-01,10.02,8.474,6.032,9.043,7.686,9.829,10.27,10.11,9.492,7.036,14.05,10.36,11.53,10.24,10.24,12.04,3.757,11.48,8.587,10.26
TCGA-CM-6675-01,9.757,7.182,4.677,10.25,7.904,9.906,10.57,10.74,8.958,6.953,9.416,10.3,11.05,10.0,10.68,12.94,8.616,11.72,5.749,8.557
TCGA-D5-6533-01,10.65,8.825,6.562,10.11,7.038,9.917,11.42,9.602,9.153,4.231,13.05,10.15,11.49,9.876,9.385,12.2,3.464,11.04,6.65,7.963
TCGA-A6-6782-01,9.742,8.582,6.328,9.772,7.864,10.06,10.73,10.3,8.49,6.666,13.02,10.48,11.21,9.876,9.653,11.82,3.738,11.34,9.156,9.272
TCGA-D5-5539-01,9.573,7.39,6.286,8.237,7.562,9.032,9.618,10.17,8.788,6.081,12.34,10.36,11.22,9.756,9.643,11.32,7.04,11.59,9.13,9.176
TCGA-CK-5912-01,8.769,5.88,4.752,9.45,6.346,10.11,9.357,9.052,7.415,4.245,12.2,10.95,10.75,10.03,10.45,11.6,1.998,11.3,4.997,9.245
TCGA-CM-4751-01,10.79,10.68,8.443,9.194,11.1,10.06,11.91,10.86,8.991,6.646,12.15,10.6,11.49,9.868,10.1,13.14,8.792,11.29,6.996,9.076
TCGA-AZ-4614-01,9.992,8.371,6.588,8.925,11.7,9.405,10.16,10.68,9.278,9.471,12.81,10.22,11.48,9.695,11.66,11.41,9.007,11.71,4.626,8.447
TCGA-A6-6140-01,10.22,6.461,3.9,11.03,7.912,9.571,11.23,10.25,8.109,2.298,13.33,10.51,11.33,9.622,10.71,11.64,2.017,11.55,4.714,7.878
TCGA-NH-A6GC-01,10.61,3.675,0.0,8.696,6.065,10.16,10.57,10.89,8.897,5.941,10.84,10.26,10.92,9.223,9.479,11.47,7.332,11.3,6.608,8.814
TCGA-AA-3495-01,10.02,8.25,5.887,10.07,8.047,10.57,11.18,10.38,8.254,4.405,13.8,10.24,11.2,9.603,10.21,11.55,5.193,11.11,7.078,7.641
TCGA-CM-4744-01,10.84,10.34,8.675,9.428,10.71,9.631,13.03,10.68,8.302,4.289,12.35,10.01,10.79,10.19,9.809,12.99,7.619,11.22,5.657,8.874
TCGA-AD-6895-01,10.46,10.08,8.533,9.367,10.41,9.871,12.88,10.89,10.26,6.995,12.54,10.41,11.39,10.68,11.0,13.31,8.854,11.28,6.378,8.791
TCGA-AD-6889-01,10.65,7.374,5.056,9.417,6.319,9.457,11.64,10.32,9.774,7.239,11.39,10.58,11.23,10.64,10.33,11.71,8.186,11.15,6.214,7.766
TCGA-AD-5900-01,9.596,9.511,9.462,9.668,9.375,9.406,12.09,10.15,10.43,8.305,12.82,10.52,11.23,10.78,10.72,12.32,7.983,11.63,8.855,9.06
TCGA-D5-6540-01,11.05,8.942,6.425,9.831,8.639,10.55,12.1,10.54,9.61,7.773,11.06,10.65,11.31,10.9,10.93,12.22,8.703,11.3,6.284,9.115
TCGA-AZ-5407-01,10.85,6.007,3.785,8.567,8.91,9.538,10.49,10.58,7.96,6.046,12.69,10.35,11.11,10.15,9.365,10.93,7.254,11.06,4.909,6.922
TCGA-A6-2685-11,10.75,7.529,5.549,8.457,5.015,9.281,11.93,9.792,9.164,6.738,11.38,10.78,11.05,10.85,10.38,12.16,3.483,11.48,8.448,7.887
TCGA-G4-6311-01,10.57,8.114,7.724,9.909,9.832,10.2,10.28,10.47,9.269,6.81,13.14,10.92,11.1,9.891,10.5,11.76,5.85,11.55,7.354,9.4
TCGA-D5-6923-01,9.92,8.094,3.712,10.26,10.03,10.71,10.85,10.22,7.878,6.746,14.11,10.69,11.26,9.821,10.32,11.43,6.588,11.43,5.88,10.22
TCGA-DM-A1D7-01,10.22,6.94,3.936,10.17,7.423,9.41,10.75,10.55,7.875,4.031,11.49,10.03,10.43,9.541,9.836,11.08,7.936,11.35,5.502,7.486
TCGA-A6-5659-11,10.44,6.087,8.745,6.923,4.865,9.285,11.09,9.708,8.396,7.233,10.86,10.77,10.63,10.65,10.68,11.37,2.77,11.14,8.137,8.224
TCGA-AY-A71X-01,9.763,5.966,0.0,8.336,6.927,10.18,9.882,10.73,8.982,5.199,12.02,10.58,10.72,10.8,10.53,10.99,5.957,11.4,2.276,7.514
TCGA-AZ-6600-11,12.13,9.144,7.601,7.841,9.755,9.409,11.43,9.815,9.644,6.731,11.25,11.03,11.46,10.73,10.03,12.38,3.794,11.42,7.762,8.304
TCGA-AA-3655-11,9.919,6.853,9.163,7.198,1.301,9.356,11.59,9.954,8.527,8.078,10.81,10.5,10.99,10.59,9.678,11.9,3.056,11.22,9.785,8.494
TCGA-CA-5254-01,10.17,6.86,3.755,9.328,8.88,10.01,10.69,10.29,8.414,8.606,10.14,11.04,11.12,9.956,10.3,11.64,2.26,11.42,6.352,9.8
TCGA-CM-5349-01,10.24,8.849,7.692,9.654,5.888,10.02,10.19,10.39,10.05,6.848,12.29,10.44,10.5,10.14,10.41,11.86,5.788,11.38,9.171,9.222
TCGA-A6-2686-11,10.21,6.144,5.473,7.608,3.288,9.206,11.23,9.625,8.83,7.263,10.11,10.9,10.85,10.68,10.89,11.29,3.288,11.4,9.119,8.215
TCGA-AZ-4682-01,10.7,6.011,2.661,9.954,10.0,9.595,10.31,10.22,7.755,5.538,13.28,10.28,11.04,9.619,9.947,10.73,5.195,10.83,6.477,7.521
TCGA-CM-5344-01,10.41,7.214,3.936,9.065,9.318,9.757,9.732,10.73,9.279,6.209,12.48,9.765,11.4,10.27,9.897,11.32,4.958,11.93,6.11,9.717
TCGA-NH-A50T-01,9.647,5.891,2.333,10.24,8.611,10.07,10.19,10.4,5.976,3.663,13.03,10.02,10.49,10.16,9.824,10.92,4.244,11.52,3.382,7.742
TCGA-AY-6386-01,10.54,7.129,5.891,8.703,7.973,9.099,10.9,9.99,8.94,3.491,11.28,10.43,11.09,10.66,10.63,11.38,8.453,10.91,6.111,7.415
TCGA-CA-5255-01,10.3,6.988,4.536,8.808,9.393,9.5,10.41,10.66,8.821,7.253,11.69,10.25,10.69,10.54,10.46,11.53,5.687,10.84,4.636,7.183
TCGA-AA-3662-11,9.496,5.958,9.232,7.096,1.058,9.712,10.52,9.881,8.471,7.786,10.55,10.48,10.94,10.55,10.14,11.17,1.058,11.17,9.546,8.528
TCGA-DM-A1DB-01,10.33,8.84,6.143,10.61,6.034,10.65,10.59,10.7,8.15,2.406,13.53,9.54,11.04,9.602,10.88,11.55,4.378,11.32,4.436,7.356
TCGA-DM-A28F-01,11.16,7.858,6.078,9.668,9.463,8.585,10.98,11.02,9.776,4.119,12.34,10.14,11.32,10.22,9.859,12.38,5.246,11.14,3.518,7.985
TCGA-AA-A02Y-01,11.36,9.419,5.783,9.212,7.894,9.184,12.01,10.04,8.172,2.148,12.02,10.61,10.95,10.55,9.66,12.1,3.794,11.03,5.525,7.663
TCGA-D5-6932-01,10.0,8.059,4.665,9.153,6.246,9.893,10.65,10.84,10.01,4.985,13.29,10.95,10.73,9.91,10.43,11.61,2.339,11.41,6.858,8.852
TCGA-AD-6899-01,9.825,9.875,6.077,9.224,6.53,10.49,11.64,10.71,9.098,7.468,12.36,10.76,11.01,9.702,10.11,12.93,5.647,11.43,8.722,9.819
TCGA-AY-6197-01,11.28,6.385,3.54,8.943,9.286,10.46,11.7,10.41,9.531,6.106,13.25,10.81,11.14,10.51,10.86,11.72,7.809,11.08,6.275,7.138
TCGA-AA-3660-01,9.788,6.218,3.812,9.646,6.87,10.59,10.3,10.08,9.36,5.624,12.94,10.48,11.18,9.83,10.2,11.26,6.291,11.3,6.482,8.854
TCGA-A6-5660-01,9.588,6.124,2.719,8.971,9.487,9.489,9.87,9.935,8.034,4.811,13.43,10.63,11.31,10.01,9.728,11.24,3.605,11.58,7.166,8.508
TCGA-D5-6541-01,8.829,10.6,7.0,7.657,7.335,9.963,11.29,10.39,9.544,6.038,12.13,10.29,11.23,9.986,9.57,13.03,3.184,11.55,8.047,10.44
TCGA-CM-4747-01,11.02,6.845,4.304,8.163,5.453,9.516,10.49,10.79,8.927,5.713,11.71,10.57,11.66,10.08,9.993,11.18,5.231,11.49,7.079,8.404
TCGA-AA-3511-01,9.972,6.963,5.269,9.479,7.554,9.776,10.4,10.44,8.98,6.097,11.94,10.3,11.09,10.1,9.748,12.01,4.306,11.57,6.973,8.621
TCGA-DM-A28H-01,9.229,5.562,4.919,10.39,5.369,9.398,8.453,10.13,5.988,4.138,13.24,10.76,10.46,9.599,9.555,10.47,4.403,11.43,5.689,7.281
TCGA-G4-6303-01,9.148,6.319,4.869,9.164,8.04,9.242,10.17,9.727,8.45,6.397,14.1,10.37,11.56,10.07,10.43,11.36,6.248,11.49,7.046,8.637
TCGA-CM-5861-01,9.916,8.655,6.713,8.301,8.155,9.578,11.39,9.648,9.39,8.032,11.01,10.5,10.78,10.61,10.57,12.28,9.375,11.16,6.387,9.144
TCGA-AA-3525-11,10.66,7.262,11.08,7.802,3.485,9.59,12.9,10.25,9.182,5.67,10.33,10.73,11.09,10.49,10.3,12.93,3.903,11.12,9.759,8.027
TCGA-CM-6161-01,8.991,6.992,5.258,8.808,6.263,9.796,10.81,10.04,6.902,7.1,13.42,10.42,10.37,10.38,10.79,12.3,2.401,11.52,6.372,8.804
TCGA-NH-A50U-01,9.715,5.409,0.7166,9.129,9.316,10.54,9.294,10.4,11.63,4.98,12.67,10.19,11.11,8.372,6.146,12.75,8.468,11.3,6.519,9.221
TCGA-AZ-6607-01,10.73,8.981,5.927,8.366,11.26,10.31,11.78,9.949,9.734,8.382,10.05,10.67,11.79,11.08,12.43,12.82,8.6,11.23,9.082,10.27
TCGA-G4-6298-01,10.0,5.195,4.764,9.582,8.376,8.562,9.773,10.74,8.56,5.081,12.71,9.714,11.17,9.878,10.76,10.97,5.057,11.53,5.544,9.997
TCGA-D5-6538-01,9.239,3.11,0.9244,8.952,5.778,10.46,8.747,9.863,6.554,7.74,12.52,10.5,10.8,10.02,9.817,10.78,7.337,12.03,5.039,7.808
TCGA-CM-6679-01,9.809,7.637,6.836,9.463,7.347,10.07,10.47,10.42,9.321,7.279,12.73,10.67,11.3,10.05,10.91,11.48,2.791,11.72,6.987,9.841
TCGA-AZ-4323-01,9.96,7.787,11.27,9.253,8.314,10.38,10.36,10.94,9.292,8.246,10.29,10.65,11.03,10.39,10.66,12.06,7.345,11.93,5.8,10.09
TCGA-G4-6322-01,11.17,7.796,5.328,9.563,4.948,9.62,11.58,10.9,8.268,6.823,11.74,10.78,10.89,10.83,9.41,12.27,7.516,10.84,4.61,7.756
TCGA-CM-5864-01,9.678,7.035,5.316,8.919,5.777,10.1,10.61,9.723,7.237,4.226,12.17,10.85,10.56,10.09,9.926,11.49,5.045,10.97,6.347,8.131
TCGA-CK-6747-01,10.45,8.553,3.24,8.697,6.418,9.307,10.86,10.05,8.715,5.772,12.83,10.85,11.27,10.81,9.988,11.88,8.729,11.58,6.559,8.284
TCGA-CM-6163-01,9.755,7.51,7.673,9.466,6.036,9.901,10.08,10.17,7.474,6.079,11.67,10.62,10.64,9.771,9.767,12.19,1.594,11.32,8.702,8.569
TCGA-AA-3713-01,10.42,9.399,7.251,9.579,9.169,10.57,12.83,9.905,8.844,4.371,12.39,10.84,11.04,10.82,10.3,13.0,9.296,11.64,8.806,7.612
TCGA-A6-A56B-01,9.849,4.825,2.191,10.51,6.802,9.755,9.406,11.15,7.418,5.637,12.98,9.964,10.7,9.979,10.29,10.42,4.885,11.39,6.246,9.502
TCGA-CM-5348-01,10.04,7.304,2.867,8.378,8.613,10.27,10.86,10.49,9.339,8.025,10.19,10.45,11.25,11.93,11.04,12.31,5.095,11.09,10.16,10.35
TCGA-AY-5543-01,10.25,8.751,7.367,9.241,8.091,9.171,12.23,10.74,9.132,3.017,12.34,10.65,11.03,9.745,9.072,12.42,6.889,10.93,5.51,8.126
TCGA-CM-6169-01,10.07,10.24,7.767,8.418,8.499,10.29,11.8,10.05,8.405,6.689,13.31,10.6,11.05,10.24,10.66,13.64,6.288,11.17,8.828,9.544
TCGA-AZ-6606-01,11.07,5.847,5.454,8.649,8.827,11.28,11.0,10.84,9.6,6.042,12.17,10.4,11.16,10.8,9.975,12.09,7.062,11.23,3.839,8.335
TCGA-RU-A8FL-01,9.45,3.729,2.787,10.42,7.933,11.37,9.271,10.65,8.131,2.584,12.29,8.87,10.71,9.728,8.817,10.72,7.498,11.31,1.71,6.121
TCGA-CM-6678-01,9.883,4.806,2.164,8.647,7.595,9.206,9.787,10.1,7.049,6.294,12.09,10.57,10.86,10.64,9.962,10.7,5.053,11.74,5.145,8.402
TCGA-A6-6649-01,10.26,7.748,6.3,8.509,8.131,10.05,10.59,10.14,8.671,8.571,11.1,10.81,10.91,10.67,11.08,12.08,8.156,11.34,8.273,10.26
TCGA-AA-3517-11,10.38,6.409,11.46,7.531,5.465,9.436,11.49,10.06,9.117,6.756,10.85,10.97,11.2,10.52,10.68,11.69,2.687,11.53,8.236,8.127
TCGA-AA-3675-01,9.6,8.047,4.866,9.305,5.658,9.409,10.44,9.966,8.159,6.431,12.67,10.75,11.05,10.78,10.51,11.23,7.865,11.13,6.56,8.28
TCGA-A6-5665-01,10.52,8.696,9.528,9.245,9.204,9.656,10.34,9.985,9.259,6.293,11.99,10.64,11.17,10.89,10.52,11.51,8.294,11.2,6.258,7.212
TCGA-DM-A0XF-01,9.573,8.376,3.835,11.14,10.12,10.04,10.99,10.94,9.708,7.514,13.5,9.834,10.95,9.498,9.745,12.32,7.282,11.54,6.087,8.678
TCGA-F4-6855-01,9.236,6.564,3.676,8.356,6.86,9.838,9.984,10.45,7.639,6.314,12.78,10.4,10.95,10.2,10.02,11.28,2.641,11.88,8.705,10.07
TCGA-AA-3496-11,9.43,7.612,7.783,6.662,4.127,9.349,11.16,9.523,7.744,9.875,10.13,10.57,11.1,10.79,10.07,11.5,3.319,11.16,10.31,10.02
TCGA-QG-A5Z2-01,10.27,9.269,8.887,9.064,7.687,10.12,11.6,10.74,9.105,6.6,12.18,10.86,11.08,10.91,11.06,12.34,7.951,11.41,4.311,7.841
TCGA-AA-3489-01,10.29,8.423,8.881,8.965,6.876,10.17,11.4,10.37,8.503,7.108,12.56,10.95,11.23,10.22,9.184,12.36,6.0,11.45,9.496,9.833
TCGA-A6-5662-01,9.33,5.603,0.8998,8.745,6.431,9.733,9.902,10.29,8.415,5.761,11.98,10.84,11.47,10.01,7.455,11.1,1.847,11.21,6.326,8.42
TCGA-DM-A1D6-01,10.26,4.165,0.6459,10.05,7.737,8.979,10.03,10.14,7.969,7.309,12.43,10.46,10.4,10.15,9.516,10.84,6.885,11.59,3.06,7.381
TCGA-AY-A69D-01,10.56,6.442,5.799,9.795,5.827,9.858,10.11,10.83,8.128,5.133,12.89,10.78,10.7,9.968,10.2,11.46,4.385,11.28,5.312,8.173
TCGA-D5-6898-01,9.425,9.008,5.403,9.353,8.076,10.8,10.72,10.22,8.233,6.018,13.9,10.75,11.34,9.781,9.402,12.51,4.308,11.45,8.717,8.904
TCGA-D5-6530-01,10.13,10.54,7.708,9.033,7.557,9.478,12.47,10.61,10.38,5.075,12.81,11.17,11.37,11.1,10.1,13.18,6.653,11.48,7.918,8.587
TCGA-DM-A28A-01,9.715,8.921,5.691,9.727,8.26,8.88,10.17,10.46,9.6,5.376,13.16,9.792,11.19,9.9,10.47,12.81,4.52,11.63,6.622,9.567
TCGA-D5-6532-01,9.074,6.165,3.473,9.838,6.174,9.483,10.21,10.37,7.593,3.826,12.48,11.16,10.97,9.896,10.03,11.42,6.378,11.52,5.357,7.576
TCGA-F4-6703-01,10.61,11.82,9.748,7.981,8.614,9.85,12.02,10.14,9.353,7.509,11.45,11.11,11.15,10.48,9.795,14.02,9.454,11.49,10.82,10.5
TCGA-DM-A1D0-01,9.271,3.321,2.584,9.653,6.094,10.91,8.847,10.76,8.244,2.115,11.58,9.837,10.44,10.08,8.97,10.89,4.368,11.48,4.437,6.633
TCGA-D5-6929-01,9.497,7.927,5.76,8.751,7.611,10.07,10.7,11.14,8.682,5.445,13.26,10.36,11.13,10.02,9.821,11.32,3.017,11.46,8.32,8.831
TCGA-F4-6704-01,10.42,7.978,6.853,8.499,4.728,9.462,10.17,9.817,8.8,8.065,8.18,11.23,11.29,10.21,9.301,12.15,8.893,11.42,8.484,10.01
TCGA-D5-7000-01,10.16,8.6,5.598,8.679,9.05,10.12,11.16,10.13,7.915,6.332,12.47,10.91,10.73,10.56,10.45,12.24,7.536,11.18,7.167,8.894
TCGA-AZ-6601-01,10.11,10.23,8.614,9.486,9.126,9.434,12.33,10.44,9.001,7.153,12.33,10.68,11.08,10.41,9.97,13.2,8.669,11.36,10.18,8.807
TCGA-AZ-4684-01,10.53,7.385,6.708,9.037,8.977,9.069,10.58,10.35,8.767,4.95,12.79,9.926,11.39,9.847,9.012,12.11,6.302,10.85,6.504,8.689
TCGA-G4-6317-02,9.836,3.653,0.6338,9.307,7.374,9.769,9.589,10.52,9.337,3.45,11.47,9.704,11.56,10.21,9.493,10.87,3.939,11.22,5.115,8.183
TCGA-AA-3697-11,11.1,7.386,9.294,8.312,6.627,9.294,11.57,10.04,8.809,7.824,10.72,10.85,11.11,10.58,10.25,11.91,3.761,11.22,8.875,8.654
TCGA-CM-6165-01,9.131,9.033,6.3,9.045,6.502,9.383,10.61,9.87,7.216,6.327,11.65,10.83,10.94,9.952,7.995,12.54,4.933,11.21,7.559,8.995
TCGA-AZ-5403-01,10.09,7.799,3.983,8.663,9.743,10.23,9.967,10.18,8.723,5.821,12.83,10.29,11.31,10.09,9.194,10.91,2.084,11.01,6.971,8.437
TCGA-AY-A8YK-01,10.56,4.358,4.542,10.23,7.406,9.293,10.39,10.82,8.604,2.497,12.73,10.54,11.47,9.856,10.1,10.87,3.076,11.3,6.162,7.468
TCGA-AZ-6603-11,10.64,9.399,4.626,7.739,4.954,9.689,11.98,9.849,8.97,9.906,10.33,10.78,11.02,10.65,9.891,12.9,4.626,11.51,11.67,10.25
TCGA-A6-6653-01,10.91,8.225,5.013,9.162,8.833,8.778,11.71,10.15,7.95,7.173,11.99,10.7,11.3,10.54,10.74,12.21,9.189,11.34,6.222,8.973
TCGA-G4-6586-01,10.45,8.463,8.071,9.615,8.271,9.818,12.2,10.85,9.842,4.065,11.74,10.36,10.89,10.46,10.01,12.34,8.064,11.39,6.324,7.549
TCGA-AA-A01P-01,10.58,12.0,9.969,9.084,9.502,9.444,13.26,10.6,10.58,7.525,11.6,10.68,11.05,10.32,11.0,14.47,7.285,11.11,8.133,10.27
TCGA-AA-3502-01,10.77,7.722,4.952,8.054,6.435,10.11,10.83,11.02,7.99,6.039,12.47,11.06,11.25,10.73,9.765,11.44,6.377,11.09,5.161,6.609
TCGA-AA-3697-01,10.54,7.858,6.149,9.582,9.427,10.07,11.16,10.58,8.584,3.447,13.5,10.93,11.38,9.821,10.21,11.75,5.605,11.21,6.413,7.884
TCGA-AD-6890-01,10.5,8.098,6.388,9.675,8.65,9.837,11.32,10.83,9.035,4.755,12.42,10.61,11.09,9.555,10.12,12.23,3.541,11.9,6.378,8.08
TCGA-AZ-4315-01,10.07,11.63,8.242,9.045,8.625,8.876,10.92,10.34,7.99,4.735,12.28,10.6,10.9,10.78,9.546,12.75,3.788,10.36,8.075,7.99
TCGA-A6-5667-01,9.602,7.636,4.265,10.22,9.378,9.826,10.76,9.775,7.874,6.372,13.82,10.21,11.47,9.752,10.16,11.96,4.297,11.87,6.888,8.907
TCGA-G4-6293-01,11.12,8.769,5.232,7.703,7.706,9.708,11.7,10.32,7.961,3.779,12.15,10.13,11.18,10.46,10.15,12.3,4.94,11.31,5.929,8.757
TCGA-AA-3712-01,9.987,7.986,6.167,9.752,7.148,9.962,11.29,10.19,7.165,6.728,13.27,11.05,10.49,10.1,10.46,12.04,5.487,11.37,7.247,9.106
TCGA-AZ-4616-01,11.28,11.26,9.104,9.301,11.69,9.437,12.02,10.83,10.41,5.438,11.92,9.708,10.96,9.854,9.91,13.19,5.639,11.19,6.511,8.632
TCGA-AA-A02K-01,9.388,4.725,1.579,9.719,6.166,9.823,9.84,10.65,10.55,3.736,12.73,10.47,10.68,5.773,9.083,12.2,6.205,11.07,5.941,7.301
TCGA-G4-6323-01,10.23,6.729,10.42,8.079,7.545,9.899,10.67,10.25,8.573,3.985,11.74,10.65,11.21,10.69,10.56,11.03,6.946,11.44,4.939,8.492
TCGA-F4-6857-01,9.643,8.388,10.65,8.48,8.351,10.5,10.89,11.13,9.377,6.001,11.57,10.73,10.95,9.891,10.22,11.77,4.585,11.96,8.343,10.27
TCGA-DM-A282-01,10.25,6.704,3.377,9.829,8.112,9.561,9.893,10.33,8.816,4.337,11.08,9.638,11.06,9.601,10.32,10.72,3.742,11.38,5.695,8.778
TCGA-DM-A1D8-01,9.474,8.15,2.726,9.858,6.17,9.738,10.39,10.73,8.387,5.786,11.82,10.28,11.02,9.765,9.685,11.23,8.303,11.06,4.552,7.187
TCGA-NH-A5IV-01,9.0,8.178,7.338,9.511,8.142,9.858,9.745,10.7,9.125,5.798,13.11,10.72,10.94,10.78,9.15,11.62,10.24,11.84,9.358,7.76
TCGA-AZ-6601-11,10.35,4.276,8.517,7.784,4.42,9.488,11.14,9.865,8.246,8.347,11.01,10.82,10.93,10.72,10.5,11.27,3.113,11.55,8.181,9.184
TCGA-AD-6901-01,9.926,10.03,5.629,8.114,7.807,10.32,11.53,10.98,10.41,7.152,12.32,10.47,11.05,10.17,10.89,12.52,4.687,11.56,8.988,9.681
TCGA-CK-6748-01,10.35,7.474,3.48,7.519,8.212,9.525,10.68,9.9,8.186,6.282,12.73,10.72,11.24,10.34,10.43,11.52,4.619,11.54,8.322,9.546
TCGA-A6-6141-01,10.05,9.099,8.47,8.629,5.501,9.57,11.54,10.43,8.77,5.07,11.97,10.83,11.11,10.63,10.27,12.61,6.933,11.43,6.866,8.231
TCGA-3L-AA1B-01,9.428,4.708,6.753,8.631,5.639,10.53,10.35,10.48,8.436,6.7,12.11,10.68,11.03,10.22,10.75,11.19,6.639,11.8,7.029,9.237
TCGA-AA-3496-01,9.627,9.139,5.615,9.465,5.798,10.4,11.45,10.16,7.698,5.226,13.34,10.32,11.25,9.842,10.2,12.77,4.354,11.92,8.497,8.91
TCGA-A6-2678-11,9.889,3.326,7.434,7.1,5.439,9.533,10.46,9.552,8.057,7.697,11.16,10.97,11.02,10.69,10.77,10.82,3.842,11.46,10.93,8.642
TCGA-CM-6170-01,10.67,7.806,6.936,8.967,8.558,9.964,11.2,10.6,8.186,5.248,12.76,10.13,11.55,9.999,9.938,11.95,2.246,11.63,7.332,9.204
TCGA-AU-3779-01,10.09,7.976,4.941,9.28,7.199,9.977,11.42,9.813,9.98,5.035,12.48,10.58,11.01,10.05,10.01,12.73,5.518,11.03,7.249,8.639
TCGA-G4-6315-01,10.25,4.653,5.982,10.04,5.343,9.425,10.34,10.24,7.812,3.792,12.1,10.03,10.68,10.06,9.97,11.15,5.343,11.45,4.739,7.169
TCGA-G4-6310-01,9.118,5.448,2.457,8.517,6.907,9.321,10.12,10.04,8.563,9.044,12.03,10.4,11.22,10.51,10.32,11.7,3.612,11.64,4.88,9.385
TCGA-5M-AATA-01,10.47,7.282,3.553,9.602,9.294,10.24,10.68,10.8,9.883,4.946,14.27,10.14,10.82,10.58,9.969,12.55,4.869,11.14,6.877,9.481
TCGA-A6-5659-01,9.306,8.251,5.795,9.548,6.585,9.176,10.02,10.34,7.088,6.164,12.79,11.18,10.81,10.1,10.43,11.5,3.828,11.71,6.318,8.536
TCGA-D5-6537-01,11.08,7.813,4.398,9.937,9.087,9.84,11.41,11.27,8.592,2.143,13.34,10.65,10.85,10.19,10.04,12.35,5.238,11.68,5.188,7.62
TCGA-AA-3663-01,10.57,8.554,5.641,8.859,7.201,9.791,11.01,10.44,8.116,6.492,13.87,10.45,10.89,10.5,9.046,11.34,8.124,10.71,8.257,6.465
TCGA-D5-6529-01,10.88,8.672,8.138,8.212,8.107,9.861,11.65,11.01,9.416,6.575,13.15,10.58,10.77,10.24,10.09,12.69,7.086,11.42,7.841,10.34
TCGA-AA-3514-11,10.49,10.86,7.285,7.966,3.506,9.157,13.14,9.744,9.472,6.311,9.889,11.04,11.05,10.57,10.6,14.33,2.777,11.28,9.551,7.72
TCGA-D5-6927-01,9.942,9.993,8.028,9.189,9.109,10.07,12.03,10.64,9.289,5.646,12.8,11.08,10.95,10.6,10.49,13.0,5.899,11.61,8.893,9.094
TCGA-AA-3520-11,10.26,7.527,9.455,7.825,3.109,9.278,11.62,9.647,8.943,6.51,10.2,11.04,10.89,10.64,10.81,11.86,2.924,11.58,8.986,8.021
TCGA-A6-A565-01,10.54,7.586,9.141,8.679,8.403,10.29,10.83,10.68,8.625,5.893,10.74,10.9,10.93,10.59,10.66,11.91,6.718,11.22,8.278,9.346
TCGA-A6-2675-01,10.1,9.045,6.003,8.847,8.662,10.81,11.33,10.69,9.916,6.394,13.5,10.23,11.51,10.28,9.671,12.5,3.492,11.53,7.774,9.654
TCGA-G4-6306-01,11.22,7.257,6.475,9.703,9.454,10.55,12.03,10.84,8.669,1.638,12.42,10.32,10.77,9.05,10.58,11.67,7.529,11.21,3.128,6.531
TCGA-G4-6320-01,10.35,5.745,7.82,8.934,5.59,9.475,10.2,10.72,8.962,6.141,11.54,10.26,10.97,10.89,9.83,10.4,9.166,11.44,4.547,7.034
TCGA-DM-A28K-01,9.958,6.885,3.046,8.917,6.703,10.14,9.774,10.76,8.643,5.241,11.67,10.08,10.8,11.13,8.794,11.19,10.38,11.01,5.391,7.986
TCGA-A6-2671-11,10.45,5.26,4.963,7.475,4.401,9.247,11.39,9.846,8.885,7.919,11.06,10.75,11.14,10.7,10.44,11.42,3.573,11.54,8.889,8.531
TCGA-AZ-6600-01,10.55,6.974,7.454,8.855,9.084,9.103,10.31,10.28,9.736,6.547,12.16,10.55,11.13,10.34,10.15,11.67,6.493,11.03,8.445,9.166
TCGA-D5-6926-01,9.888,9.992,6.506,9.73,7.787,10.72,10.88,10.47,8.379,6.985,13.33,10.66,11.32,9.686,10.34,12.09,4.821,11.88,8.501,10.24
TCGA-AD-6964-01,10.12,10.23,9.311,8.902,5.085,9.705,12.17,10.59,9.385,6.78,12.67,10.68,11.16,10.37,9.789,13.85,7.58,11.85,10.14,9.33
TCGA-A6-2686-01,10.71,10.11,8.919,8.992,8.924,9.666,11.26,11.19,9.974,6.871,12.54,10.92,11.16,9.388,10.21,12.08,6.174,10.63,10.05,8.392
TCGA-AZ-6608-01,10.01,5.386,2.913,10.11,9.061,9.942,10.48,10.72,8.844,2.832,12.58,10.27,11.57,10.2,10.03,10.46,5.988,11.52,4.364,8.604
TCGA-5M-AATE-01,9.667,4.76,3.946,10.37,7.943,9.913,9.846,11.02,7.856,4.796,13.0,10.42,10.88,10.5,9.377,11.5,2.148,11.5,5.224,8.554
TCGA-CK-5915-01,9.474,4.391,0.0,9.043,6.688,8.875,9.849,9.733,8.189,7.534,13.37,10.74,11.11,10.58,10.52,11.23,3.169,11.51,5.93,7.403
TCGA-D5-6922-01,10.04,9.88,4.498,9.831,7.133,10.63,10.97,10.43,8.776,7.088,12.96,10.88,11.31,9.477,9.962,12.38,5.663,11.81,7.922,9.705
TCGA-G4-6321-01,10.79,5.219,8.362,7.228,8.427,9.115,11.9,9.887,10.05,6.82,9.335,10.5,11.32,10.79,11.92,11.88,7.565,10.84,5.14,6.035
TCGA-A6-A5ZU-01,9.671,7.98,8.083,8.495,8.401,10.85,10.72,10.37,8.573,5.803,10.86,10.09,11.36,10.1,11.14,11.71,4.396,11.44,8.104,9.854
TCGA-F4-6463-01,9.951,8.25,6.304,8.25,6.839,9.613,10.51,10.46,8.047,7.362,11.63,10.24,10.81,10.76,10.35,12.03,4.0,11.61,7.17,9.807
TCGA-AA-3526-01,9.91,10.98,8.654,9.955,7.547,9.807,11.99,10.24,9.699,3.69,13.15,10.3,10.87,9.64,9.622,13.13,9.276,10.94,7.029,8.635
TCGA-AA-3527-11,10.75,7.467,7.701,7.222,3.906,9.186,11.98,9.696,9.055,8.037,10.36,10.93,11.08,10.59,10.69,12.52,4.004,11.24,9.806,8.479
TCGA-F4-6570-01,10.25,9.61,7.376,8.997,8.434,9.786,12.55,10.24,9.272,8.432,11.98,10.76,11.28,10.53,10.31,13.82,9.164,11.89,10.39,9.839
TCGA-G4-6317-01,8.95,4.766,5.232,9.234,6.888,8.526,10.49,10.31,7.723,2.097,12.25,9.739,10.74,9.782,8.991,10.41,5.03,11.54,1.899,6.044
TCGA-SS-A7HO-01,9.106,4.64,2.164,9.676,4.332,9.986,8.702,10.71,7.869,3.279,11.96,10.31,10.88,9.495,10.68,11.62,3.279,11.52,6.824,8.855
TCGA-4T-AA8H-01,10.48,2.922,1.675,8.35,9.517,10.35,9.402,10.64,7.788,4.953,12.22,10.02,10.92,10.12,9.509,10.39,5.622,11.16,4.323,6.818
TCGA-CM-6162-01,10.79,9.822,8.471,8.297,9.92,9.317,11.12,9.557,8.124,7.25,11.46,11.44,11.22,10.92,10.02,13.15,7.304,11.29,9.557,9.904
TCGA-AA-3489-11,10.43,13.27,8.656,7.824,3.868,9.3,13.52,9.673,9.018,8.934,10.25,10.29,10.91,10.68,9.558,14.03,3.811,10.81,10.39,9.205
TCGA-DM-A1D4-01,10.53,7.543,3.586,9.993,6.68,9.939,10.65,10.55,7.765,2.746,11.55,9.891,11.04,9.816,9.051,11.18,1.603,11.13,5.122,5.958
TCGA-QG-A5YV-01,10.12,7.533,5.004,9.595,7.717,9.924,10.39,10.59,9.139,3.272,12.28,10.35,11.21,9.918,10.42,11.48,4.815,11.4,5.482,8.549
TCGA-CA-5796-01,10.35,6.034,2.273,7.258,5.25,9.095,10.54,8.815,7.522,6.785,11.59,10.69,10.24,10.99,10.17,11.13,7.895,10.84,3.218,6.76
TCGA-G4-6626-01,10.39,7.17,5.102,10.59,7.867,9.745,10.79,10.38,7.509,3.952,14.19,10.99,11.1,9.83,9.383,11.57,2.744,11.76,4.676,7.234
TCGA-DC-6156-01,9.472,9.635,5.106,7.832,6.963,9.724,10.61,9.724,8.847,6.957,12.07,10.29,11.15,10.59,10.86,12.73,4.147,11.29,9.544,10.75
TCGA-DC-6160-01,9.766,8.138,5.613,9.142,5.597,9.288,10.45,9.827,7.269,6.234,12.69,10.22,10.22,10.5,10.16,12.3,5.431,11.43,6.331,8.658
TCGA-EI-6512-01,10.99,7.89,4.781,10.01,7.992,9.564,11.28,10.47,8.601,4.803,11.57,10.81,11.05,9.953,10.64,11.86,6.829,11.75,6.242,8.866
TCGA-DC-5869-01,9.489,8.345,5.504,9.374,9.231,9.117,10.34,9.97,7.788,5.216,13.6,9.894,11.02,9.621,9.127,11.76,3.202,10.83,6.306,8.091
TCGA-EI-6507-01,10.39,8.546,8.779,8.952,9.116,9.493,10.39,10.18,7.775,8.169,12.16,10.71,11.12,10.85,11.06,12.07,8.495,11.75,9.629,9.576
TCGA-AF-3911-01,10.48,8.517,5.361,10.18,9.842,10.42,10.61,10.5,8.047,5.992,13.38,10.09,11.28,9.288,9.837,11.74,5.214,11.25,7.131,8.47
TCGA-EI-7004-01,10.61,6.993,6.608,8.972,6.196,9.602,10.62,9.652,8.357,8.561,9.874,11.25,11.26,10.42,10.19,11.88,6.529,11.81,8.893,10.72
TCGA-G5-6572-01,9.226,5.093,0.4894,7.976,6.45,9.42,9.571,9.46,8.175,5.466,12.76,10.97,10.97,9.899,10.57,11.28,2.819,11.63,6.829,8.923
TCGA-EF-5830-01,9.869,7.592,3.261,9.472,7.086,9.464,10.8,9.578,8.417,6.561,12.11,10.29,11.47,9.741,9.107,11.74,6.854,10.96,7.204,7.969
TCGA-F5-6812-01,10.08,9.691,8.662,8.79,7.169,9.613,11.63,10.58,8.825,8.503,11.12,10.05,11.25,10.37,9.954,13.21,5.156,11.37,7.664,9.663
TCGA-CI-6624-01,9.581,8.154,7.053,8.193,7.023,9.783,10.82,9.862,8.292,6.415,12.3,10.74,10.72,10.41,10.31,11.96,2.364,11.33,7.555,9.33
TCGA-AG-3902-01,10.6,9.856,7.563,9.889,9.057,10.26,12.21,10.86,9.555,4.604,14.59,11.05,11.24,9.887,10.31,13.3,7.937,11.27,8.874,8.925
TCGA-EF-5831-01,10.25,8.344,5.51,9.588,5.925,9.123,10.25,10.39,8.614,5.969,11.92,9.637,10.7,10.7,6.625,12.21,2.261,11.02,7.662,8.846
TCGA-AG-3731-01,10.9,11.36,8.568,9.386,7.266,9.54,11.13,9.911,9.067,6.698,12.98,11.33,11.02,10.11,10.38,12.98,6.247,11.59,8.069,9.563
TCGA-AF-A56L-01,9.918,8.278,5.885,10.17,8.752,10.76,10.44,11.18,9.75,4.91,13.58,10.37,11.2,9.733,10.31,12.02,3.709,11.58,6.425,8.741
TCGA-DT-5265-01,10.33,5.726,2.331,9.09,9.505,9.547,10.46,10.91,10.55,8.276,10.72,9.968,10.33,10.04,10.96,12.05,6.25,11.3,8.333,9.668
TCGA-F5-6465-01,9.773,8.752,8.42,8.484,6.842,10.07,11.04,10.07,8.359,7.055,13.27,10.93,11.07,10.28,10.43,12.06,3.923,11.65,8.252,9.777
TCGA-AH-6547-01,11.0,8.457,9.402,8.194,8.22,10.03,11.38,10.11,8.684,6.712,11.89,10.92,11.0,10.61,10.45,12.33,4.47,11.27,9.08,9.146
TCGA-F5-6811-01,9.196,9.941,6.062,8.649,8.21,9.632,11.02,9.688,9.119,7.533,12.3,10.05,11.17,10.37,9.963,12.82,4.529,11.22,7.325,9.735
TCGA-F5-6571-01,9.351,8.286,5.733,7.946,6.82,10.11,10.87,10.12,8.444,6.629,12.56,10.19,11.46,10.34,10.56,12.13,5.418,11.54,8.079,9.277
TCGA-AH-6903-01,9.87,4.716,5.3,8.725,8.372,9.241,9.831,9.457,7.879,4.165,12.95,10.89,10.79,11.3,10.48,11.35,5.828,11.02,5.648,8.395
TCGA-DC-6682-01,9.409,8.803,6.576,8.787,4.911,9.166,10.93,9.684,7.221,5.655,13.33,10.82,10.64,10.71,10.12,12.54,7.145,11.8,6.015,8.396
TCGA-AF-6672-01,10.37,4.478,7.1,7.786,6.957,10.61,9.684,10.66,8.306,4.583,11.95,10.6,10.68,9.515,9.536,10.94,6.898,11.46,5.066,7.76
TCGA-EI-7002-01,9.563,7.371,4.869,9.293,4.652,9.494,10.58,9.825,8.775,6.344,12.62,10.13,11.27,10.15,10.74,11.52,3.309,11.59,7.515,8.983
TCGA-BM-6198-01,11.11,11.54,9.164,9.484,7.17,9.077,11.25,11.21,9.224,5.484,11.57,9.958,10.6,10.13,9.561,12.64,2.244,10.68,7.705,8.813
TCGA-F5-6864-01,9.926,9.027,6.562,9.235,5.414,10.56,11.36,10.08,7.792,7.745,12.4,10.75,11.0,9.78,9.682,11.8,3.488,11.84,8.251,10.08
TCGA-EI-6881-01,10.59,5.959,3.807,9.375,8.087,9.95,10.97,10.4,7.647,3.032,12.04,10.38,10.98,10.43,9.772,11.8,4.959,11.04,5.123,7.73
TCGA-DC-5337-01,10.01,10.27,8.048,10.02,7.355,8.701,11.7,10.19,7.966,2.951,12.48,9.588,10.64,10.21,8.827,11.75,2.951,10.67,5.537,7.673
TCGA-G5-6235-01,9.465,6.428,6.916,9.188,8.157,10.01,10.64,9.642,8.863,3.337,12.45,10.56,10.59,10.2,10.77,12.08,5.554,11.2,3.63,7.292
TCGA-G5-6572-02,10.61,7.118,4.345,6.054,6.971,9.437,10.46,9.58,9.26,7.577,11.83,10.49,10.87,10.03,10.85,11.67,3.261,11.23,8.05,8.573
TCGA-DC-6681-01,9.844,7.175,2.25,9.122,5.977,9.15,9.557,9.774,7.9,7.552,13.52,10.72,11.09,10.04,10.04,10.91,4.867,11.29,6.939,8.962
TCGA-EI-6511-01,10.05,9.64,7.305,9.686,7.067,10.01,12.31,9.711,8.613,4.716,12.38,10.63,11.51,9.767,9.704,13.18,5.266,11.14,8.818,8.879
TCGA-F5-6464-01,10.36,10.41,6.425,8.134,9.423,9.622,11.45,9.69,9.188,8.895,11.75,10.89,11.29,10.64,11.23,13.0,3.125,11.24,9.318,10.5
TCGA-EI-6509-01,10.18,4.552,1.248,8.634,5.796,10.67,10.16,10.09,7.603,5.417,11.8,10.28,10.6,10.16,10.82,11.44,5.386,11.52,6.336,10.13
TCGA-AH-6897-01,10.28,6.281,3.913,9.594,7.879,9.248,10.56,10.12,8.045,3.968,12.75,10.32,11.46,9.854,9.876,11.83,2.508,11.87,5.104,7.015
TCGA-EI-6508-01,9.692,6.659,3.959,9.888,7.173,9.56,9.793,10.1,7.295,4.623,12.82,10.75,11.16,9.878,10.25,10.89,2.095,11.7,5.965,8.101
TCGA-AH-6544-01,9.778,3.846,6.749,9.632,7.553,9.604,10.43,10.39,8.229,3.747,12.11,10.57,10.43,9.517,9.484,11.37,6.386,11.33,1.761,6.528
TCGA-DY-A1H8-01,10.79,5.443,4.18,10.14,9.638,9.965,10.21,11.01,8.397,4.369,11.81,8.799,10.69,10.22,10.78,10.41,5.378,11.52,4.685,8.646
TCGA-AF-2693-01,10.93,7.584,6.466,9.459,8.254,9.186,10.93,10.54,8.345,5.795,12.93,10.14,11.0,9.99,10.13,11.88,3.85,11.45,6.948,8.156
TCGA-AF-5654-11,9.208,4.284,7.442,7.857,3.757,9.168,10.42,9.799,8.3,6.228,10.28,10.42,10.7,10.71,10.07,11.44,2.195,11.23,7.491,7.757
TCGA-CI-6622-01,10.21,5.649,3.864,9.167,10.08,9.205,10.97,10.11,8.168,4.297,12.57,10.73,11.29,9.874,10.17,11.06,4.416,11.12,5.306,8.397
TCGA-EI-6882-01,10.1,8.022,4.542,8.581,7.716,9.523,11.22,9.712,8.34,4.577,11.69,10.83,10.75,11.29,9.755,12.47,7.72,10.89,7.105,8.215
TCGA-AH-6643-11,9.886,6.849,11.36,7.7,4.732,9.53,11.0,9.787,8.173,9.029,10.84,10.79,10.81,10.63,10.69,11.42,4.462,11.42,8.19,9.55
TCGA-DY-A1DC-01,10.83,7.669,6.084,9.765,10.56,9.713,10.45,10.37,8.493,4.478,12.82,10.09,11.31,9.856,9.553,11.67,1.797,11.43,5.997,8.113
TCGA-EI-6884-01,9.496,7.815,5.367,8.954,6.556,10.37,10.91,10.47,8.578,5.919,12.39,10.65,11.16,9.909,9.814,11.96,3.105,11.34,7.759,8.832
TCGA-AF-5654-01,11.05,8.204,4.951,8.841,9.619,8.947,11.12,10.34,6.596,3.571,13.45,9.569,10.66,10.27,9.44,12.23,3.697,11.03,4.79,7.438
TCGA-AG-3725-11,9.386,8.403,8.947,7.308,3.29,9.211,10.6,9.483,7.896,7.455,10.2,9.916,10.44,10.4,9.22,11.09,3.29,10.53,10.52,8.104
TCGA-AG-4021-01,10.0,7.389,3.311,8.946,7.157,8.857,9.643,10.61,8.903,6.964,11.59,9.669,11.18,10.57,10.05,11.57,7.93,11.47,8.764,9.785
TCGA-CL-5917-01,8.993,3.851,0.5824,9.13,10.08,10.54,9.677,9.784,7.668,5.259,13.23,10.61,10.8,9.846,10.65,11.88,4.547,11.44,5.367,9.058
TCGA-AF-6136-01,9.404,5.749,6.505,9.425,5.996,10.08,9.636,9.982,6.38,5.982,11.39,10.34,10.55,9.586,10.07,11.28,5.25,11.22,6.182,8.666
TCGA-AG-3742-01,9.276,6.701,3.492,9.53,7.478,8.966,10.91,10.27,7.827,4.491,12.82,10.02,11.16,9.947,9.481,12.13,4.582,10.97,6.949,8.697
TCGA-DC-6155-01,10.28,6.563,4.239,11.59,8.777,9.056,9.414,12.96,9.886,5.254,9.712,7.657,10.84,9.16,8.013,9.871,5.878,11.53,4.13,6.477
TCGA-F5-6814-01,9.583,10.15,6.603,9.695,8.79,9.552,11.74,10.64,8.835,6.199,12.21,10.1,11.09,10.69,9.943,13.01,8.962,11.92,8.259,9.783
TCGA-F5-6702-01,9.89,8.788,5.948,8.85,9.586,9.883,10.11,9.887,9.594,8.31,11.3,10.18,11.28,10.65,10.12,12.31,5.837,11.42,8.605,11.09
TCGA-CI-6623-01,9.487,6.141,3.579,9.033,8.535,9.824,10.39,10.13,7.371,5.45,12.66,10.72,11.07,10.16,9.459,11.6,2.808,11.32,5.462,7.888
TCGA-AF-A56N-01,10.51,6.404,3.42,9.95,8.606,9.772,10.49,10.54,8.111,5.507,12.89,10.39,10.99,9.889,10.88,11.22,5.225,11.18,5.937,8.913
TCGA-G5-6641-01,10.1,3.603,4.025,8.198,8.347,9.869,9.748,10.34,7.905,4.862,12.1,10.39,11.11,10.54,9.927,10.91,7.257,11.22,2.847,8.065
TCGA-AF-2690-01,10.01,10.34,8.869,9.147,8.264,10.89,11.09,10.09,10.04,7.766,13.23,10.43,11.28,10.37,10.29,13.36,4.353,11.48,10.7,9.43
TCGA-F5-6861-01,9.332,7.882,4.616,9.623,8.037,9.458,10.66,10.32,8.448,5.148,12.57,10.34,10.88,10.49,9.649,11.6,4.079,11.49,6.134,8.893
TCGA-AH-6549-01,11.28,7.366,4.163,9.279,9.07,9.304,11.35,10.9,8.041,4.954,12.46,10.29,10.96,10.37,9.937,12.29,4.712,11.17,8.469,9.452
TCGA-EI-6510-01,9.802,6.297,5.448,9.232,6.501,9.459,10.8,9.891,8.353,5.583,12.09,10.7,11.04,10.65,10.03,11.43,5.633,11.54,3.994,6.963
TCGA-AF-6655-01,10.24,8.887,4.695,10.38,7.985,10.19,10.77,10.03,9.506,6.274,13.28,10.67,11.05,9.868,10.12,12.02,6.119,11.38,6.453,9.269
TCGA-AH-6644-01,9.589,7.812,7.318,8.806,8.046,10.01,10.65,9.801,9.009,6.274,11.97,10.93,11.24,10.27,10.03,12.37,6.505,11.38,7.479,9.95
TCGA-DY-A1DG-01,9.929,7.727,1.305,10.28,6.855,9.739,10.75,10.8,8.913,1.788,11.95,10.06,11.17,10.42,9.444,11.34,4.497,11.85,2.562,6.645
TCGA-DC-6158-01,9.805,10.17,6.928,9.192,8.135,10.38,11.24,10.24,9.312,6.769,12.76,10.56,12.06,9.872,10.11,13.55,3.998,11.25,7.697,10.11
TCGA-CL-4957-01,10.08,4.874,3.28,10.16,6.337,9.311,10.35,10.5,7.224,4.909,12.21,10.73,10.58,9.524,10.11,11.52,3.615,11.64,5.547,7.821
TCGA-CL-5918-01,10.29,6.908,3.118,10.49,8.454,10.01,10.86,10.59,8.148,3.647,12.64,10.1,10.72,9.858,9.817,11.28,4.215,11.38,4.033,7.221
TCGA-CI-6621-01,10.37,9.058,5.804,9.799,8.024,9.135,11.58,10.53,6.738,5.498,13.03,10.22,10.99,10.03,9.912,12.65,3.333,11.61,7.315,9.058
TCGA-AG-3742-11,9.145,7.201,8.215,6.941,4.191,9.079,10.15,9.057,7.342,9.57,10.4,10.29,10.72,10.95,9.65,11.77,4.462,11.19,9.912,9.788
TCGA-DC-4749-01,10.48,7.736,4.711,10.06,7.865,9.54,11.04,10.98,9.343,4.042,12.16,9.865,11.36,9.721,9.818,11.22,4.687,11.21,3.742,7.499
TCGA-DC-6683-01,9.958,6.856,6.967,9.296,8.526,9.736,10.55,10.06,8.207,6.008,12.65,10.49,10.94,10.31,10.23,11.63,5.231,11.55,6.943,8.955
TCGA-DC-4745-01,9.418,7.828,4.267,10.38,5.859,8.97,10.18,9.77,8.165,4.98,13.24,10.25,10.94,9.538,9.701,11.22,3.685,10.84,6.806,7.307
TCGA-CI-6619-01,10.57,8.971,5.709,9.168,8.052,10.56,11.44,10.75,8.241,5.519,12.29,10.38,10.67,10.07,9.785,12.25,4.135,11.57,6.684,9.119
TCGA-DY-A1DE-01,9.139,9.031,6.609,9.895,7.873,10.53,11.11,10.12,10.87,5.915,11.96,9.927,11.25,9.799,9.994,13.48,3.973,11.01,6.503,8.008
TCGA-EI-6885-01,9.67,9.189,8.785,9.32,7.971,11.12,10.84,10.73,8.746,5.601,14.91,10.83,11.12,9.729,9.937,12.29,2.151,11.76,7.269,9.689
TCGA-G5-6233-01,10.47,6.8,3.52,9.557,9.065,10.13,10.38,10.51,11.05,6.484,12.57,10.21,10.77,10.22,10.23,12.48,8.258,10.85,6.637,8.555
TCGA-AG-3732-11,8.735,5.768,7.602,6.324,1.691,9.417,10.03,8.893,7.2,10.34,9.863,10.63,10.81,11.06,10.28,11.75,5.218,11.52,9.07,10.76
TCGA-AG-3731-11,10.09,5.279,9.208,7.466,4.677,9.589,10.48,9.406,8.217,8.555,11.18,10.74,10.92,10.64,10.19,11.29,3.832,11.37,9.753,9.27
TCGA-DC-6157-01,10.11,8.357,6.044,9.296,8.473,9.863,10.71,10.34,8.641,5.087,13.36,10.62,11.32,10.22,10.12,11.89,4.977,11.08,5.108,8.314
TCGA-DY-A1DF-01,9.53,6.663,1.158,9.21,8.173,10.45,10.4,10.96,9.066,7.175,10.35,9.257,10.75,10.08,10.1,10.65,8.024,11.22,5.337,8.157
TCGA-F5-6813-01,10.48,9.151,8.114,9.593,6.267,9.265,11.4,9.848,7.601,6.562,11.69,10.02,11.49,10.17,9.574,12.43,4.766,11.65,7.177,8.748
TCGA-AF-4110-01,10.56,8.402,6.755,8.843,7.265,9.653,11.59,10.06,8.186,5.879,11.86,10.42,11.33,10.06,10.26,12.22,4.789,11.4,7.653,8.685
TCGA-EI-6514-01,9.239,6.192,4.815,8.362,5.536,9.665,10.8,10.21,8.296,7.23,11.99,10.79,11.44,10.42,10.33,11.57,5.194,11.89,7.618,8.502
TCGA-EI-6513-01,10.27,8.142,6.681,10.2,8.536,9.895,10.48,10.55,8.339,3.75,12.78,9.945,11.25,9.929,7.008,12.8,6.443,11.95,5.948,9.407
TCGA-AF-2689-11,10.23,6.654,10.29,8.036,6.295,9.231,10.72,9.703,8.861,9.167,10.42,10.94,10.99,10.73,10.7,11.6,3.892,11.77,8.406,9.596
TCGA-AF-2687-01,9.402,10.9,8.767,9.272,8.74,9.862,11.2,10.07,8.312,7.655,12.05,10.2,11.17,10.36,10.02,13.64,5.312,11.43,10.28,10.33
TCGA-DY-A1DD-01,9.362,6.26,3.587,10.42,10.48,11.0,10.22,11.12,8.494,6.572,12.19,9.591,11.3,9.576,9.825,10.37,5.25,11.66,4.81,8.095
TCGA-F5-6863-01,9.557,4.871,1.314,9.589,6.866,10.48,10.09,10.42,9.063,7.569,11.08,9.727,11.15,9.931,11.05,11.49,3.954,11.67,3.883,9.544
TCGA-F5-6810-01,10.1,9.053,1.989,9.733,8.159,9.495,10.57,10.35,9.339,7.725,11.7,10.54,11.2,10.21,10.38,12.03,2.716,11.56,6.798,9.759
TCGA-AG-3591-01,9.494,6.691,3.206,8.433,7.09,10.15,10.39,9.943,8.043,2.942,12.49,10.42,10.9,9.269,8.753,11.25,6.648,10.81,7.149,7.398
TCGA-EI-6917-01,9.656,11.3,7.665,9.37,8.824,9.768,12.41,10.18,8.578,5.964,12.48,11.3,11.0,10.67,9.933,13.56,6.376,11.7,9.967,9.88
TCGA-AF-2691-11,11.18,5.77,9.585,8.112,8.906,8.922,11.81,9.793,8.028,8.533,10.77,10.99,11.29,10.85,11.01,11.31,2.779,11.65,8.448,9.309
TCGA-EI-6883-01,8.736,9.349,6.309,9.747,6.338,10.45,12.44,9.994,9.304,4.816,13.25,10.47,11.3,9.546,9.616,12.12,5.851,11.62,5.861,7.609
TCGA-AG-4022-01,9.818,9.513,7.846,8.275,8.703,10.16,11.31,9.961,8.026,6.56,12.37,10.55,10.89,10.24,10.6,12.24,5.456,11.23,7.752,8.764
TCGA-AG-3732-01,10.48,7.871,9.447,8.896,5.744,10.6,10.61,9.319,8.363,6.943,12.75,10.47,10.93,10.33,10.72,12.36,4.358,11.47,5.98,8.527
TCGA-CI-6620-01,9.731,4.66,5.3,9.41,8.66,9.631,9.472,10.3,6.749,5.475,12.61,9.911,11.06,10.11,10.05,11.29,4.747,11.69,5.803,9.019
TCGA-AG-3725-01,10.88,7.532,4.672,8.497,8.522,9.994,11.46,9.882,8.04,4.26,12.04,9.799,11.31,9.507,9.868,11.83,4.26,11.03,5.317,8.429
TCGA-AH-6643-01,9.141,7.114,4.806,8.631,7.431,9.947,10.35,10.1,7.446,6.546,11.75,10.13,10.71,10.46,9.396,11.67,7.344,11.52,5.541,10.12
TCGA-DY-A0XA-01,9.769,5.282,6.235,10.39,6.215,10.43,9.82,10.39,8.958,3.77,13.53,10.16,10.7,9.659,10.47,10.74,5.702,11.33,6.027,8.304
TCGA-AF-3400-11,9.886,4.399,6.173,8.488,3.399,9.04,10.63,10.1,8.378,5.646,11.01,10.88,10.99,10.72,10.4,10.81,2.86,11.53,7.256,7.329
TCGA-EI-6506-01,10.76,7.348,4.753,9.321,7.568,9.757,11.14,10.52,9.097,4.348,12.45,10.97,11.2,9.973,10.57,11.9,4.128,11.58,6.966,8.265
TCGA-AF-2692-11,10.63,6.446,7.593,8.028,9.404,9.253,10.63,9.384,7.642,9.614,11.64,10.88,11.19,10.96,10.1,11.45,4.933,11.43,8.811,10.18
TCGA-AF-A56K-01,10.87,7.978,6.452,9.632,9.598,10.09,10.64,10.46,8.239,5.992,14.38,10.57,10.95,10.03,10.51,11.83,3.989,11.63,6.607,9.488
TCGA-DC-6154-01,9.16,5.06,2.394,8.835,8.203,9.933,9.924,10.53,7.973,4.532,12.99,10.11,11.58,9.387,10.64,10.78,4.138,11.76,7.074,9.168
TCGA-AG-3592-01,10.48,8.587,4.883,10.41,7.038,9.965,10.95,10.63,8.165,5.681,12.92,10.76,11.39,9.967,9.761,11.71,2.456,11.36,7.253,8.267
